ordering,reply_mode,pinned,rows
chronological,hidden,False,235152
chronological,hidden,True,235152
chronological,loose,False,235152
chronological,loose,True,235152
chronological,trees,False,235152
chronological,trees,True,235152
neural_metadata_audience,hidden,False,235152
neural_metadata_audience,hidden,True,235152
neural_metadata_audience,loose,False,235152
neural_metadata_audience,loose,True,235152
neural_metadata_audience,trees,False,235152
neural_metadata_audience,trees,True,235152
neural_metadata_editor,hidden,False,235152
neural_metadata_editor,hidden,True,235152
neural_metadata_editor,loose,False,235152
neural_metadata_editor,loose,True,235152
neural_metadata_editor,trees,False,235152
neural_metadata_editor,trees,True,235152
neural_metadata_text_audience,hidden,False,235152
neural_metadata_text_audience,hidden,True,235152
neural_metadata_text_audience,loose,False,235152
neural_metadata_text_audience,loose,True,235152
neural_metadata_text_audience,trees,False,235152
neural_metadata_text_audience,trees,True,235152
neural_metadata_text_editor,hidden,False,235152
neural_metadata_text_editor,hidden,True,235152
neural_metadata_text_editor,loose,False,235152
neural_metadata_text_editor,loose,True,235152
neural_metadata_text_editor,trees,False,235152
neural_metadata_text_editor,trees,True,235152
random,hidden,False,235152
random,hidden,True,235152
random,loose,False,235152
random,loose,True,235152
random,trees,False,235152
random,trees,True,235152
regression_audience,hidden,False,235152
regression_audience,hidden,True,235152
regression_audience,loose,False,235152
regression_audience,loose,True,235152
regression_audience,trees,False,235152
regression_audience,trees,True,235152
regression_editor,hidden,False,235152
regression_editor,hidden,True,235152
regression_editor,loose,False,235152
regression_editor,loose,True,235152
regression_editor,trees,False,235152
regression_editor,trees,True,235152
relative_votes,hidden,False,235152
relative_votes,hidden,True,235152
relative_votes,loose,False,235152
relative_votes,loose,True,235152
relative_votes,trees,False,235152
relative_votes,trees,True,235152
reverse_chronological,hidden,False,235152
reverse_chronological,hidden,True,235152
reverse_chronological,loose,False,235152
reverse_chronological,loose,True,235152
reverse_chronological,trees,False,235152
reverse_chronological,trees,True,235152
upvotes,hidden,False,235152
upvotes,hidden,True,235152
upvotes,loose,False,235152
upvotes,loose,True,235152
upvotes,trees,False,235152
upvotes,trees,True,235152
xgb_metadata_audience,hidden,False,235152
xgb_metadata_audience,hidden,True,235152
xgb_metadata_audience,loose,False,235152
xgb_metadata_audience,loose,True,235152
xgb_metadata_audience,trees,False,235152
xgb_metadata_audience,trees,True,235152
xgb_metadata_editor,hidden,False,235152
xgb_metadata_editor,hidden,True,235152
xgb_metadata_editor,loose,False,235152
xgb_metadata_editor,loose,True,235152
xgb_metadata_editor,trees,False,235152
xgb_metadata_editor,trees,True,235152
xgb_metadata_text_audience,hidden,False,235152
xgb_metadata_text_audience,hidden,True,235152
xgb_metadata_text_audience,loose,False,235152
xgb_metadata_text_audience,loose,True,235152
xgb_metadata_text_audience,trees,False,235152
xgb_metadata_text_audience,trees,True,235152
xgb_metadata_text_editor,hidden,False,235152
xgb_metadata_text_editor,hidden,True,235152
xgb_metadata_text_editor,loose,False,235152
xgb_metadata_text_editor,loose,True,235152
xgb_metadata_text_editor,trees,False,235152
xgb_metadata_text_editor,trees,True,235152
