Topic,n_fit_documents
0,28126
1,1559
2,1374
3,447
4,349
5,270
6,261
7,261
8,230
9,201
10,182
11,148
12,141
13,137
14,117
15,104
16,89
17,88
18,86
19,84
20,75
21,72
22,72
23,71
24,70
25,68
26,68
27,66
28,64
29,61
30,61
31,61
32,61
33,60
34,59
35,59
36,59
37,58
38,58
39,58
40,57
41,54
42,53
43,51
44,51
45,50
46,50
47,50
48,49
49,48
50,47
51,47
52,46
53,46
54,45
55,44
56,44
57,44
58,44
59,43
60,43
61,43
62,43
63,42
64,42
65,42
66,42
67,42
68,42
69,41
70,41
71,41
72,41
73,41
74,41
75,40
76,40
77,40
78,39
79,39
80,39
81,38
82,37
83,37
84,37
85,37
86,37
87,37
88,36
89,36
90,36
91,36
92,36
93,35
94,35
95,35
96,35
97,35
98,34
99,34
100,34
101,34
102,33
103,33
104,33
105,33
106,33
107,33
108,33
109,32
110,32
111,32
112,32
113,32
114,32
115,32
116,32
117,32
118,31
119,31
120,31
121,31
122,30
123,30
124,30
125,30
126,30
127,30
128,30
129,30
130,30
131,30
132,29
133,29
134,29
135,29
136,29
137,29
138,29
139,29
140,29
141,29
142,29
143,29
144,29
145,29
146,28
147,28
148,28
149,28
150,28
151,28
152,28
153,28
154,28
155,28
156,28
157,28
158,27
159,27
160,27
161,27
162,27
163,27
164,27
165,26
166,26
167,26
168,26
169,26
170,26
171,26
172,26
173,26
174,25
175,25
176,25
177,25
178,25
179,25
180,25
181,25
182,25
183,25
184,25
185,25
186,25
187,25
188,24
189,24
190,24
191,24
192,24
193,24
194,24
195,24
196,24
197,24
198,24
199,24
200,23
201,23
202,23
203,23
204,23
205,23
206,23
207,23
208,23
209,23
210,23
211,23
212,23
213,23
214,23
215,23
216,23
217,23
218,23
219,22
220,22
221,22
222,22
223,22
224,22
225,22
226,22
227,22
228,22
229,22
230,22
231,22
232,22
233,22
234,22
235,22
236,21
237,21
238,21
239,21
240,21
241,21
242,21
243,21
244,21
245,21
246,21
247,21
248,21
249,21
250,21
251,20
252,20
253,20
254,20
255,20
256,20
257,20
258,20
259,20
260,20
261,20
262,20
263,20
264,20
265,20
266,20
267,20
268,20
269,20
270,20
271,20
272,20
273,20
274,20
275,19
276,19
277,19
278,19
279,19
280,19
281,19
282,19
283,19
284,19
285,19
286,19
287,19
288,19
289,19
290,19
291,19
292,19
293,19
294,19
295,19
296,19
297,19
298,19
299,19
300,19
301,19
302,19
303,19
304,19
305,18
306,18
307,18
308,18
309,18
310,18
311,18
312,18
313,18
314,18
315,18
316,18
317,18
318,18
319,18
320,18
321,18
322,18
323,18
324,18
325,18
326,18
327,18
328,18
329,18
330,17
331,17
332,17
333,17
334,17
335,17
336,17
337,17
338,17
339,17
340,17
341,17
342,17
343,17
344,17
345,17
346,17
347,17
348,17
349,17
350,17
351,17
352,17
353,17
354,17
355,16
356,16
357,16
358,16
359,16
360,16
361,16
362,16
363,16
364,16
365,16
366,16
367,16
368,16
369,16
370,16
371,16
372,16
373,16
374,16
375,16
376,16
377,16
378,16
379,16
380,16
381,16
382,16
383,16
384,16
385,16
386,16
387,16
388,16
389,16
390,16
391,15
392,15
393,15
394,15
395,15
396,15
397,15
398,15
399,15
400,15
401,15
402,15
403,15
404,15
405,15
406,15
407,15
408,15
409,15
410,15
411,15
412,15
413,15
414,15
415,15
416,15
417,15
418,15
419,15
420,15
421,15
422,15
423,15
424,15
425,15
426,15
427,15
428,15
429,15
430,15
431,15
432,15
433,15
434,15
435,15
436,15
437,15
438,15
