ordering,reply_mode,pinned,js_distance,alignment_gain,attention_model,js_distance_primary,alignment_gain_primary,change_in_js_distance,change_in_alignment_gain
chronological,hidden,False,0.44692210194209214,0.02407859000336551,power_law,0.4486060949793476,0.022394596966110045,-0.0016839930372554712,0.0016839930372554643
chronological,hidden,True,0.4457835894517711,0.025217102493686548,power_law,0.44506792276807866,0.02593276917737898,0.0007156666836924397,-0.0007156666836924327
chronological,loose,False,0.46904858689637596,0.0020949552739779093,power_law,0.46968894001991185,0.0014546021504420544,-0.0006403531235358861,0.0006403531235358549
chronological,loose,True,0.4665527129920118,0.004447978953445911,power_law,0.46537758874716284,0.00562310319829484,0.0011751242448489463,-0.001175124244848929
chronological,trees,False,0.4723278423060295,-0.0011843001356756202,power_law,0.47201275040568974,-0.0008692082353358273,0.0003150919003397368,-0.00031509190033979283
chronological,trees,True,0.4688799841514972,0.0021207077939605678,power_law,0.4656978252299926,0.005302866715465075,0.0031821589215045853,-0.0031821589215045073
neural_metadata_audience,hidden,False,0.4418821278229665,0.02911856412249124,power_law,0.4409819565412923,0.030018735404165386,0.0009001712816741891,-0.0009001712816741475
neural_metadata_audience,hidden,True,0.44247929009041664,0.028521401855041095,power_law,0.44310429049778866,0.027896401447669097,-0.0006250004073720117,0.0006250004073719978
neural_metadata_audience,loose,False,0.4614578535973792,0.009685688572974754,power_law,0.46393987347327004,0.007203668697083819,-0.002482019875890862,0.0024820198758909347
neural_metadata_audience,loose,True,0.46054536991287714,0.010455322032580526,power_law,0.46371382112656245,0.007286870818895313,-0.0031684512136853082,0.0031684512136852137
neural_metadata_audience,trees,False,0.4692978649687483,0.0018456772016055896,power_law,0.4687067230451017,0.0024368191252521934,0.0005911419236466209,-0.0005911419236466038
neural_metadata_audience,trees,True,0.46637914761478183,0.004621544330675893,power_law,0.4644145322959581,0.006586159649499608,0.001964615318823748,-0.001964615318823715
neural_metadata_editor,hidden,False,0.4408893211455647,0.030111370799892977,power_law,0.4400026617409526,0.0309980302045051,0.0008866594046121334,-0.000886659404612123
neural_metadata_editor,hidden,True,0.4417202655825777,0.029280426362879974,power_law,0.4429041142225572,0.028096577722900463,-0.0011838486399795012,0.0011838486399795116
neural_metadata_editor,loose,False,0.4597260230237164,0.011417519146637531,power_law,0.46313319100933725,0.008010351161016645,-0.0034071679856208514,0.003407167985620886
neural_metadata_editor,loose,True,0.45906315053448643,0.01193754141097131,power_law,0.46351021887393096,0.007490473071526746,-0.0044470683394445265,0.004447068339444564
neural_metadata_editor,trees,False,0.46837682171063333,0.0027667204597206195,power_law,0.46840581525487995,0.0027377269154738935,-2.8993544246624925e-05,2.8993544246725973e-05
neural_metadata_editor,trees,True,0.46554368727399875,0.005457004671458932,power_law,0.4644494742594114,0.0065512176860463385,0.0010942130145873419,-0.001094213014587406
neural_metadata_text_audience,hidden,False,0.44289522595168135,0.02810546599377634,power_law,0.4430113435982623,0.02798934834719544,-0.0001161176465809266,0.00011611764658089885
neural_metadata_text_audience,hidden,True,0.4431087631654688,0.027891928779988882,power_law,0.44355682947718167,0.027443862468276015,-0.00044806631171284694,0.00044806631171286776
neural_metadata_text_audience,loose,False,0.4622597778102476,0.008883764360106293,power_law,0.4652694990314943,0.0058740431388596085,-0.0030097212212467084,0.003009721221246684
neural_metadata_text_audience,loose,True,0.4610660210129571,0.00993467093250061,power_law,0.46398600365690096,0.007014688288556793,-0.002919982643943886,0.0029199826439438165
neural_metadata_text_audience,trees,False,0.4699019330066002,0.0012416091637536964,power_law,0.46938703629673056,0.0017565058736233013,0.00051489670986965,-0.0005148967098696049
neural_metadata_text_audience,trees,True,0.46677931361436126,0.004221378331096487,power_law,0.46475927524211214,0.0062414167033455585,0.002020038372249122,-0.002020038372249072
neural_metadata_text_editor,hidden,False,0.44153928395499564,0.029461407990462037,power_law,0.4416926212627528,0.029308070682704895,-0.00015333730775718424,0.0001533373077571426
neural_metadata_text_editor,hidden,True,0.4421066021388554,0.02889408980660231,power_law,0.4432296854950882,0.02777100645036954,-0.0011230833562327902,0.0011230833562327694
neural_metadata_text_editor,loose,False,0.46006994163569387,0.011073600534660052,power_law,0.4643051564119848,0.006838385758369092,-0.004235214776290908,0.00423521477629096
neural_metadata_text_editor,loose,True,0.45923570709678374,0.011764984848673988,power_law,0.46363678732784486,0.007363904617612842,-0.004401080231061116,0.004401080231061146
neural_metadata_text_editor,trees,False,0.468700401093764,0.002443141076589907,power_law,0.46816749850379824,0.002976043666555647,0.0005329025899657447,-0.0005329025899657399
neural_metadata_text_editor,trees,True,0.4657769179794682,0.005223773965989495,power_law,0.46427178175574474,0.006728910189712938,0.0015051362237234467,-0.0015051362237234432
random,hidden,False,0.44662182722417815,0.024378864721279543,power_law,0.4477027700095437,0.023297921935913953,-0.0010809427853655795,0.00108094278536559
random,hidden,True,0.4457355213019415,0.025265170643516216,power_law,0.4449639772792601,0.026036714666197606,0.0007715440226813697,-0.0007715440226813905
random,loose,False,0.4712511327342078,-0.00010759056385396648,power_law,0.47151029737606975,-0.0003667552057158652,-0.0002591646418619309,0.00025916464186189874
random,loose,True,0.46788038547218547,0.003120306473272213,power_law,0.4657998085643951,0.0052008833810625625,0.0020805769077903435,-0.0020805769077903496
random,trees,False,0.4707120485199462,0.00043149365040767924,power_law,0.4703717233549041,0.0007718188154497955,0.0003403251650420658,-0.0003403251650421163
random,trees,True,0.4676774785874571,0.0033232133580005595,power_law,0.46535008544015916,0.005650606505298525,0.0023273931472979625,-0.0023273931472979656
regression_audience,hidden,False,0.44197638302683084,0.02902430891862687,power_law,0.4422740171942925,0.028726674751165148,-0.0002976341674616467,0.00029763416746172305
regression_audience,hidden,True,0.44249236089449656,0.028508331050961178,power_law,0.443575820035187,0.02742487191027078,-0.0010834591406904126,0.0010834591406903987
regression_audience,loose,False,0.4611890120331276,0.009954530137226237,power_law,0.4646501027279744,0.006493439442379488,-0.003461090694846791,0.0034610906948467487
regression_audience,loose,True,0.4602407565057888,0.010759935439668907,power_law,0.46394742848100595,0.007053263464451688,-0.0037066719752171795,0.0037066719752172194
regression_audience,trees,False,0.46923585285174485,0.0019076893186090545,power_law,0.468560421226518,0.0025831209438359004,0.0006754316252268744,-0.000675431625226846
regression_audience,trees,True,0.4664303911409048,0.004570300804552918,power_law,0.46469645925163,0.006304232693827708,0.0017339318892747868,-0.0017339318892747903
regression_editor,hidden,False,0.43994199106688187,0.03105870087857582,power_law,0.4393353613552462,0.03166533059021148,0.0006066297116356645,-0.000606629711635661
regression_editor,hidden,True,0.44104054321376673,0.029960148731690943,power_law,0.4429784610664418,0.028022230879015876,-0.001937917852675053,0.0019379178526750668
regression_editor,loose,False,0.4592877063266354,0.01185583584371845,power_law,0.462812442572717,0.008331099597636855,-0.0035247362460815723,0.003524736246081595
regression_editor,loose,True,0.458765549522127,0.012235142423330682,power_law,0.46356027169811015,0.007440420247347571,-0.004794722175983146,0.004794722175983111
regression_editor,trees,False,0.46763245312337043,0.003511089046983423,power_law,0.46734501163003944,0.003798530540314461,0.00028744149333098656,-0.00028744149333103817
regression_editor,trees,True,0.4649901684678011,0.006010523477656542,power_law,0.4642373031422042,0.006763388803253506,0.0007528653255969298,-0.0007528653255969636
relative_votes,hidden,False,0.44492956110584436,0.026071130839613314,power_law,0.4448637416304995,0.026136950314958177,6.581947534484156e-05,-6.581947534486238e-05
relative_votes,hidden,True,0.4448998664098365,0.026100825535621208,power_law,0.44472611025795794,0.02627458168749974,0.00017375615187853466,-0.0001737561518785312
relative_votes,loose,False,0.4659298876075512,0.0052136545628027105,power_law,0.46715440973408046,0.003989132436273427,-0.0012245221265292372,0.0012245221265292832
relative_votes,loose,True,0.4642137392489549,0.006786952696502741,power_law,0.4651987679557899,0.005801923989667753,-0.0009850287068349783,0.0009850287068349879
relative_votes,trees,False,0.4716728345798047,-0.0005292924094508254,power_law,0.47087669101875845,0.0002668511515953712,0.0007961435610462364,-0.0007961435610461965
relative_votes,trees,True,0.4683177853011689,0.0026829066442888108,power_law,0.4656494514151301,0.005351240530327607,0.0026683338860388206,-0.002668333886038796
reverse_chronological,hidden,False,0.4467281302121093,0.02427256173334839,power_law,0.4470147571149919,0.023985934830465832,-0.00028662690288261405,0.00028662690288255854
reverse_chronological,hidden,True,0.44570903297926373,0.02529165896619398,power_law,0.44440011364089765,0.026600578304560057,0.0013089193383660769,-0.0013089193383660769
reverse_chronological,loose,False,0.4727955090451263,-0.0016519668747724322,power_law,0.47273468727420453,-0.0015911451038506373,6.0821770921759555e-05,-6.08217709217949e-05
reverse_chronological,loose,True,0.46871628919365654,0.002284402751801164,power_law,0.4658528755610491,0.0051478163844086095,0.0028634136326074477,-0.0028634136326074456
reverse_chronological,trees,False,0.46863248930607465,0.0025110528642792412,power_law,0.46865716172599853,0.0024863804443553228,-2.467241992387681e-05,2.4672419923918443e-05
reverse_chronological,trees,True,0.4661329041381795,0.004867787807278203,power_law,0.4650354413820823,0.005965250563375358,0.0010974627560971784,-0.001097462756097155
upvotes,hidden,False,0.44497987938344447,0.0260208125620132,power_law,0.4452035718037746,0.0257971201416831,-0.00022369242033015713,0.00022369242033010162
upvotes,hidden,True,0.444957269340426,0.026043422605031757,power_law,0.4449013220439667,0.02609936990149099,5.594729645930219e-05,-5.59472964592328e-05
upvotes,loose,False,0.4655894936810591,0.005554048489294781,power_law,0.4672292806470209,0.0039142615233329755,-0.001639786965961787,0.0016397869659618052
upvotes,loose,True,0.4639027120492535,0.0070979798962042765,power_law,0.4652240007045772,0.005776691240880465,-0.0013212886553237158,0.0013212886553238112
upvotes,trees,False,0.47201860927263084,-0.0008750671022770023,power_law,0.4709951422751908,0.00014839989516304274,0.0010234669974400479,-0.001023466997440045
upvotes,trees,True,0.4687439129563859,0.0022567789890717963,power_law,0.46570363023871886,0.005297061706738859,0.003040282717667042,-0.0030402827176670626
xgb_metadata_audience,hidden,False,0.441553273646101,0.02944741829935669,power_law,0.44068357151206766,0.030317120433390035,0.0008697021340333122,-0.0008697021340333434
xgb_metadata_audience,hidden,True,0.44227593557594397,0.02872475636951367,power_law,0.4429226282417714,0.028078063703686266,-0.000646692665827453,0.0006466926658274044
xgb_metadata_audience,loose,False,0.46082116636631987,0.010322375804034055,power_law,0.46396031169867047,0.007183230471683378,-0.0031391453323506013,0.003139145332350677
xgb_metadata_audience,loose,True,0.4599702843680836,0.011030407577374121,power_law,0.46368635147603315,0.0073143404694245105,-0.0037160671079495278,0.003716067107949611
xgb_metadata_audience,trees,False,0.4689528585756679,0.002190683594686036,power_law,0.46850324953924816,0.0026402926311057374,0.00044960903641971806,-0.0004496090364197016
xgb_metadata_audience,trees,True,0.46611991027696886,0.004880781668488801,power_law,0.46443577444952405,0.006564917495933661,0.0016841358274448104,-0.0016841358274448607
xgb_metadata_editor,hidden,False,0.440957273310799,0.030043418634658748,power_law,0.4400444131052643,0.0309562788401934,0.0009128602055346602,-0.0009128602055346532
xgb_metadata_editor,hidden,True,0.441806130460871,0.029194561484586705,power_law,0.4427567327725156,0.028243959172942115,-0.0009506023116445661,0.0009506023116445904
xgb_metadata_editor,loose,False,0.46029499985368943,0.01084854231666443,power_law,0.4635868942014411,0.007556647968912769,-0.0032918943477516782,0.003291894347751661
xgb_metadata_editor,loose,True,0.4595328398939016,0.011467852051556057,power_law,0.4635900228264564,0.007410669119001336,-0.004057182932554804,0.004057182932554721
xgb_metadata_editor,trees,False,0.46856454787967117,0.0025789942906826986,power_law,0.46826717763688125,0.002876364533472601,0.0002973702427899183,-0.00029737024278990226
xgb_metadata_editor,trees,True,0.4657744245086719,0.005226267436785746,power_law,0.46430514623988484,0.006695545705572824,0.0014692782687870665,-0.0014692782687870777
xgb_metadata_text_audience,hidden,False,0.4417029395547646,0.029297752390693065,power_law,0.4414958101895165,0.029504881755941202,0.00020712936524808212,-0.00020712936524813763
xgb_metadata_text_audience,hidden,True,0.4422834274421943,0.02871726450326345,power_law,0.44309211487531197,0.02790857707014575,-0.000808687433117683,0.0008086874331177003
xgb_metadata_text_audience,loose,False,0.4608516168742817,0.010291925296072112,power_law,0.4644294310983718,0.006714111071982053,-0.0035778142240900923,0.0035778142240900585
xgb_metadata_text_audience,loose,True,0.4599181739625173,0.011082517982940408,power_law,0.4637354715452129,0.007265220400244799,-0.0038172975826956113,0.0038172975826956087
xgb_metadata_text_audience,trees,False,0.4691904526963464,0.0019530894740075412,power_law,0.4690071583846354,0.0021363837857185084,0.00018329431171099086,-0.00018329431171096723
xgb_metadata_text_audience,trees,True,0.4661995076742207,0.004801184271237063,power_law,0.46445937875183535,0.0065413131936223725,0.0017401289223853422,-0.0017401289223853093
xgb_metadata_text_editor,hidden,False,0.4414904641701617,0.029510227775296032,power_law,0.4412045161773818,0.02979617576807585,0.00028594799277986693,-0.00028594799277981836
xgb_metadata_text_editor,hidden,True,0.4421275252322466,0.028873166713211128,power_law,0.44308698810975694,0.02791370383570074,-0.0009594628775103642,0.0009594628775103885
xgb_metadata_text_editor,loose,False,0.460689453494333,0.010454088676020871,power_law,0.46424757312830794,0.006895969042045926,-0.0035581196339749543,0.0035581196339749457
xgb_metadata_text_editor,loose,True,0.4597864665796207,0.011214225365836996,power_law,0.46371478719263215,0.007285904752825546,-0.00392832061301146,0.00392832061301145
xgb_metadata_text_editor,trees,False,0.4690469521958204,0.0020965899745334525,power_law,0.46891141018960975,0.0022321319807441153,0.00013554200621063162,-0.00013554200621066284
xgb_metadata_text_editor,trees,True,0.4661017099034955,0.004898982041962224,power_law,0.4644466271722449,0.006554064773212833,0.00165508273125059,-0.001655082731250609
chronological,hidden,False,0.4486060949793476,0.022394596966110045,spline,0.4486060949793476,0.022394596966110045,0.0,0.0
chronological,hidden,True,0.44506792276807866,0.02593276917737898,spline,0.44506792276807866,0.02593276917737898,0.0,0.0
chronological,loose,False,0.46968894001991185,0.0014546021504420544,spline,0.46968894001991185,0.0014546021504420544,0.0,0.0
chronological,loose,True,0.46537758874716284,0.00562310319829484,spline,0.46537758874716284,0.00562310319829484,0.0,0.0
chronological,trees,False,0.47201275040568974,-0.0008692082353358273,spline,0.47201275040568974,-0.0008692082353358273,0.0,0.0
chronological,trees,True,0.4656978252299926,0.005302866715465075,spline,0.4656978252299926,0.005302866715465075,0.0,0.0
neural_metadata_audience,hidden,False,0.4409819565412923,0.030018735404165386,spline,0.4409819565412923,0.030018735404165386,0.0,0.0
neural_metadata_audience,hidden,True,0.44310429049778866,0.027896401447669097,spline,0.44310429049778866,0.027896401447669097,0.0,0.0
neural_metadata_audience,loose,False,0.46393987347327004,0.007203668697083819,spline,0.46393987347327004,0.007203668697083819,0.0,0.0
neural_metadata_audience,loose,True,0.46371382112656245,0.007286870818895313,spline,0.46371382112656245,0.007286870818895313,0.0,0.0
neural_metadata_audience,trees,False,0.4687067230451017,0.0024368191252521934,spline,0.4687067230451017,0.0024368191252521934,0.0,0.0
neural_metadata_audience,trees,True,0.4644145322959581,0.006586159649499608,spline,0.4644145322959581,0.006586159649499608,0.0,0.0
neural_metadata_editor,hidden,False,0.4400026617409526,0.0309980302045051,spline,0.4400026617409526,0.0309980302045051,0.0,0.0
neural_metadata_editor,hidden,True,0.4429041142225572,0.028096577722900463,spline,0.4429041142225572,0.028096577722900463,0.0,0.0
neural_metadata_editor,loose,False,0.46313319100933725,0.008010351161016645,spline,0.46313319100933725,0.008010351161016645,0.0,0.0
neural_metadata_editor,loose,True,0.46351021887393096,0.007490473071526746,spline,0.46351021887393096,0.007490473071526746,0.0,0.0
neural_metadata_editor,trees,False,0.46840581525487995,0.0027377269154738935,spline,0.46840581525487995,0.0027377269154738935,0.0,0.0
neural_metadata_editor,trees,True,0.4644494742594114,0.0065512176860463385,spline,0.4644494742594114,0.0065512176860463385,0.0,0.0
neural_metadata_text_audience,hidden,False,0.4430113435982623,0.02798934834719544,spline,0.4430113435982623,0.02798934834719544,0.0,0.0
neural_metadata_text_audience,hidden,True,0.44355682947718167,0.027443862468276015,spline,0.44355682947718167,0.027443862468276015,0.0,0.0
neural_metadata_text_audience,loose,False,0.4652694990314943,0.0058740431388596085,spline,0.4652694990314943,0.0058740431388596085,0.0,0.0
neural_metadata_text_audience,loose,True,0.46398600365690096,0.007014688288556793,spline,0.46398600365690096,0.007014688288556793,0.0,0.0
neural_metadata_text_audience,trees,False,0.46938703629673056,0.0017565058736233013,spline,0.46938703629673056,0.0017565058736233013,0.0,0.0
neural_metadata_text_audience,trees,True,0.46475927524211214,0.0062414167033455585,spline,0.46475927524211214,0.0062414167033455585,0.0,0.0
neural_metadata_text_editor,hidden,False,0.4416926212627528,0.029308070682704895,spline,0.4416926212627528,0.029308070682704895,0.0,0.0
neural_metadata_text_editor,hidden,True,0.4432296854950882,0.02777100645036954,spline,0.4432296854950882,0.02777100645036954,0.0,0.0
neural_metadata_text_editor,loose,False,0.4643051564119848,0.006838385758369092,spline,0.4643051564119848,0.006838385758369092,0.0,0.0
neural_metadata_text_editor,loose,True,0.46363678732784486,0.007363904617612842,spline,0.46363678732784486,0.007363904617612842,0.0,0.0
neural_metadata_text_editor,trees,False,0.46816749850379824,0.002976043666555647,spline,0.46816749850379824,0.002976043666555647,0.0,0.0
neural_metadata_text_editor,trees,True,0.46427178175574474,0.006728910189712938,spline,0.46427178175574474,0.006728910189712938,0.0,0.0
random,hidden,False,0.4477027700095437,0.023297921935913953,spline,0.4477027700095437,0.023297921935913953,0.0,0.0
random,hidden,True,0.4449639772792601,0.026036714666197606,spline,0.4449639772792601,0.026036714666197606,0.0,0.0
random,loose,False,0.47151029737606975,-0.0003667552057158652,spline,0.47151029737606975,-0.0003667552057158652,0.0,0.0
random,loose,True,0.4657998085643951,0.0052008833810625625,spline,0.4657998085643951,0.0052008833810625625,0.0,0.0
random,trees,False,0.4703717233549041,0.0007718188154497955,spline,0.4703717233549041,0.0007718188154497955,0.0,0.0
random,trees,True,0.46535008544015916,0.005650606505298525,spline,0.46535008544015916,0.005650606505298525,0.0,0.0
regression_audience,hidden,False,0.4422740171942925,0.028726674751165148,spline,0.4422740171942925,0.028726674751165148,0.0,0.0
regression_audience,hidden,True,0.443575820035187,0.02742487191027078,spline,0.443575820035187,0.02742487191027078,0.0,0.0
regression_audience,loose,False,0.4646501027279744,0.006493439442379488,spline,0.4646501027279744,0.006493439442379488,0.0,0.0
regression_audience,loose,True,0.46394742848100595,0.007053263464451688,spline,0.46394742848100595,0.007053263464451688,0.0,0.0
regression_audience,trees,False,0.468560421226518,0.0025831209438359004,spline,0.468560421226518,0.0025831209438359004,0.0,0.0
regression_audience,trees,True,0.46469645925163,0.006304232693827708,spline,0.46469645925163,0.006304232693827708,0.0,0.0
regression_editor,hidden,False,0.4393353613552462,0.03166533059021148,spline,0.4393353613552462,0.03166533059021148,0.0,0.0
regression_editor,hidden,True,0.4429784610664418,0.028022230879015876,spline,0.4429784610664418,0.028022230879015876,0.0,0.0
regression_editor,loose,False,0.462812442572717,0.008331099597636855,spline,0.462812442572717,0.008331099597636855,0.0,0.0
regression_editor,loose,True,0.46356027169811015,0.007440420247347571,spline,0.46356027169811015,0.007440420247347571,0.0,0.0
regression_editor,trees,False,0.46734501163003944,0.003798530540314461,spline,0.46734501163003944,0.003798530540314461,0.0,0.0
regression_editor,trees,True,0.4642373031422042,0.006763388803253506,spline,0.4642373031422042,0.006763388803253506,0.0,0.0
relative_votes,hidden,False,0.4448637416304995,0.026136950314958177,spline,0.4448637416304995,0.026136950314958177,0.0,0.0
relative_votes,hidden,True,0.44472611025795794,0.02627458168749974,spline,0.44472611025795794,0.02627458168749974,0.0,0.0
relative_votes,loose,False,0.46715440973408046,0.003989132436273427,spline,0.46715440973408046,0.003989132436273427,0.0,0.0
relative_votes,loose,True,0.4651987679557899,0.005801923989667753,spline,0.4651987679557899,0.005801923989667753,0.0,0.0
relative_votes,trees,False,0.47087669101875845,0.0002668511515953712,spline,0.47087669101875845,0.0002668511515953712,0.0,0.0
relative_votes,trees,True,0.4656494514151301,0.005351240530327607,spline,0.4656494514151301,0.005351240530327607,0.0,0.0
reverse_chronological,hidden,False,0.4470147571149919,0.023985934830465832,spline,0.4470147571149919,0.023985934830465832,0.0,0.0
reverse_chronological,hidden,True,0.44440011364089765,0.026600578304560057,spline,0.44440011364089765,0.026600578304560057,0.0,0.0
reverse_chronological,loose,False,0.47273468727420453,-0.0015911451038506373,spline,0.47273468727420453,-0.0015911451038506373,0.0,0.0
reverse_chronological,loose,True,0.4658528755610491,0.0051478163844086095,spline,0.4658528755610491,0.0051478163844086095,0.0,0.0
reverse_chronological,trees,False,0.46865716172599853,0.0024863804443553228,spline,0.46865716172599853,0.0024863804443553228,0.0,0.0
reverse_chronological,trees,True,0.4650354413820823,0.005965250563375358,spline,0.4650354413820823,0.005965250563375358,0.0,0.0
upvotes,hidden,False,0.4452035718037746,0.0257971201416831,spline,0.4452035718037746,0.0257971201416831,0.0,0.0
upvotes,hidden,True,0.4449013220439667,0.02609936990149099,spline,0.4449013220439667,0.02609936990149099,0.0,0.0
upvotes,loose,False,0.4672292806470209,0.0039142615233329755,spline,0.4672292806470209,0.0039142615233329755,0.0,0.0
upvotes,loose,True,0.4652240007045772,0.005776691240880465,spline,0.4652240007045772,0.005776691240880465,0.0,0.0
upvotes,trees,False,0.4709951422751908,0.00014839989516304274,spline,0.4709951422751908,0.00014839989516304274,0.0,0.0
upvotes,trees,True,0.46570363023871886,0.005297061706738859,spline,0.46570363023871886,0.005297061706738859,0.0,0.0
xgb_metadata_audience,hidden,False,0.44068357151206766,0.030317120433390035,spline,0.44068357151206766,0.030317120433390035,0.0,0.0
xgb_metadata_audience,hidden,True,0.4429226282417714,0.028078063703686266,spline,0.4429226282417714,0.028078063703686266,0.0,0.0
xgb_metadata_audience,loose,False,0.46396031169867047,0.007183230471683378,spline,0.46396031169867047,0.007183230471683378,0.0,0.0
xgb_metadata_audience,loose,True,0.46368635147603315,0.0073143404694245105,spline,0.46368635147603315,0.0073143404694245105,0.0,0.0
xgb_metadata_audience,trees,False,0.46850324953924816,0.0026402926311057374,spline,0.46850324953924816,0.0026402926311057374,0.0,0.0
xgb_metadata_audience,trees,True,0.46443577444952405,0.006564917495933661,spline,0.46443577444952405,0.006564917495933661,0.0,0.0
xgb_metadata_editor,hidden,False,0.4400444131052643,0.0309562788401934,spline,0.4400444131052643,0.0309562788401934,0.0,0.0
xgb_metadata_editor,hidden,True,0.4427567327725156,0.028243959172942115,spline,0.4427567327725156,0.028243959172942115,0.0,0.0
xgb_metadata_editor,loose,False,0.4635868942014411,0.007556647968912769,spline,0.4635868942014411,0.007556647968912769,0.0,0.0
xgb_metadata_editor,loose,True,0.4635900228264564,0.007410669119001336,spline,0.4635900228264564,0.007410669119001336,0.0,0.0
xgb_metadata_editor,trees,False,0.46826717763688125,0.002876364533472601,spline,0.46826717763688125,0.002876364533472601,0.0,0.0
xgb_metadata_editor,trees,True,0.46430514623988484,0.006695545705572824,spline,0.46430514623988484,0.006695545705572824,0.0,0.0
xgb_metadata_text_audience,hidden,False,0.4414958101895165,0.029504881755941202,spline,0.4414958101895165,0.029504881755941202,0.0,0.0
xgb_metadata_text_audience,hidden,True,0.44309211487531197,0.02790857707014575,spline,0.44309211487531197,0.02790857707014575,0.0,0.0
xgb_metadata_text_audience,loose,False,0.4644294310983718,0.006714111071982053,spline,0.4644294310983718,0.006714111071982053,0.0,0.0
xgb_metadata_text_audience,loose,True,0.4637354715452129,0.007265220400244799,spline,0.4637354715452129,0.007265220400244799,0.0,0.0
xgb_metadata_text_audience,trees,False,0.4690071583846354,0.0021363837857185084,spline,0.4690071583846354,0.0021363837857185084,0.0,0.0
xgb_metadata_text_audience,trees,True,0.46445937875183535,0.0065413131936223725,spline,0.46445937875183535,0.0065413131936223725,0.0,0.0
xgb_metadata_text_editor,hidden,False,0.4412045161773818,0.02979617576807585,spline,0.4412045161773818,0.02979617576807585,0.0,0.0
xgb_metadata_text_editor,hidden,True,0.44308698810975694,0.02791370383570074,spline,0.44308698810975694,0.02791370383570074,0.0,0.0
xgb_metadata_text_editor,loose,False,0.46424757312830794,0.006895969042045926,spline,0.46424757312830794,0.006895969042045926,0.0,0.0
xgb_metadata_text_editor,loose,True,0.46371478719263215,0.007285904752825546,spline,0.46371478719263215,0.007285904752825546,0.0,0.0
xgb_metadata_text_editor,trees,False,0.46891141018960975,0.0022321319807441153,spline,0.46891141018960975,0.0022321319807441153,0.0,0.0
xgb_metadata_text_editor,trees,True,0.4644466271722449,0.006554064773212833,spline,0.4644466271722449,0.006554064773212833,0.0,0.0
