series,family,contrast,label,mean,lower,upper,n
article,ordering_vs_random,chronological,Chronological,-0.00043957471314470055,-0.0015466867839309803,0.000681377406516005,2531
article,ordering_vs_random,reverse_chronological,Rev. chron.,0.0007642291723460826,-0.00029451398271912373,0.001831959545807233,2531
article,ordering_vs_random,relative_votes,Relative votes,0.001859131540070057,0.0007403093701907177,0.003025014233463701,2531
article,ordering_vs_random,upvotes,Upvotes,0.0016254382693589218,0.0004843671160180854,0.0027684087099004596,2531
article,ordering_vs_random,regression_audience,Reg: Audience,0.005117849655111332,0.003786741561533377,0.006358201851305751,2531
article,ordering_vs_random,regression_editor,Reg: Editor,0.007679441555689269,0.006314062283378301,0.00908604098155379,2531
article,ordering_vs_random,xgb_metadata_audience,XGB: Audience,0.006175509128444414,0.004879679735660256,0.007430932256348337,2531
article,ordering_vs_random,xgb_metadata_editor,XGB: Editor,0.00678351787666963,0.005439711242967763,0.008138726958866731,2531
article,ordering_vs_random,xgb_metadata_text_audience,XGB-T: Audience,0.005396672361403702,0.004078291778919331,0.006660609890969892,2531
article,ordering_vs_random,xgb_metadata_text_editor,XGB-T: Editor,0.005622432834868156,0.004287564421945198,0.006910141497152322,2531
article,ordering_vs_random,neural_metadata_audience,NN: Audience,0.006268120095850063,0.004910963120222567,0.00762898618680789,2531
article,ordering_vs_random,neural_metadata_editor,NN: Editor,0.007486017979904057,0.0060665321305828435,0.008895357473639967,2531
article,ordering_vs_random,neural_metadata_text_audience,NN-T: Audience,0.004402906420296919,0.0031769190869539517,0.00569909340732416,2531
article,ordering_vs_random,neural_metadata_text_editor,NN-T: Editor,0.005888620288937738,0.004530084233802319,0.007293538339041614,2531
article,reply_vs_loose,trees,Reply trees,-0.003597187655948949,-0.0042579578371507495,-0.002980516821915574,2531
article,reply_vs_loose,hidden,Replies hidden,0.028549842834112635,0.02519430915590512,0.03177329704722474,2530
article,pinned_vs_unpinned,pinned,Pinned Picks,0.002701407136932333,0.0010742539289148162,0.0043111957158808835,2530
article_minus_votes,ordering_vs_random,chronological,Chronological,-0.0016972368319942567,-0.0030183381365134075,-0.00030518906258212,2531
article_minus_votes,ordering_vs_random,reverse_chronological,Rev. chron.,0.0011744184800193975,-0.00012293714735497928,0.002495021388513652,2531
article_minus_votes,ordering_vs_random,relative_votes,Relative votes,-0.00179800240487496,-0.0031281946817533807,-0.0004869309304043429,2531
article_minus_votes,ordering_vs_random,upvotes,Upvotes,-0.0020336541230990585,-0.003373295810453177,-0.0007652980712068647,2531
article_minus_votes,ordering_vs_random,regression_audience,Reg: Audience,0.003958596578343536,0.002437937493461095,0.005372708832057698,2531
article_minus_votes,ordering_vs_random,regression_editor,Reg: Editor,0.007587090734370206,0.005961345065450227,0.009213772135448942,2531
article_minus_votes,ordering_vs_random,xgb_metadata_audience,XGB: Audience,0.005255058982320765,0.0037258978082507703,0.006696830980354457,2531
article_minus_votes,ordering_vs_random,xgb_metadata_editor,XGB: Editor,0.006361048078262736,0.004714358372789255,0.007901802578355635,2531
article_minus_votes,ordering_vs_random,xgb_metadata_text_audience,XGB-T: Audience,0.004242697584322928,0.002726210887936673,0.005696263823421664,2531
article_minus_votes,ordering_vs_random,xgb_metadata_text_editor,XGB-T: Editor,0.004548643894118864,0.0029941043759196704,0.006036519423764883,2531
article_minus_votes,ordering_vs_random,neural_metadata_audience,NN: Audience,0.0053711127252175596,0.003766457831181893,0.007008925975940463,2531
article_minus_votes,ordering_vs_random,neural_metadata_editor,NN: Editor,0.007512598688060551,0.00580844444883063,0.009214045953939598,2531
article_minus_votes,ordering_vs_random,neural_metadata_text_audience,NN-T: Audience,0.00349747906929664,0.002034996171312713,0.005088818581476573,2531
article_minus_votes,ordering_vs_random,neural_metadata_text_editor,NN-T: Editor,0.005627613057210916,0.00398098182796265,0.007343234052365574,2531
article_minus_votes,reply_vs_loose,trees,Reply trees,-0.0028409064998015524,-0.003606119650139918,-0.0020766710616290747,2531
article_minus_votes,reply_vs_loose,hidden,Replies hidden,0.04737861681846495,0.04294065948490431,0.051801407738713466,2530
article_minus_votes,pinned_vs_unpinned,pinned,Pinned Picks,0.0015070915750422468,-0.00041572425471282144,0.003349208298058704,2530
