policy_id,ordering,reply_mode,pinned,n_stories,cosine_gain_article,cosine_gain_relative_votes,js_gain_article,js_gain_relative_votes
chronological__hidden__pinned,chronological,hidden,True,2530,0.037115846398792,-0.014241173812996796,0.026299669345626768,-0.10506084759473948
chronological__hidden__unpinned,chronological,hidden,False,2530,0.030564478816766653,-0.015665219928010937,0.02276149713435783,-0.10888133284225274
chronological__loose__pinned,chronological,loose,True,2530,0.010663522918567382,0.0028273392551230263,0.005990003366542624,-0.00826061207943492
chronological__loose__unpinned,chronological,loose,False,2531,0.0033535244318693125,0.0019136530256920977,0.0018213573561579345,0.005569992985975
chronological__trees__pinned,chronological,trees,True,2530,0.010183248073606615,0.002810353856181658,0.005669766883712858,-0.008822264848179997
chronological__trees__unpinned,chronological,trees,False,2531,-0.0009539715185161576,0.001039490082063387,-0.0005024530296199467,0.001719403316536065
neural_metadata_audience__hidden__pinned,neural_metadata_audience,hidden,True,2530,0.04075800923812247,-0.015360169361112772,0.02826330161591688,-0.10559138677315506
neural_metadata_audience__hidden__unpinned,neural_metadata_audience,hidden,False,2530,0.044171192252923173,-0.017334638899269405,0.030385635572413174,-0.1083146367240227
neural_metadata_audience__loose__pinned,neural_metadata_audience,loose,True,2530,0.013959011828311812,0.0027671581039645874,0.0076537709871430945,-0.007958063810528078
neural_metadata_audience__loose__unpinned,neural_metadata_audience,loose,False,2531,0.013910653386111988,0.0024453614610604334,0.007570423902799701,0.010382256473888891
neural_metadata_audience__trees__pinned,neural_metadata_audience,trees,True,2530,0.012788423352654494,0.002632473763352435,0.00695305981774739,-0.008577689631683035
neural_metadata_audience__trees__unpinned,neural_metadata_audience,trees,False,2531,0.005594674317746054,0.0013632740746480946,0.002803574330968074,0.005376547330501126
neural_metadata_editor__hidden__pinned,neural_metadata_editor,hidden,True,2530,0.041472278075494584,-0.01622034671219725,0.02846347789114825,-0.10669163825809777
neural_metadata_editor__hidden__unpinned,neural_metadata_editor,hidden,False,2530,0.04645690833635835,-0.02079672174422792,0.03136493037275288,-0.11121480059441921
neural_metadata_editor__loose__pinned,neural_metadata_editor,loose,True,2530,0.0145585966427615,0.0025944483163286864,0.007857373239774531,-0.008647095271224845
neural_metadata_editor__loose__unpinned,neural_metadata_editor,loose,False,2531,0.015969896264686173,0.0017425674127067546,0.008377106366732525,0.007979148789217136
neural_metadata_editor__trees__pinned,neural_metadata_editor,trees,True,2530,0.013025824342696366,0.002531390144510335,0.006918117854294122,-0.00926042730061061
neural_metadata_editor__trees__unpinned,neural_metadata_editor,trees,False,2531,0.007007364008210925,0.0010994748493482077,0.0031044821211897713,0.0035916950178610917
neural_metadata_text_audience__hidden__pinned,neural_metadata_text_audience,hidden,True,2530,0.0397119377107395,-0.015633713442978394,0.027810762636523798,-0.10579277732793745
neural_metadata_text_audience__hidden__unpinned,neural_metadata_text_audience,hidden,False,2530,0.03992785212287379,-0.01716227484532399,0.02835624851544323,-0.1073816839090656
neural_metadata_text_audience__loose__pinned,neural_metadata_text_audience,loose,True,2530,0.013110568053962154,0.0028114659759055126,0.0073815884568045765,-0.007944668245263511
neural_metadata_text_audience__loose__unpinned,neural_metadata_text_audience,loose,False,2531,0.011337205404056762,0.0023582861634332992,0.0062407983445754885,0.010502010431599137
neural_metadata_text_audience__trees__pinned,neural_metadata_text_audience,trees,True,2530,0.01196421309899864,0.002578316324213062,0.006608316871593345,-0.008999431135719504
neural_metadata_text_audience__trees__unpinned,neural_metadata_text_audience,trees,False,2531,0.003936155214541606,0.0014718750778397456,0.002123261079339184,0.0038578281913837493
neural_metadata_text_editor__hidden__pinned,neural_metadata_text_editor,hidden,True,2530,0.04013447647703396,-0.01572945642111392,0.028137906618617328,-0.10631084060027529
neural_metadata_text_editor__hidden__unpinned,neural_metadata_text_editor,hidden,False,2530,0.042083170516789135,-0.01878006088272203,0.02967497085095268,-0.10964671048973022
neural_metadata_text_editor__loose__pinned,neural_metadata_text_editor,loose,True,2530,0.013917545525031558,0.0025768813876284537,0.0077308047858606265,-0.008517386353893115
neural_metadata_text_editor__loose__unpinned,neural_metadata_text_editor,loose,False,2531,0.013253881232184263,0.0016898620606602165,0.0072051409640849695,0.008724455381601298
neural_metadata_text_editor__trees__pinned,neural_metadata_text_editor,trees,True,2530,0.013032164172011716,0.002257957581453725,0.007095810357960721,-0.009134895653301405
neural_metadata_text_editor__trees__unpinned,neural_metadata_text_editor,trees,False,2531,0.006482736192941159,0.0005040003139681607,0.003342798872271529,0.002675319917114681
random__hidden__pinned,random,hidden,True,2530,0.037384266882982485,-0.015312872986084221,0.026403614834445383,-0.1062914535081723
random__hidden__unpinned,random,hidden,False,2530,0.03285356934968693,-0.01876672045362662,0.02366482210416173,-0.11178193282880733
random__loose__pinned,random,loose,True,2530,0.01018718545940602,0.002603837508227123,0.00556778354931033,-0.00940152457423966
random__loose__unpinned,random,loose,False,2531,0.0,0.0,0.0,0.0
random__trees__pinned,random,trees,True,2530,0.01097520869737719,0.002398965658227921,0.006017506673546295,-0.009556079191126209
random__trees__unpinned,random,trees,False,2531,0.002165002187973412,8.671780415934563e-05,0.0011385740211656606,0.0005715443578625495
regression_audience__hidden__pinned,regression_audience,hidden,True,2530,0.0398915095070825,-0.015251500323225203,0.027791772078518566,-0.10589294837107067
regression_audience__hidden__unpinned,regression_audience,hidden,False,2530,0.041577490702307686,-0.016518637059451044,0.029093574919412935,-0.10773081293612806
regression_audience__loose__pinned,regression_audience,loose,True,2530,0.013341044787384852,0.002811850958733611,0.007420163632699471,-0.008032738023964207
regression_audience__loose__unpinned,regression_audience,loose,False,2531,0.011854065780843312,0.002544685680810767,0.0068601946480953665,0.010825106889995212
regression_audience__trees__pinned,regression_audience,trees,True,2530,0.012018213214536014,0.0028249671461323756,0.006671132862075493,-0.00846178815819649
regression_audience__trees__unpinned,regression_audience,trees,False,2531,0.0055961021413137866,0.001499923658429625,0.002949876149551781,0.004904117564030814
regression_editor__hidden__pinned,regression_editor,hidden,True,2530,0.0410679694294931,-0.016218325205636618,0.028389131047263663,-0.10681791540546061
regression_editor__hidden__unpinned,regression_editor,hidden,False,2530,0.047331639146777474,-0.020386108751547925,0.03203223075845927,-0.11091960367021439
regression_editor__loose__pinned,regression_editor,loose,True,2530,0.014238574086600984,0.002538484457210796,0.007807320415595354,-0.008547410098561425
regression_editor__loose__unpinned,regression_editor,loose,False,2531,0.016081722028644406,0.0019058497767970764,0.008697854803352733,0.008922937671159164
regression_editor__trees__pinned,regression_editor,trees,True,2530,0.013147558961109139,0.002395173842024296,0.007130288971501289,-0.00909251173008546
regression_editor__trees__unpinned,regression_editor,trees,False,2531,0.007784052992731309,0.0012718908640420678,0.00416528574603034,0.004258930591246876
relative_votes__hidden__pinned,relative_votes,hidden,True,2530,0.037396520258147214,-0.013167843177362335,0.02664148185574752,-0.10257982514754503
relative_votes__hidden__unpinned,relative_votes,hidden,False,2530,0.03727242811690529,-0.011053730059538745,0.02650385048320596,-0.10073302660864637
relative_votes__loose__pinned,relative_votes,loose,True,2530,0.010967127773624437,0.0042216893210845945,0.00616882415791553,-0.002031054365338903
relative_votes__loose__unpinned,relative_votes,loose,False,2531,0.007831408125555585,0.0064743404960744275,0.004355887641989302,0.03563980649442544
relative_votes__trees__pinned,relative_votes,trees,True,2530,0.010310123233613787,0.0036987736331781213,0.005718140698575385,-0.005480202514583884
relative_votes__trees__unpinned,relative_votes,trees,False,2531,0.0009442104257617644,0.0027343920272510057,0.0006336063573112445,0.009275747318376625
reverse_chronological__hidden__pinned,reverse_chronological,hidden,True,2530,0.03872142674357934,-0.014851442070889367,0.026967478472807845,-0.1061824211356336
reverse_chronological__hidden__unpinned,reverse_chronological,hidden,False,2530,0.034184942139292386,-0.01984942147237218,0.02435283499871362,-0.11298844870364473
reverse_chronological__loose__pinned,reverse_chronological,loose,True,2530,0.009953055365620897,0.00245042470341797,0.005514716552656393,-0.009522735704598226
reverse_chronological__loose__unpinned,reverse_chronological,loose,False,2531,-0.002139179866911913,-0.0008465689916371358,-0.001224389898134755,-0.0021462918467964605
reverse_chronological__trees__pinned,reverse_chronological,trees,True,2530,0.011780445319462492,0.002305634244877332,0.006332150731623141,-0.009795631811742497
reverse_chronological__trees__unpinned,reverse_chronological,trees,False,2531,0.0056511978943307355,-0.0006054936915748746,0.002853135650071204,-0.0008007335972381506
upvotes__hidden__pinned,upvotes,hidden,True,2530,0.03709660893386421,-0.013208131787048825,0.02646627006973877,-0.10263236314613451
upvotes__hidden__unpinned,upvotes,hidden,False,2530,0.03661719295173614,-0.010846829686140876,0.026164020309930886,-0.10050605640142696
upvotes__loose__pinned,upvotes,loose,True,2530,0.010885461603693388,0.004200570248279594,0.006143591409128243,-0.0022652357316711416
upvotes__loose__unpinned,upvotes,loose,False,2531,0.007613501160321496,0.00639938087384413,0.004281016729048849,0.03371137321325258
upvotes__trees__pinned,upvotes,trees,True,2530,0.010210589690863688,0.00367701110275117,0.0056639618749866364,-0.005657683917530803
upvotes__trees__unpinned,upvotes,trees,False,2531,0.0008958549976248311,0.002697418059356867,0.000515155100878917,0.009054188147646091
xgb_metadata_audience__hidden__pinned,xgb_metadata_audience,hidden,True,2530,0.040909085399197576,-0.015367765768856463,0.028444963871934053,-0.10568569312962986
xgb_metadata_audience__hidden__unpinned,xgb_metadata_audience,hidden,False,2530,0.044489343079168346,-0.017578148065801824,0.030684020601637822,-0.10808100311689947
xgb_metadata_audience__loose__pinned,xgb_metadata_audience,loose,True,2530,0.013743362531846812,0.0027881193870798442,0.007681240637672292,-0.008018640728914212
xgb_metadata_audience__loose__unpinned,xgb_metadata_audience,loose,False,2531,0.013632185466275728,0.002549383622040138,0.007549985677399258,0.010279673378851686
xgb_metadata_audience__trees__pinned,xgb_metadata_audience,trees,True,2530,0.012288306365915517,0.002629536036858325,0.006931817664181448,-0.008647213536003145
xgb_metadata_audience__trees__unpinned,xgb_metadata_audience,trees,False,2531,0.005563918321171232,0.0014566444288390157,0.003007047836821615,0.004557822844110713
xgb_metadata_editor__hidden__pinned,xgb_metadata_editor,hidden,True,2530,0.041304833392177734,-0.015899066658370785,0.028610859341189895,-0.10623377953297329
xgb_metadata_editor__hidden__unpinned,xgb_metadata_editor,hidden,False,2530,0.045667302211828076,-0.018881212616514133,0.03132317900844119,-0.10900439108261524
xgb_metadata_editor__loose__pinned,xgb_metadata_editor,loose,True,2530,0.014119806467427722,0.0026431287582221433,0.007777569287249118,-0.008392521783679933
xgb_metadata_editor__loose__unpinned,xgb_metadata_editor,loose,False,2531,0.014576430057228234,0.0021459545429233905,0.00792340317462865,0.00946543790554612
xgb_metadata_editor__trees__pinned,xgb_metadata_editor,trees,True,2530,0.012728421844666812,0.0025206224527382815,0.007062445873820609,-0.008819177075198276
xgb_metadata_editor__trees__unpinned,xgb_metadata_editor,trees,False,2531,0.005878404075702231,0.0009590634341794297,0.0032431197391884774,0.003738413689051202
xgb_metadata_text_audience__hidden__pinned,xgb_metadata_text_audience,hidden,True,2530,0.04050745623220725,-0.01538908516520059,0.028275477238393538,-0.10569221161326244
xgb_metadata_text_audience__hidden__unpinned,xgb_metadata_text_audience,hidden,False,2530,0.04244801929095098,-0.016366150380950586,0.029871781924188993,-0.10724948642255774
xgb_metadata_text_audience__loose__pinned,xgb_metadata_text_audience,loose,True,2530,0.013620695999985114,0.002823584968969706,0.007632120568492585,-0.008103392037127653
xgb_metadata_text_audience__loose__unpinned,xgb_metadata_text_audience,loose,False,2531,0.012284122124741597,0.0026851458715244623,0.007080866277697935,0.010795989259639715
xgb_metadata_text_audience__trees__pinned,xgb_metadata_text_audience,trees,True,2530,0.012407356207189819,0.0026833817755042007,0.006908213361870157,-0.00846416711170377
xgb_metadata_text_audience__trees__unpinned,xgb_metadata_text_audience,trees,False,2531,0.004684564064752515,0.001440210511777653,0.0025031389914343875,0.0042399855066017214
xgb_metadata_text_editor__hidden__pinned,xgb_metadata_text_editor,hidden,True,2530,0.04054583854226377,-0.01544932052166337,0.028280604003948523,-0.10579002580235831
xgb_metadata_text_editor__hidden__unpinned,xgb_metadata_text_editor,hidden,False,2530,0.04304512679236521,-0.016693851768406508,0.030163075936323638,-0.10763927093163035
xgb_metadata_text_editor__loose__pinned,xgb_metadata_text_editor,loose,True,2530,0.013662876713967579,0.002803246846513889,0.00765280492107333,-0.008117836404763715
xgb_metadata_text_editor__loose__unpinned,xgb_metadata_text_editor,loose,False,2531,0.012714430274832964,0.002641278626438999,0.007262724247761804,0.010616741374656328
xgb_metadata_text_editor__trees__pinned,xgb_metadata_text_editor,trees,True,2530,0.012399807659451662,0.00266866026015327,0.0069209649414606195,-0.008462746050882475
xgb_metadata_text_editor__trees__unpinned,xgb_metadata_text_editor,trees,False,2531,0.004938961543429256,0.0014257919944117051,0.0025988871864599957,0.00442862754123752
