scope,feature,stories,stories_with_variation,proportion_stories_with_variation
root,log_words,5118,5118,1.0
root,sentiment_positive,5118,5118,1.0
root,sentiment_negative,5118,5118,1.0
root,toxicity_probability,5118,5118,1.0
root,lexdiv_length_adjusted,5118,5118,1.0
root,reading_level_length_adjusted,5118,5118,1.0
root,url_present,5118,4339,0.8477921062915201
root,article_similarity_top3,5118,5118,1.0
root,novelty_prior_roots_model,5118,5118,1.0
root,log_hours_since_article,5118,5118,1.0
root,prior_reply_composition,5118,5118,1.0
root,discussion_pace,5118,5118,1.0
root,vienna_overnight,5118,3909,0.7637749120750293
root,vienna_weekday_shoulder_evening,5118,4810,0.9398202422821414
root,vienna_weekend_day_evening,5118,2944,0.5752246971473232
root,log_author_prior_30d_comments,5118,5118,1.0
root,author_prior_30d_upvote_reception,5118,5118,1.0
root,author_prior_30d_downvote_reception,5118,5118,1.0
root,log_author_prior_comments_story,5118,4879,0.9533020711215319
root,aqua_relevance_expected,5118,5118,1.0
root,aqua_fact_expected,5118,5118,1.0
root,aqua_opinion_expected,5118,5118,1.0
root,aqua_justification_expected,5118,5118,1.0
root,aqua_solution_proposal_expected,5118,5118,1.0
root,aqua_additional_knowledge_expected,5118,5118,1.0
root,aqua_question_expected,5118,5118,1.0
root,aqua_referencing_users_expected,5118,5118,1.0
root,aqua_referencing_medium_expected,5118,5118,1.0
root,aqua_referencing_contents_expected,5118,5118,1.0
root,aqua_referencing_personal_expected,5118,5118,1.0
root,aqua_referencing_format_expected,5118,5118,1.0
root,aqua_polite_address_expected,5118,5118,1.0
root,aqua_respect_expected,5118,5118,1.0
root,aqua_screaming_expected,5118,5118,1.0
root,aqua_vulgarity_expected,5118,5118,1.0
root,aqua_insult_expected,5118,5118,1.0
root,aqua_sarcasm_expected,5118,5118,1.0
root,aqua_discrimination_expected,5118,5118,1.0
root,aqua_storytelling_expected,5118,5118,1.0
all,log_words,5118,5118,1.0
all,sentiment_positive,5118,5118,1.0
all,sentiment_negative,5118,5118,1.0
all,toxicity_probability,5118,5118,1.0
all,lexdiv_length_adjusted,5118,5118,1.0
all,reading_level_length_adjusted,5118,5118,1.0
all,url_present,5118,4898,0.9570144587729582
all,article_similarity_top3,5118,5118,1.0
all,novelty_prior_all_model,5118,5118,1.0
all,log_hours_since_article,5118,5118,1.0
all,prior_reply_composition,5118,5118,1.0
all,discussion_pace,5118,5118,1.0
all,vienna_overnight,5118,4723,0.922821414615084
all,vienna_weekday_shoulder_evening,5118,5066,0.9898397811645174
all,vienna_weekend_day_evening,5118,4064,0.7940601797577178
all,log_author_prior_30d_comments,5118,5118,1.0
all,author_prior_30d_upvote_reception,5118,5118,1.0
all,author_prior_30d_downvote_reception,5118,5118,1.0
all,log_author_prior_comments_story,5118,5107,0.997850722938648
all,is_reply,5118,5116,0.9996092223524814
all,reply_depth_centered,5118,5116,0.9996092223524814
all,aqua_relevance_expected,5118,5118,1.0
all,aqua_fact_expected,5118,5118,1.0
all,aqua_opinion_expected,5118,5118,1.0
all,aqua_justification_expected,5118,5118,1.0
all,aqua_solution_proposal_expected,5118,5118,1.0
all,aqua_additional_knowledge_expected,5118,5118,1.0
all,aqua_question_expected,5118,5118,1.0
all,aqua_referencing_users_expected,5118,5118,1.0
all,aqua_referencing_medium_expected,5118,5118,1.0
all,aqua_referencing_contents_expected,5118,5118,1.0
all,aqua_referencing_personal_expected,5118,5118,1.0
all,aqua_referencing_format_expected,5118,5118,1.0
all,aqua_polite_address_expected,5118,5118,1.0
all,aqua_respect_expected,5118,5118,1.0
all,aqua_screaming_expected,5118,5118,1.0
all,aqua_vulgarity_expected,5118,5118,1.0
all,aqua_insult_expected,5118,5118,1.0
all,aqua_sarcasm_expected,5118,5118,1.0
all,aqua_discrimination_expected,5118,5118,1.0
all,aqua_storytelling_expected,5118,5118,1.0
