n,sorting policy,lexdiv,sentcomp,sim,smog,pareto_efficient,dominated,w_lexdiv,w_sentcomp,w_sim,w_smog,balanced_score
10,chron_pinned_rh,0.09350351,-0.0690701,0.046641804,0.032286946,True,False,0.25,0.25,0.25,0.25,0.02584054
10,chron_pinned_rl,0.06455199,-0.069087215,0.0043693245,0.01182829,False,True,0.25,0.25,0.25,0.25,0.0029155966
10,chron_pinned_rt,0.006758522,-0.0672297,-0.11354838,-0.023622576,False,True,0.25,0.25,0.25,0.25,-0.049410533
10,chron_rh,-0.036645148,-0.053819884,-0.0016663964,-0.04390004,True,False,0.25,0.25,0.25,0.25,-0.034007866
10,chron_rl,-0.08806665,-0.05255899,-0.07578902,-0.0807926,True,False,0.25,0.25,0.25,0.25,-0.07430182
10,chron_rt,-0.1098291,-0.0579369,-0.1491511,-0.096489884,False,True,0.25,0.25,0.25,0.25,-0.10335175
10,least-neg-abs_pinned_rh,0.15109733,-0.0796683,0.06617383,0.0643526,True,False,0.25,0.25,0.25,0.25,0.050488867
10,least-neg-abs_pinned_rl,0.13255754,-0.08507137,0.015501613,0.049950507,False,True,0.25,0.25,0.25,0.25,0.028234571
10,least-neg-abs_pinned_rt,-0.022784429,-0.12680988,-0.2206568,-0.04301814,False,True,0.25,0.25,0.25,0.25,-0.10331731
10,least-neg-abs_rh,0.086963646,-0.06476738,0.043545254,0.031747628,True,False,0.25,0.25,0.25,0.25,0.024372287
10,least-neg-abs_rl,0.05763289,-0.06998538,-0.026341636,0.008876099,False,True,0.25,0.25,0.25,0.25,-0.007454507
10,least-neg-abs_rt,-0.12950295,-0.02918623,-0.13740446,-0.10710126,True,False,0.25,0.25,0.25,0.25,-0.100798726
10,neg-abs_pinned_rh,0.19743526,-0.14005886,0.05540008,0.10007654,False,True,0.25,0.25,0.25,0.25,0.053213254
10,neg-abs_pinned_rl,0.17292164,-0.13995706,0.005657475,0.08214095,False,True,0.25,0.25,0.25,0.25,0.030190755
10,neg-abs_pinned_rt,0.04932783,-0.105380245,-0.15503202,0.0038241865,False,True,0.25,0.25,0.25,0.25,-0.051815063
10,neg-abs_rh,0.15206397,-0.165501,0.029043796,0.075629406,False,True,0.25,0.25,0.25,0.25,0.022809042
10,neg-abs_rl,0.11381513,-0.16517842,-0.039832838,0.049320374,False,True,0.25,0.25,0.25,0.25,-0.010468938
10,neg-abs_rt,0.0019226758,-0.13063967,-0.20435143,-0.030579118,False,True,0.25,0.25,0.25,0.25,-0.09091189
10,pin-pred-lr_pinned_rh,0.294867,-0.097384915,0.10346813,0.15266107,True,False,0.25,0.25,0.25,0.25,0.11340283
10,pin-pred-lr_pinned_rl,0.29485318,-0.09731224,0.10344958,0.15263423,True,False,0.25,0.25,0.25,0.25,0.11340619
10,pin-pred-lr_pinned_rt,0.113676056,-0.0777418,-0.10742894,0.042000983,False,True,0.25,0.25,0.25,0.25,-0.007373425
10,pin-pred-lr_rh,0.2946108,-0.09648267,0.103552364,0.15357308,True,False,0.25,0.25,0.25,0.25,0.1138134
10,pin-pred-lr_rl,0.2946108,-0.09648267,0.103552364,0.15357308,True,False,0.25,0.25,0.25,0.25,0.1138134
10,pin-pred-lr_rt,0.12585686,-0.07638123,-0.09351153,0.048378322,False,True,0.25,0.25,0.25,0.25,0.0010856064
10,pin-pred-xgb_pinned_rh,0.3064912,-0.10359619,0.10657593,0.16546686,False,True,0.25,0.25,0.25,0.25,0.11873445
10,pin-pred-xgb_pinned_rl,0.30990773,-0.10246049,0.10449369,0.16691786,False,True,0.25,0.25,0.25,0.25,0.1197147
10,pin-pred-xgb_pinned_rt,0.12124991,-0.08358611,-0.10105614,0.049376152,False,True,0.25,0.25,0.25,0.25,-0.003504049
10,pin-pred-xgb_rh,0.30822954,-0.099104404,0.10871192,0.16736521,True,False,0.25,0.25,0.25,0.25,0.12130056
10,pin-pred-xgb_rl,0.31165245,-0.097931735,0.106645875,0.16883472,True,False,0.25,0.25,0.25,0.25,0.12230033
10,pin-pred-xgb_rt,0.13211535,-0.07452418,-0.08638898,0.054150496,True,False,0.25,0.25,0.25,0.25,0.0063381707
10,pos-abs_pinned_rh,0.2147413,-0.10643565,0.092350334,0.11427982,False,True,0.25,0.25,0.25,0.25,0.07873395
10,pos-abs_pinned_rl,0.202698,-0.10918806,0.06741042,0.107379235,False,True,0.25,0.25,0.25,0.25,0.0670749
10,pos-abs_pinned_rt,0.07199764,-0.0797958,-0.10593231,0.022303555,False,True,0.25,0.25,0.25,0.25,-0.022856727
10,pos-abs_rh,0.19874452,-0.11245431,0.08878418,0.109576344,False,True,0.25,0.25,0.25,0.25,0.071162686
10,pos-abs_rl,0.18488431,-0.11585907,0.061700292,0.10188659,False,True,0.25,0.25,0.25,0.25,0.058153033
10,pos-abs_rt,0.052834682,-0.079829,-0.115038864,0.011678065,False,True,0.25,0.25,0.25,0.25,-0.03258878
10,pos-rel_pinned_rh,0.21131611,-0.10089795,0.09482803,0.11281992,False,True,0.25,0.25,0.25,0.25,0.07951652
10,pos-rel_pinned_rl,0.1984923,-0.105101906,0.06729267,0.10523576,False,True,0.25,0.25,0.25,0.25,0.066479705
10,pos-rel_pinned_rt,0.070819125,-0.07687867,-0.099420354,0.02060034,False,True,0.25,0.25,0.25,0.25,-0.021219889
10,pos-rel_rh,0.19230096,-0.1050203,0.09123408,0.10705159,False,True,0.25,0.25,0.25,0.25,0.07139158
10,pos-rel_rl,0.1773943,-0.11044754,0.060731247,0.09868808,False,True,0.25,0.25,0.25,0.25,0.056591522
10,pos-rel_rt,0.05010898,-0.07584723,-0.108818084,0.009763719,False,True,0.25,0.25,0.25,0.25,-0.031198155
10,pred-nb_pinned_rh,0.39193672,-0.1815051,0.14142093,0.22635178,True,False,0.25,0.25,0.25,0.25,0.14455108
10,pred-nb_pinned_rl,0.39229795,-0.18157363,0.14135383,0.22645919,True,False,0.25,0.25,0.25,0.25,0.14463434
10,pred-nb_pinned_rt,0.15182382,-0.11226681,-0.10875902,0.07076076,False,True,0.25,0.25,0.25,0.25,0.00038968585
10,pred-nb_rh,0.40709552,-0.19217363,0.14820863,0.23646429,True,False,0.25,0.25,0.25,0.25,0.14989871
10,pred-nb_rl,0.40744936,-0.19224235,0.14814787,0.23657238,True,False,0.25,0.25,0.25,0.25,0.14998181
10,pred-nb_rt,0.1768596,-0.13509676,-0.102963224,0.08668647,False,True,0.25,0.25,0.25,0.25,0.0063715223
10,pred-xgb_pinned_rh,0.28925383,-0.15922743,0.114096485,0.15924338,True,False,0.25,0.25,0.25,0.25,0.10084157
10,pred-xgb_pinned_rl,0.29056332,-0.16003564,0.11264182,0.15943089,True,False,0.25,0.25,0.25,0.25,0.100650094
10,pred-xgb_pinned_rt,0.10200842,-0.10594822,-0.12050752,0.03870549,False,True,0.25,0.25,0.25,0.25,-0.021435458
10,pred-xgb_rh,0.28384867,-0.16170037,0.113893725,0.1595664,True,False,0.25,0.25,0.25,0.25,0.09890211
10,pred-xgb_rl,0.28520635,-0.162543,0.11234718,0.15976292,True,False,0.25,0.25,0.25,0.25,0.09869336
10,pred-xgb_rt,0.08959699,-0.111612156,-0.12633453,0.03178488,False,True,0.25,0.25,0.25,0.25,-0.029141206
10,random_pinned_rh,0.16596219,-0.08691948,0.061106574,0.07217061,True,False,0.25,0.25,0.25,0.25,0.05307997
10,random_pinned_rl,0.09770877,-0.08521718,-0.07904317,0.028881127,False,True,0.25,0.25,0.25,0.25,-0.009417614
10,random_pinned_rt,0.052328024,-0.0812763,-0.099670015,0.0062286793,False,True,0.25,0.25,0.25,0.25,-0.030597402
10,random_rh,0.07146779,-0.08190233,0.028895114,0.021506168,False,True,0.25,0.25,0.25,0.25,0.009991684
10,random_rl,-0.03101812,-0.07634454,-0.18973456,-0.04828604,False,True,0.25,0.25,0.25,0.25,-0.086345814
10,random_rt,-0.011602611,-0.07484263,-0.11305501,-0.027814738,False,True,0.25,0.25,0.25,0.25,-0.056828752
10,rev-chron_pinned_rh,0.1703648,-0.09156267,0.0711452,0.076050185,True,False,0.25,0.25,0.25,0.25,0.056499377
10,rev-chron_pinned_rl,0.105021685,-0.09696911,-0.117388554,0.017954169,False,True,0.25,0.25,0.25,0.25,-0.022845453
10,rev-chron_pinned_rt,0.08307954,-0.08141082,-0.048249345,0.021762114,False,True,0.25,0.25,0.25,0.25,-0.0062046275
10,rev-chron_rh,0.09472694,-0.08498684,0.039431464,0.03509439,False,True,0.25,0.25,0.25,0.25,0.021066489
10,rev-chron_rl,-0.011450809,-0.09534763,-0.26219845,-0.056892496,False,True,0.25,0.25,0.25,0.25,-0.10647234
10,rev-chron_rt,0.059821077,-0.08152675,-0.016531836,0.010605522,False,True,0.25,0.25,0.25,0.25,-0.0069079967
N,chron_pinned_rh,0.10756361,-0.0048312554,0.24292277,0.081828706,False,True,0.25,0.25,0.25,0.25,0.10687096
N,chron_pinned_rl,-0.039608937,0.01772884,0.07384464,-0.014277606,False,True,0.25,0.25,0.25,0.25,0.009421734
N,chron_pinned_rt,-0.033692572,0.007299901,-0.037529893,-0.01993573,False,True,0.25,0.25,0.25,0.25,-0.020964574
N,chron_rh,0.102386884,-0.004599688,0.24101515,0.07888106,False,True,0.25,0.25,0.25,0.25,0.10442085
N,chron_rl,-0.048741717,0.018038454,0.06839881,-0.019541662,False,True,0.25,0.25,0.25,0.25,0.004538472
N,chron_rt,-0.049809244,0.007797433,-0.037751213,-0.028926374,False,True,0.25,0.25,0.25,0.25,-0.02717235
N,least-neg-abs_pinned_rh,0.11191599,-0.0019716015,0.24499008,0.08349779,True,False,0.25,0.25,0.25,0.25,0.10960806
N,least-neg-abs_pinned_rl,-0.037386853,0.032595348,-0.027062163,-0.030484537,False,True,0.25,0.25,0.25,0.25,-0.015584551
N,least-neg-abs_pinned_rt,-0.009987055,-0.026855681,-0.077624485,-0.008296899,False,True,0.25,0.25,0.25,0.25,-0.03069103
N,least-neg-abs_rh,0.107441306,-0.001348896,0.24366567,0.08094702,True,False,0.25,0.25,0.25,0.25,0.107676275
N,least-neg-abs_rl,-0.05052699,0.03355496,-0.03731039,-0.03850579,True,False,0.25,0.25,0.25,0.25,-0.023197053
N,least-neg-abs_rt,-0.027664797,0.033455234,0.09029733,-0.013199067,True,False,0.25,0.25,0.25,0.25,0.020722173
N,neg-abs_pinned_rh,0.13169636,-0.018724425,0.24415188,0.0969783,False,True,0.25,0.25,0.25,0.25,0.113525525
N,neg-abs_pinned_rl,0.1224628,-0.038939387,0.11117625,0.084639505,False,True,0.25,0.25,0.25,0.25,0.0698348
N,neg-abs_pinned_rt,0.051177394,-0.032046586,-0.060830783,0.028827872,False,True,0.25,0.25,0.25,0.25,-0.003218026
N,neg-abs_rh,0.1297914,-0.019954363,0.24295418,0.09593668,False,True,0.25,0.25,0.25,0.25,0.11218198
N,neg-abs_rl,0.11908697,-0.040496647,0.10789862,0.0826169,False,True,0.25,0.25,0.25,0.25,0.06727646
N,neg-abs_rt,0.04350132,-0.03602608,-0.067893304,0.024396542,False,True,0.25,0.25,0.25,0.25,-0.00900538
N,pin-pred-lr_pinned_rh,0.15787089,-0.009106905,0.2583301,0.114773005,True,False,0.25,0.25,0.25,0.25,0.13046677
N,pin-pred-lr_pinned_rl,0.2405273,-0.017289773,0.2726072,0.17062205,True,False,0.25,0.25,0.25,0.25,0.1666167
N,pin-pred-lr_pinned_rt,0.11152281,-0.0034995489,-0.037148125,0.070451714,False,True,0.25,0.25,0.25,0.25,0.03533171
N,pin-pred-lr_rh,0.15782711,-0.009027198,0.2583155,0.11478492,True,False,0.25,0.25,0.25,0.25,0.13047507
N,pin-pred-lr_rl,0.24046944,-0.017215589,0.27258053,0.17063059,True,False,0.25,0.25,0.25,0.25,0.16661625
N,pin-pred-lr_rt,0.11179226,-0.0031697133,-0.037095413,0.0705815,False,True,0.25,0.25,0.25,0.25,0.03552716
N,pin-pred-xgb_pinned_rh,0.1679072,-0.018864334,0.25615308,0.12089127,False,True,0.25,0.25,0.25,0.25,0.1315218
N,pin-pred-xgb_pinned_rl,0.36772826,-0.05341819,0.34397838,0.2547001,True,False,0.25,0.25,0.25,0.25,0.22824714
N,pin-pred-xgb_pinned_rt,0.14344794,-0.032651093,-0.052261345,0.09162983,False,True,0.25,0.25,0.25,0.25,0.03754133
N,pin-pred-xgb_rh,0.1678979,-0.01871579,0.25617397,0.12093657,False,True,0.25,0.25,0.25,0.25,0.13157317
N,pin-pred-xgb_rl,0.36771986,-0.053271268,0.3440006,0.2547478,True,False,0.25,0.25,0.25,0.25,0.22829925
N,pin-pred-xgb_rt,0.14379679,-0.032165226,-0.051233925,0.0918784,False,True,0.25,0.25,0.25,0.25,0.03806901
N,pos-abs_pinned_rh,0.1375499,-0.014092249,0.25399035,0.10265034,False,True,0.25,0.25,0.25,0.25,0.12002459
N,pos-abs_pinned_rl,0.16165899,-0.014680259,0.21503729,0.12935743,True,False,0.25,0.25,0.25,0.25,0.12284336
N,pos-abs_pinned_rt,0.057603795,-0.008876229,-0.021426791,0.038652953,False,True,0.25,0.25,0.25,0.25,0.016488431
N,pos-abs_rh,0.13682605,-0.014313749,0.25373924,0.10238471,False,True,0.25,0.25,0.25,0.25,0.119659066
N,pos-abs_rl,0.1606287,-0.0149860345,0.21442203,0.12893996,False,True,0.25,0.25,0.25,0.25,0.12225116
N,pos-abs_rt,0.05455518,-0.008848944,-0.022945859,0.03704023,False,True,0.25,0.25,0.25,0.25,0.0149501525
N,pos-rel_pinned_rh,0.13287346,-0.010556228,0.25390407,0.09960969,False,True,0.25,0.25,0.25,0.25,0.11895774
N,pos-rel_pinned_rl,0.0993974,0.007951062,0.14244322,0.08537981,True,False,0.25,0.25,0.25,0.25,0.08379287
N,pos-rel_pinned_rt,0.04424682,0.008886446,0.034952693,0.032367464,True,False,0.25,0.25,0.25,0.25,0.030113354
N,pos-rel_rh,0.13185927,-0.010665787,0.25365922,0.09920034,False,True,0.25,0.25,0.25,0.25,0.118513264
N,pos-rel_rl,0.09710186,0.00788088,0.1407978,0.084257595,False,True,0.25,0.25,0.25,0.25,0.08250953
N,pos-rel_rt,0.039604466,0.009647276,0.036485363,0.029886609,True,False,0.25,0.25,0.25,0.25,0.02890593
N,pred-nb_pinned_rh,0.17689008,-0.02767282,0.26976264,0.13396163,False,True,0.25,0.25,0.25,0.25,0.13823538
N,pred-nb_pinned_rl,0.24303502,-0.028493341,0.34673357,0.20859413,True,False,0.25,0.25,0.25,0.25,0.19246735
N,pred-nb_pinned_rt,0.12664919,-0.042508766,-0.08655629,0.09334726,False,True,0.25,0.25,0.25,0.25,0.022732846
N,pred-nb_rh,0.17730571,-0.027956553,0.26993656,0.13426381,False,True,0.25,0.25,0.25,0.25,0.13838738
N,pred-nb_rl,0.24345037,-0.028777083,0.34690776,0.2088965,True,False,0.25,0.25,0.25,0.25,0.1926194
N,pred-nb_rt,0.12755065,-0.043490823,-0.08703616,0.093959495,False,True,0.25,0.25,0.25,0.25,0.022745788
N,pred-xgb_pinned_rh,0.16100399,-0.024415694,0.26503494,0.12062521,False,True,0.25,0.25,0.25,0.25,0.13056211
N,pred-xgb_pinned_rl,0.23943831,-0.022534331,0.32639092,0.19612779,True,False,0.25,0.25,0.25,0.25,0.18485567
N,pred-xgb_pinned_rt,0.08199976,-0.0225547,-0.04971135,0.058217227,False,True,0.25,0.25,0.25,0.25,0.016987734
N,pred-xgb_rh,0.16069816,-0.024505729,0.2649468,0.120563045,False,True,0.25,0.25,0.25,0.25,0.13042556
N,pred-xgb_rl,0.23865323,-0.022616886,0.3256782,0.195727,False,True,0.25,0.25,0.25,0.25,0.18436038
N,pred-xgb_rt,0.07946539,-0.02237047,-0.050265446,0.056604914,False,True,0.25,0.25,0.25,0.25,0.015858596
N,random_pinned_rh,0.118599676,-0.007902436,0.24436165,0.08790565,True,False,0.25,0.25,0.25,0.25,0.11074114
N,random_pinned_rl,0.011633712,0.0011097115,0.008380098,0.008407882,False,True,0.25,0.25,0.25,0.25,0.007382851
N,random_pinned_rt,0.01989686,-0.00272108,0.0041180365,0.013936205,False,True,0.25,0.25,0.25,0.25,0.008807505
N,random_rh,0.11342621,-0.008443533,0.24340495,0.084183164,False,True,0.25,0.25,0.25,0.25,0.1081427
N,random_rl,-0.002087055,-0.00033729232,-0.0023618212,-0.0017868511,False,True,0.25,0.25,0.25,0.25,-0.0016432549
N,random_rt,0.007703097,-0.0021581957,0.01027418,0.0060838023,False,True,0.25,0.25,0.25,0.25,0.0054757213
N,rev-chron_pinned_rh,0.1251797,-0.009859736,0.24544466,0.09166429,False,True,0.25,0.25,0.25,0.25,0.11310723
N,rev-chron_pinned_rl,0.06461246,-0.0174754,-0.051164635,0.029663406,False,True,0.25,0.25,0.25,0.25,0.0064089587
N,rev-chron_pinned_rt,0.07401276,-0.009609786,0.041254528,0.04526657,False,True,0.25,0.25,0.25,0.25,0.037731014
N,rev-chron_rh,0.12025228,-0.009917735,0.24346247,0.08873935,False,True,0.25,0.25,0.25,0.25,0.11063409
N,rev-chron_rl,0.048855156,-0.018069807,-0.068287745,0.019609364,False,True,0.25,0.25,0.25,0.25,-0.0044732583
N,rev-chron_rt,0.062375788,-0.00955128,0.055556852,0.038284905,False,True,0.25,0.25,0.25,0.25,0.036666565
