feature,n,sorting policy,mean_forum,ci_lower,ci_upper,median_rank,rank_iqr,p_rank_1,p_rank_top3
lexdiv,10,chron_pinned_rh,0.09350351513738266,0.08438883375661853,0.10174269422992178,43.0,1.0,0.0,0.0
lexdiv,10,chron_pinned_rl,0.06455198640111647,0.05501155077818814,0.07275369793152277,50.0,0.0,0.0,0.0
lexdiv,10,chron_pinned_rt,0.0067585217406839464,-0.0028243479229492774,0.01538983332555446,57.0,0.0,0.0,0.0
lexdiv,10,chron_rh,-0.03664514926931449,-0.0444027198789435,-0.02923017007183632,63.0,0.0,0.0,0.0
lexdiv,10,chron_rl,-0.08806665467973028,-0.09616201627654138,-0.08073414895585657,64.0,0.0,0.0,0.0
lexdiv,10,chron_rt,-0.109829102010975,-0.11848957719338696,-0.10186921049389903,65.0,0.0,0.0,0.0
lexdiv,10,least-neg-abs_pinned_rh,0.15109732884245325,0.1430108952061533,0.16007804395017752,31.0,2.0,0.0,0.0
lexdiv,10,least-neg-abs_pinned_rl,0.13255754583716672,0.12352823433865918,0.14188701289596972,33.0,1.0,0.0,0.0
lexdiv,10,least-neg-abs_pinned_rt,-0.022784428423676173,-0.031530983921589366,-0.01385595754476161,61.0,0.0,0.0,0.0
lexdiv,10,least-neg-abs_rh,0.08696364286132192,0.07944611146203528,0.095259025707404,45.0,1.0,0.0,0.0
lexdiv,10,least-neg-abs_rl,0.057632891365755876,0.04923228805106372,0.06643202699083357,52.0,2.0,0.0,0.0
lexdiv,10,least-neg-abs_rt,-0.12950295776692594,-0.13837199534498273,-0.12071751476959752,66.0,0.0,0.0,0.0
lexdiv,10,neg-abs_pinned_rh,0.19743525735669853,0.18964437664234648,0.20518421432876982,22.0,2.0,0.0,0.0
lexdiv,10,neg-abs_pinned_rl,0.17292164689479494,0.16516028481511766,0.18080782574537616,27.0,1.0,0.0,0.0
lexdiv,10,neg-abs_pinned_rt,0.04932783408913838,0.04068750513533254,0.05809850347296044,55.0,2.0,0.0,0.0
lexdiv,10,neg-abs_rh,0.15206396950462,0.14429430207792454,0.15899098618013632,31.0,2.0,0.0,0.0
lexdiv,10,neg-abs_rl,0.1138151251953409,0.10621003869544525,0.12106405370959462,37.0,1.0,0.0,0.0
lexdiv,10,neg-abs_rt,0.0019226758420971492,-0.006660301248619686,0.010732677664404694,58.0,0.0,0.0,0.0
lexdiv,10,pin-pred-lr_pinned_rh,0.29486700641752595,0.28794167694400746,0.30153470131628374,10.0,2.0,0.0,0.0
lexdiv,10,pin-pred-lr_pinned_rl,0.29485317430780383,0.28796850756310455,0.30154584792771943,10.0,3.0,0.0,0.0
lexdiv,10,pin-pred-lr_pinned_rt,0.11367605062882527,0.1049437157269107,0.1216830429678372,38.0,1.0,0.0,0.0
lexdiv,10,pin-pred-lr_rh,0.2946107946262369,0.287789818061836,0.30094499700354593,11.0,2.0,0.0,0.0
lexdiv,10,pin-pred-lr_rl,0.2946107946262369,0.287789818061836,0.30094499700354593,11.0,2.0,0.0,0.0
lexdiv,10,pin-pred-lr_rt,0.12585685694026275,0.11783931898959224,0.13320969087280382,35.0,0.0,0.0,0.0
lexdiv,10,pin-pred-xgb_pinned_rh,0.3064911916772755,0.29995436019856925,0.31281395090083913,8.0,0.0,0.0,0.0
lexdiv,10,pin-pred-xgb_pinned_rl,0.30990771467897177,0.30349884591669907,0.3161283498282351,6.0,0.0,0.0,0.0
lexdiv,10,pin-pred-xgb_pinned_rt,0.1212499103999036,0.11259745848343009,0.13015317422757233,36.0,0.0,0.0,0.0
lexdiv,10,pin-pred-xgb_rh,0.30822951184831876,0.3018051335755002,0.31472941515236874,7.0,0.0,0.0,0.0
lexdiv,10,pin-pred-xgb_rl,0.3116524677210128,0.3052909837610147,0.3180495878606989,5.0,0.0,0.0,0.0
lexdiv,10,pin-pred-xgb_rt,0.1321153460106328,0.12407553795509012,0.1399594435901536,34.0,1.0,0.0,0.0
lexdiv,10,pos-abs_pinned_rh,0.2147413167861158,0.20726275571730746,0.2218593324162105,17.0,0.0,0.0,0.0
lexdiv,10,pos-abs_pinned_rl,0.20269801580453214,0.1952074081426498,0.21001267014180752,19.0,0.0,0.0,0.0
lexdiv,10,pos-abs_pinned_rt,0.07199764126057231,0.06311231137032769,0.0804386840571711,48.0,1.0,0.0,0.0
lexdiv,10,pos-abs_rh,0.1987445186640358,0.19184926458234955,0.20619408860943803,21.0,1.0,0.0,0.0
lexdiv,10,pos-abs_rl,0.18488431419286105,0.17746841694812082,0.19263550407641114,24.0,0.0,0.0,0.0
lexdiv,10,pos-abs_rt,0.05283467752406746,0.04392340054275028,0.061403173329926106,53.0,1.0,0.0,0.0
lexdiv,10,pos-rel_pinned_rh,0.2113160950624949,0.2040393288928611,0.21870485020875097,18.0,0.0,0.0,0.0
lexdiv,10,pos-rel_pinned_rl,0.19849230154352013,0.19111483395046244,0.20591178154638035,21.0,1.0,0.0,0.0
lexdiv,10,pos-rel_pinned_rt,0.07081912897803119,0.06168663328607937,0.07934141065718753,48.0,1.0,0.0,0.0
lexdiv,10,pos-rel_rh,0.19230095915459122,0.18521568100766786,0.19962440148399008,23.0,0.0,0.0,0.0
lexdiv,10,pos-rel_rl,0.17739429916521174,0.170292211612615,0.18511790226640953,26.0,1.0,0.0,0.0
lexdiv,10,pos-rel_rt,0.05010898031123118,0.0408233368779521,0.05868413322937584,55.0,2.0,0.0,0.0
lexdiv,10,pred-nb_pinned_rh,0.391936737051889,0.3847233196660782,0.39861235450928983,4.0,0.0,0.0,0.002
lexdiv,10,pred-nb_pinned_rl,0.39229796458245836,0.3852011686502446,0.39895876692589416,3.0,0.0,0.0,0.998
lexdiv,10,pred-nb_pinned_rt,0.15182381520113672,0.14272265667500172,0.16051638288169665,31.0,2.0,0.0,0.0
lexdiv,10,pred-nb_rh,0.40709552513139435,0.40030891286252795,0.41350726706608326,2.0,0.0,0.002,1.0
lexdiv,10,pred-nb_rl,0.4074493631707855,0.40057325010103895,0.41383526362869044,1.0,0.0,0.998,1.0
lexdiv,10,pred-nb_rt,0.17685959860676367,0.16887310626245725,0.18531045114635572,26.0,1.0,0.0,0.0
lexdiv,10,pred-xgb_pinned_rh,0.2892538525989719,0.28261572224964526,0.2954139929786082,14.0,0.0,0.0,0.0
lexdiv,10,pred-xgb_pinned_rl,0.2905633062903434,0.28386602804084426,0.2966804184555201,13.0,0.0,0.0,0.0
lexdiv,10,pred-xgb_pinned_rt,0.1020084153789773,0.09311486618915224,0.11026242656112749,40.0,2.0,0.0,0.0
lexdiv,10,pred-xgb_rh,0.2838486847772685,0.27775187720097616,0.2901936349784379,16.0,0.0,0.0,0.0
lexdiv,10,pred-xgb_rl,0.28520632692639336,0.27898506046467964,0.29155105346965077,15.0,0.0,0.0,0.0
lexdiv,10,pred-xgb_rt,0.08959698974250103,0.08124178670767755,0.0983249638383063,44.0,2.0,0.0,0.0
lexdiv,10,random_pinned_rh,0.16596218354981557,0.1578532914525513,0.1738936739249269,29.0,0.0,0.0,0.0
lexdiv,10,random_pinned_rl,0.09770876951984472,0.08975917764289512,0.10592626695635483,41.0,1.0,0.0,0.0
lexdiv,10,random_pinned_rt,0.052328025477530564,0.04390342866888926,0.06086606171768983,54.0,2.0,0.0,0.0
lexdiv,10,random_rh,0.07146778290034682,0.0642613347707238,0.07855533130956263,48.0,2.0,0.0,0.0
lexdiv,10,random_rl,-0.03101811781340235,-0.038223929979488404,-0.024272628044980014,62.0,0.0,0.0,0.0
lexdiv,10,random_rt,-0.011602611077726702,-0.019303348570521246,-0.003894311308674576,60.0,1.0,0.0,0.0
lexdiv,10,rev-chron_pinned_rh,0.17036479761972925,0.1627225716910074,0.17851125090613876,28.0,1.0,0.0,0.0
lexdiv,10,rev-chron_pinned_rl,0.10502168530665672,0.09603124408712845,0.11473727219511357,39.0,1.0,0.0,0.0
lexdiv,10,rev-chron_pinned_rt,0.08307953924033869,0.07497612941424533,0.09124007529300696,46.0,1.0,0.0,0.0
lexdiv,10,rev-chron_rh,0.09472694340063956,0.08729934078730621,0.10275090438745306,42.0,2.0,0.0,0.0
lexdiv,10,rev-chron_rl,-0.011450809569033615,-0.02012780160345229,-0.003039051738744569,60.0,1.0,0.0,0.0
lexdiv,10,rev-chron_rt,0.059821076293655226,0.051885796484030154,0.06813893810376737,51.0,1.0,0.0,0.0
sentcomp,10,chron_pinned_rh,-0.06907010356178102,-0.08012201188258501,-0.057914124570002765,8.0,3.0,0.0,0.0
sentcomp,10,chron_pinned_rl,-0.06908721904743136,-0.07997380876577025,-0.057626786375091985,8.0,3.0,0.0,0.0
sentcomp,10,chron_pinned_rt,-0.06722970116980288,-0.07845968618566171,-0.056875261407706185,7.0,3.0,0.0,0.005
sentcomp,10,chron_rh,-0.05381988210019403,-0.06483518040128751,-0.043276922719716,3.0,1.0,0.0,0.809
sentcomp,10,chron_rl,-0.052558986603001484,-0.06307045499685894,-0.042047077875095526,2.0,1.0,0.0,0.92
sentcomp,10,chron_rt,-0.057936901051226564,-0.0686915240755332,-0.047523132694594544,4.0,0.0,0.0,0.18
sentcomp,10,least-neg-abs_pinned_rh,-0.0796682981434592,-0.09119539096801485,-0.06861144724216908,18.0,7.0,0.0,0.0
sentcomp,10,least-neg-abs_pinned_rl,-0.08507137141091917,-0.09632254833354656,-0.0745581135394085,25.0,4.0,0.0,0.0
sentcomp,10,least-neg-abs_pinned_rt,-0.12680987695349563,-0.13766707739523207,-0.11555794258740472,52.0,1.0,0.0,0.0
sentcomp,10,least-neg-abs_rh,-0.06476738285764684,-0.07530404409124625,-0.054183145242600435,5.0,3.0,0.0,0.074
sentcomp,10,least-neg-abs_rl,-0.06998538624111965,-0.08008866409456511,-0.05930954635238772,9.0,4.0,0.0,0.006
sentcomp,10,least-neg-abs_rt,-0.029186230585432366,-0.04003023523121794,-0.018888365737838503,1.0,0.0,1.0,1.0
sentcomp,10,neg-abs_pinned_rh,-0.1400588637616151,-0.15086443573675987,-0.12877303153277347,55.0,1.0,0.0,0.0
sentcomp,10,neg-abs_pinned_rl,-0.13995705901427652,-0.15036219349972577,-0.12856868562358087,55.0,1.0,0.0,0.0
sentcomp,10,neg-abs_pinned_rt,-0.10538024243367364,-0.11707738607485343,-0.0948802356532531,42.0,7.0,0.0,0.0
sentcomp,10,neg-abs_rh,-0.16550099327284248,-0.17717114831549358,-0.15433422174325437,61.0,3.0,0.0,0.0
sentcomp,10,neg-abs_rl,-0.1651784198718474,-0.17576553463995478,-0.1545141590131929,61.0,3.0,0.0,0.0
sentcomp,10,neg-abs_rt,-0.13063967299960816,-0.14213271300740457,-0.11958626225297442,53.0,1.0,0.0,0.0
sentcomp,10,pin-pred-lr_pinned_rh,-0.09738491047606401,-0.10905679339807423,-0.08534857969249274,34.0,4.0,0.0,0.0
sentcomp,10,pin-pred-lr_pinned_rl,-0.09731224432030199,-0.10894285804544883,-0.08523664703314314,34.0,3.0,0.0,0.0
sentcomp,10,pin-pred-lr_pinned_rt,-0.07774180580720966,-0.08932457437966236,-0.06631337762201864,16.0,6.0,0.0,0.0
sentcomp,10,pin-pred-lr_rh,-0.0964826723350648,-0.10724002388116488,-0.08430642536409548,32.0,4.0,0.0,0.0
sentcomp,10,pin-pred-lr_rl,-0.0964826723350648,-0.10724002388116488,-0.08430642536409548,32.0,4.0,0.0,0.0
sentcomp,10,pin-pred-lr_rt,-0.07638122605507233,-0.08709481874722967,-0.06518802013626165,14.0,7.0,0.0,0.002
sentcomp,10,pin-pred-xgb_pinned_rh,-0.10359618470382594,-0.11547255264607172,-0.09204447577552184,41.0,4.0,0.0,0.0
sentcomp,10,pin-pred-xgb_pinned_rl,-0.10246048951793077,-0.11441684782796992,-0.09110994978364603,39.0,4.0,0.0,0.0
sentcomp,10,pin-pred-xgb_pinned_rt,-0.0835861143195422,-0.09545327849277495,-0.07325121688325961,23.0,6.0,0.0,0.0
sentcomp,10,pin-pred-xgb_rh,-0.09910440319302882,-0.10948797543795916,-0.08717614797012452,36.0,4.0,0.0,0.0
sentcomp,10,pin-pred-xgb_rl,-0.09793173545206021,-0.10846974265878477,-0.08661124629492212,34.0,4.0,0.0,0.0
sentcomp,10,pin-pred-xgb_rt,-0.07452418045297174,-0.08520732226426694,-0.06354441472909815,12.0,6.0,0.0,0.003
sentcomp,10,pos-abs_pinned_rh,-0.10643565495945664,-0.11742409979991421,-0.09418721727743815,44.0,3.0,0.0,0.0
sentcomp,10,pos-abs_pinned_rl,-0.10918805686860668,-0.12029209971770392,-0.09776882502881289,46.0,3.0,0.0,0.0
sentcomp,10,pos-abs_pinned_rt,-0.07979579909606017,-0.09041141816514113,-0.06903991596240411,18.0,6.0,0.0,0.0
sentcomp,10,pos-abs_rh,-0.11245431335472429,-0.12349246813961746,-0.10027291861586016,49.0,3.0,0.0,0.0
sentcomp,10,pos-abs_rl,-0.11585906532036147,-0.1267382211348462,-0.10463801747279124,51.0,1.0,0.0,0.0
sentcomp,10,pos-abs_rt,-0.07982900095061543,-0.0901542096837991,-0.06947893493363638,18.0,8.0,0.0,0.0
sentcomp,10,pos-rel_pinned_rh,-0.10089794875407078,-0.1118499656824755,-0.08917725719236386,38.0,4.0,0.0,0.0
sentcomp,10,pos-rel_pinned_rl,-0.10510190390046377,-0.1161675250712974,-0.09371158866644,42.0,4.0,0.0,0.0
sentcomp,10,pos-rel_pinned_rt,-0.07687866358886905,-0.08796713827853753,-0.06676285729646546,14.0,6.0,0.0,0.0
sentcomp,10,pos-rel_rh,-0.10502029928354498,-0.11623467934501414,-0.09335755910690345,42.0,4.0,0.0,0.0
sentcomp,10,pos-rel_rl,-0.1104475372309314,-0.12135333892949449,-0.09917762027394811,47.0,3.0,0.0,0.0
sentcomp,10,pos-rel_rt,-0.07584722562998343,-0.08637303359429328,-0.06466217607319502,14.0,6.0,0.0,0.0
sentcomp,10,pred-nb_pinned_rh,-0.18150509467087494,-0.19301227181653116,-0.1700442585002826,63.0,1.0,0.0,0.0
sentcomp,10,pred-nb_pinned_rl,-0.18157363025057466,-0.1933498647396839,-0.17010052177968077,64.0,1.0,0.0,0.0
sentcomp,10,pred-nb_pinned_rt,-0.11226680554224963,-0.12385910123895333,-0.10168787029957499,49.0,4.0,0.0,0.0
sentcomp,10,pred-nb_rh,-0.1921736215794727,-0.20319200661220535,-0.1811306600646278,65.0,1.0,0.0,0.0
sentcomp,10,pred-nb_rl,-0.19224234625148892,-0.20322223204198678,-0.18115447709019714,66.0,1.0,0.0,0.0
sentcomp,10,pred-nb_rt,-0.13509675883247857,-0.1454673651676154,-0.12414743112988455,54.0,2.0,0.0,0.0
sentcomp,10,pred-xgb_pinned_rh,-0.15922742706231402,-0.1705293290017869,-0.1478570188335009,57.0,1.0,0.0,0.0
sentcomp,10,pred-xgb_pinned_rl,-0.16003564168167803,-0.17116881566398373,-0.14885599014954254,58.0,2.0,0.0,0.0
sentcomp,10,pred-xgb_pinned_rt,-0.10594821656046009,-0.11676145550412154,-0.09498229465774186,43.0,6.0,0.0,0.0
sentcomp,10,pred-xgb_rh,-0.16170036904514323,-0.17335284243033106,-0.14990356698826188,59.0,1.0,0.0,0.0
sentcomp,10,pred-xgb_rl,-0.1625429929559676,-0.17399447609522237,-0.15074415214211237,60.0,2.0,0.0,0.0
sentcomp,10,pred-xgb_rt,-0.11161215796122456,-0.12290883834584418,-0.10139431916878602,48.0,5.0,0.0,0.0
sentcomp,10,random_pinned_rh,-0.08691947591227356,-0.0980917891814986,-0.07642881362681764,26.0,5.0,0.0,0.0
sentcomp,10,random_pinned_rl,-0.08521717536986256,-0.09532063292571885,-0.07406240654272732,25.0,6.0,0.0,0.0
sentcomp,10,random_pinned_rt,-0.08127629661048455,-0.09213162762447442,-0.07065735256954908,20.0,7.0,0.0,0.0
sentcomp,10,random_rh,-0.0819023350715349,-0.09280978170173186,-0.07186853624079505,21.0,8.0,0.0,0.0
sentcomp,10,random_rl,-0.07634454128281323,-0.08554402167005631,-0.06723520043417404,14.0,9.0,0.0,0.001
sentcomp,10,random_rt,-0.07484263341928447,-0.0855661350350093,-0.06481257472989974,13.0,8.0,0.0,0.0
sentcomp,10,rev-chron_pinned_rh,-0.09156267383735962,-0.10247357973984503,-0.08048244129606986,29.0,3.0,0.0,0.0
sentcomp,10,rev-chron_pinned_rl,-0.09696911667830818,-0.10732786398181329,-0.08569973300232273,34.0,6.0,0.0,0.0
sentcomp,10,rev-chron_pinned_rt,-0.08141081553669287,-0.09273661537100009,-0.07092126400435243,20.0,6.0,0.0,0.0
sentcomp,10,rev-chron_rh,-0.08498684812384211,-0.09546324012050862,-0.07486510047868461,25.0,6.0,0.0,0.0
sentcomp,10,rev-chron_rl,-0.09534762630305182,-0.10598843354659074,-0.08510798458352582,32.0,8.0,0.0,0.0
sentcomp,10,rev-chron_rt,-0.08152674702404533,-0.09168237359988833,-0.07080601209104907,21.0,8.0,0.0,0.0
sim,10,chron_pinned_rh,0.046641801825770476,0.037251896894470136,0.05523074170647446,29.0,1.0,0.0,0.0
sim,10,chron_pinned_rl,0.004369324624587837,-0.006130575969821709,0.013645554670226406,36.0,1.0,0.0,0.0
sim,10,chron_pinned_rt,-0.11354838535911842,-0.12470931899975317,-0.10290941731474716,55.0,2.0,0.0,0.0
sim,10,chron_rh,-0.0016663965610467018,-0.011773659899728284,0.008824360703904265,37.0,0.0,0.0,0.0
sim,10,chron_rl,-0.07578902263348467,-0.08642294629845812,-0.0644262873886734,42.0,1.0,0.0,0.0
sim,10,chron_rt,-0.14915110132574175,-0.16111937602693605,-0.13882014996625391,61.0,0.0,0.0,0.0
sim,10,least-neg-abs_pinned_rh,0.06617383411925068,0.05720916059766619,0.07472504329393148,24.0,2.0,0.0,0.0
sim,10,least-neg-abs_pinned_rl,0.015501611606282974,0.00605230076757078,0.024745077799793052,34.0,0.0,0.0,0.0
sim,10,least-neg-abs_pinned_rt,-0.22065678749265175,-0.23253440439385178,-0.2089977569927558,65.0,0.0,0.0,0.0
sim,10,least-neg-abs_rh,0.04354525468712785,0.03424886927000476,0.05287458313188693,30.0,1.0,0.0,0.0
sim,10,least-neg-abs_rl,-0.02634163523887879,-0.03580252246310583,-0.015894516607696214,39.0,0.0,0.0,0.0
sim,10,least-neg-abs_rt,-0.137404453917106,-0.14945578087861533,-0.12620524217254983,60.0,0.0,0.0,0.0
sim,10,neg-abs_pinned_rh,0.055400083570483025,0.04718948460413849,0.06327795186986869,28.0,0.0,0.0,0.0
sim,10,neg-abs_pinned_rl,0.005657475213237537,-0.002897592705928112,0.014810697999463718,35.0,1.0,0.0,0.0
sim,10,neg-abs_pinned_rt,-0.1550320240930748,-0.16654994902728398,-0.14398075853365078,62.0,0.0,0.0,0.0
sim,10,neg-abs_rh,0.029043795692126857,0.020431676324251576,0.03690762073100696,33.0,1.0,0.0,0.0
sim,10,neg-abs_rl,-0.03983283767576399,-0.04847512219517715,-0.030593030817907752,40.0,0.0,0.0,0.0
sim,10,neg-abs_rt,-0.20435141641407895,-0.2163600664411542,-0.19255261566270335,64.0,0.0,0.0,0.0
sim,10,pin-pred-lr_pinned_rh,0.10346812630793098,0.09665385261106635,0.11059344294462949,14.0,2.0,0.0,0.0
sim,10,pin-pred-lr_pinned_rl,0.10344957814451836,0.09662543797185118,0.1105605246993733,14.0,2.0,0.0,0.0
sim,10,pin-pred-lr_pinned_rt,-0.10742893355261558,-0.1174227659024086,-0.09668290972995248,52.0,3.0,0.0,0.0
sim,10,pin-pred-lr_rh,0.1035523594310023,0.09646192794878228,0.11089068220941764,13.0,3.0,0.0,0.0
sim,10,pin-pred-lr_rl,0.1035523594310023,0.09646192794878228,0.11089068220941764,13.0,3.0,0.0,0.0
sim,10,pin-pred-lr_rt,-0.09351153075365046,-0.10387719281142571,-0.08317285589557363,45.0,1.0,0.0,0.0
sim,10,pin-pred-xgb_pinned_rh,0.10657591987096297,0.09901352132487569,0.11415068231389983,11.0,1.0,0.0,0.0
sim,10,pin-pred-xgb_pinned_rl,0.10449368911108624,0.09684422593558036,0.11190786683733396,12.0,4.0,0.0,0.0
sim,10,pin-pred-xgb_pinned_rt,-0.1010561447987331,-0.11117847003857251,-0.09036984355263092,48.0,2.0,0.0,0.0
sim,10,pin-pred-xgb_rh,0.10871192341938951,0.10107536992219732,0.1165752107302707,9.0,0.0,0.0,0.0
sim,10,pin-pred-xgb_rl,0.10664588180696169,0.09903651533908901,0.1143563094184919,11.0,1.0,0.0,0.0
sim,10,pin-pred-xgb_rt,-0.08638897824928522,-0.09649533088145062,-0.0753297742213914,44.0,0.0,0.0,0.0
sim,10,pos-abs_pinned_rh,0.09235033332065828,0.08483847130883426,0.10052089297975035,18.0,1.0,0.0,0.0
sim,10,pos-abs_pinned_rl,0.06741041848966323,0.05966080123231584,0.07549239463462945,23.0,1.0,0.0,0.0
sim,10,pos-abs_pinned_rt,-0.10593230954975338,-0.11588163181493596,-0.09457955558543052,51.0,3.0,0.0,0.0
sim,10,pos-abs_rh,0.08878417738942761,0.08124655347034217,0.09684420868882912,20.0,0.0,0.0,0.0
sim,10,pos-abs_rl,0.061700292275510694,0.05346398434389219,0.06989375753095861,26.0,1.0,0.0,0.0
sim,10,pos-abs_rt,-0.11503886760840856,-0.12556224626673734,-0.10419898129014588,56.0,3.0,0.0,0.0
sim,10,pos-rel_pinned_rh,0.09482802887503716,0.08712919763121836,0.1033120469242097,17.0,0.0,0.0,0.0
sim,10,pos-rel_pinned_rl,0.067292666720053,0.05950624346931478,0.07545995645158382,23.0,2.0,0.0,0.0
sim,10,pos-rel_pinned_rt,-0.09942035792045392,-0.1091958735447102,-0.0882253624047339,47.0,2.0,0.0,0.0
sim,10,pos-rel_rh,0.09123407729990855,0.08347804157478783,0.0993796012359924,19.0,1.0,0.0,0.0
sim,10,pos-rel_rl,0.06073124437231157,0.052104351204109715,0.06871840912487848,26.0,1.0,0.0,0.0
sim,10,pos-rel_rt,-0.10881809094409017,-0.11890189170024193,-0.09715986310186905,52.0,3.0,0.0,0.0
sim,10,pred-nb_pinned_rh,0.14142092641087398,0.13465172297205782,0.1481593548923023,3.0,0.0,0.0,0.852
sim,10,pred-nb_pinned_rl,0.1413538233169459,0.13462883728507632,0.14806091923057899,4.0,0.0,0.0,0.148
sim,10,pred-nb_pinned_rt,-0.10875902132171059,-0.1186647581348483,-0.09863990732593587,52.0,3.0,0.0,0.0
sim,10,pred-nb_rh,0.1482086371008329,0.1415300519587452,0.1551187739316581,1.0,0.0,0.842,1.0
sim,10,pred-nb_rl,0.1481478731570688,0.14138618954715626,0.15504937281159317,2.0,0.0,0.158,1.0
sim,10,pred-nb_rt,-0.1029632326143219,-0.11351606472346613,-0.09234841421717337,49.0,4.0,0.0,0.0
sim,10,pred-xgb_pinned_rh,0.11409648387951019,0.10682391029293872,0.12169757665504775,5.0,1.0,0.0,0.0
sim,10,pred-xgb_pinned_rl,0.11264181753512993,0.10547287121488204,0.12015201620989834,7.0,1.0,0.0,0.0
sim,10,pred-xgb_pinned_rt,-0.1205075216388476,-0.13051206494346154,-0.10986766337305165,58.0,1.0,0.0,0.0
sim,10,pred-xgb_rh,0.1138937264388739,0.10628894669028081,0.12128104483893183,6.0,1.0,0.0,0.0
sim,10,pred-xgb_rl,0.11234718055910234,0.10466137742649292,0.11972377197118184,8.0,1.0,0.0,0.0
sim,10,pred-xgb_rt,-0.12633453904108316,-0.13711164179841864,-0.11587856805557223,59.0,0.0,0.0,0.0
sim,10,random_pinned_rh,0.06110657083278112,0.05342266620938454,0.06938336479479218,26.0,2.0,0.0,0.0
sim,10,random_pinned_rl,-0.07904316931075522,-0.0887632700658081,-0.06863018459005324,43.0,1.0,0.0,0.0
sim,10,random_pinned_rt,-0.0996700146600826,-0.1099736529323657,-0.08952076208287413,47.0,2.0,0.0,0.0
sim,10,random_rh,0.028895115135180952,0.020130289171400723,0.037218165009836456,32.0,1.0,0.0,0.0
sim,10,random_rl,-0.18973456783344045,-0.20002853288402714,-0.17977355961291136,63.0,0.0,0.0,0.0
sim,10,random_rt,-0.11305501277787329,-0.12404860432136366,-0.10146982954051402,55.0,4.0,0.0,0.0
sim,10,rev-chron_pinned_rh,0.07114519834830951,0.06258622539464803,0.07977165875138337,21.0,0.0,0.0,0.0
sim,10,rev-chron_pinned_rl,-0.11738855740392723,-0.12878924124373559,-0.10651368426459536,57.0,3.0,0.0,0.0
sim,10,rev-chron_pinned_rt,-0.04824934369901627,-0.058309618895087956,-0.03774053504225291,41.0,0.0,0.0,0.0
sim,10,rev-chron_rh,0.039431461415504944,0.030247474944035017,0.04887734760385636,31.0,0.0,0.0,0.0
sim,10,rev-chron_rl,-0.26219845299040173,-0.2731975943488701,-0.2510670116693742,66.0,0.0,0.0,0.0
sim,10,rev-chron_rt,-0.0165318366550238,-0.025994436147142357,-0.006275739173875265,38.0,0.0,0.0,0.0
smog,10,chron_pinned_rh,0.03228694612689703,0.02500970817167573,0.03941300541709085,42.0,2.0,0.0,0.0
smog,10,chron_pinned_rl,0.011828289811595576,0.004305453613927667,0.01920056157236243,51.0,3.0,0.0,0.0
smog,10,chron_pinned_rt,-0.0236225767454969,-0.031473271268579635,-0.01542021932828685,57.0,1.0,0.0,0.0
smog,10,chron_rh,-0.043900037738359904,-0.051638543841110586,-0.036614473692758776,61.0,1.0,0.0,0.0
smog,10,chron_rl,-0.08079259553794543,-0.08884594281517148,-0.07299886795879568,64.0,0.0,0.0,0.0
smog,10,chron_rt,-0.09648988226546365,-0.10478537067236587,-0.0883515835506957,65.0,0.0,0.0,0.0
smog,10,least-neg-abs_pinned_rh,0.06435260549073565,0.05778454235718218,0.07121633149149714,32.0,0.0,0.0,0.0
smog,10,least-neg-abs_pinned_rl,0.04995050586162219,0.04330962153667404,0.05685760202281096,35.0,2.0,0.0,0.0
smog,10,least-neg-abs_pinned_rt,-0.043018138541522935,-0.05088101835713166,-0.03456823645163421,60.0,1.0,0.0,0.0
smog,10,least-neg-abs_rh,0.031747625004495524,0.02473328698438637,0.038364193448284484,42.0,2.0,0.0,0.0
smog,10,least-neg-abs_rl,0.008876098984550364,0.001830389540999266,0.016304601799613957,53.0,3.0,0.0,0.0
smog,10,least-neg-abs_rt,-0.1071012647265485,-0.11545199539255692,-0.09938204940076267,66.0,0.0,0.0,0.0
smog,10,neg-abs_pinned_rh,0.10007654043596975,0.09367670419182424,0.10629103789360295,24.0,2.0,0.0,0.0
smog,10,neg-abs_pinned_rl,0.08214094723510489,0.07570607301765069,0.08815271280913385,27.0,0.0,0.0,0.0
smog,10,neg-abs_pinned_rt,0.0038241865390825627,-0.003522150131296202,0.011857987947013881,56.0,1.0,0.0,0.0
smog,10,neg-abs_rh,0.0756294091873073,0.0693313577485666,0.08195631883598106,29.0,1.0,0.0,0.0
smog,10,neg-abs_rl,0.049320371953193894,0.04288236594721185,0.055588760515020805,35.0,3.0,0.0,0.0
smog,10,neg-abs_rt,-0.030579117425244596,-0.038623847571178774,-0.0221369077218628,59.0,1.0,0.0,0.0
smog,10,pin-pred-lr_pinned_rh,0.15266106259794324,0.14741572217488244,0.15813215264229913,15.0,0.0,0.0,0.0
smog,10,pin-pred-lr_pinned_rl,0.15263423687652664,0.14737132942796838,0.15815316411665092,16.0,1.0,0.0,0.0
smog,10,pin-pred-lr_pinned_rt,0.042000982895402265,0.03500376482234775,0.04895788585151088,38.0,0.0,0.0,0.0
smog,10,pin-pred-lr_rh,0.1535730736094963,0.14803612596744486,0.1591810044730425,13.0,0.0,0.0,0.0
smog,10,pin-pred-lr_rl,0.1535730736094963,0.14803612596744486,0.1591810044730425,13.0,0.0,0.0,0.0
smog,10,pin-pred-lr_rt,0.04837832305929328,0.041477356322737705,0.0554023164870691,36.0,2.0,0.0,0.0
smog,10,pin-pred-xgb_pinned_rh,0.1654668606444548,0.16025692441761044,0.1704539962830836,8.0,0.0,0.0,0.0
smog,10,pin-pred-xgb_pinned_rl,0.16691786207224868,0.16173625347110823,0.17200177732426314,7.0,1.0,0.0,0.0
smog,10,pin-pred-xgb_pinned_rt,0.049376150393366985,0.04247283233029769,0.05668443965290855,35.0,2.0,0.0,0.0
smog,10,pin-pred-xgb_rh,0.16736520166058327,0.16204117430783985,0.17258627317632827,6.0,1.0,0.0,0.0
smog,10,pin-pred-xgb_rl,0.1688347087268643,0.16355614358876944,0.17391245177823056,5.0,0.0,0.0,0.0
smog,10,pin-pred-xgb_rt,0.054150492968475114,0.04758675673842415,0.06140602628009693,33.0,1.0,0.0,0.0
smog,10,pos-abs_pinned_rh,0.11427982473261193,0.10848142176822877,0.12002844613955053,17.0,0.0,0.0,0.0
smog,10,pos-abs_pinned_rl,0.10737922684596052,0.10156800494625579,0.11302853961910955,20.0,1.0,0.0,0.0
smog,10,pos-abs_pinned_rt,0.022303554407030798,0.015177228037413247,0.029615545520130723,46.0,2.0,0.0,0.0
smog,10,pos-abs_rh,0.10957634122484355,0.10356316594522905,0.11554006876026059,19.0,0.0,0.0,0.0
smog,10,pos-abs_rl,0.10188659774782395,0.09606189669191081,0.10751600810706669,23.0,1.0,0.0,0.0
smog,10,pos-abs_rt,0.011678065332078049,0.004951358886794027,0.01922764157963341,51.0,2.25,0.0,0.0
smog,10,pos-rel_pinned_rh,0.11281991159776225,0.10683668194255654,0.11867067977183343,18.0,0.0,0.0,0.0
smog,10,pos-rel_pinned_rl,0.10523576164743564,0.09938982806733322,0.11125908825536054,22.0,0.0,0.0,0.0
smog,10,pos-rel_pinned_rt,0.020600339158108542,0.013672851253513935,0.027801491410486844,47.0,1.0,0.0,0.0
smog,10,pos-rel_rh,0.1070515970810924,0.10092778194105086,0.11319231093630927,21.0,1.0,0.0,0.0
smog,10,pos-rel_rl,0.09868808335956686,0.09264691657621164,0.10443121311841119,25.0,1.0,0.0,0.0
smog,10,pos-rel_rt,0.009763718360160928,0.0028569118303737465,0.01708937631133105,53.0,2.0,0.0,0.0
smog,10,pred-nb_pinned_rh,0.22635177869844317,0.2205553353247777,0.23269963281985614,4.0,0.0,0.0,0.127
smog,10,pred-nb_pinned_rl,0.22645918421585728,0.2206206541631763,0.23288020259066608,3.0,0.0,0.0,0.873
smog,10,pred-nb_pinned_rt,0.07076076034125707,0.06351440568536669,0.07816165685170705,31.0,1.0,0.0,0.0
smog,10,pred-nb_rh,0.23646430340547686,0.2307922167995196,0.2423729346833312,2.0,0.0,0.119,1.0
smog,10,pred-nb_rl,0.23657237155258123,0.23090673517209942,0.242471721331445,1.0,0.0,0.881,1.0
smog,10,pred-nb_rt,0.08668647305097811,0.07962294672074761,0.09338178555534572,26.0,0.0,0.0,0.0
smog,10,pred-xgb_pinned_rh,0.15924337717051823,0.1539366799172856,0.16479408140660737,11.0,2.0,0.0,0.0
smog,10,pred-xgb_pinned_rl,0.15943089122932042,0.1542384768772895,0.16492621915444913,11.0,2.0,0.0,0.0
smog,10,pred-xgb_pinned_rt,0.0387054914957642,0.03179366931982833,0.04527473590796989,39.0,0.25,0.0,0.0
smog,10,pred-xgb_rh,0.15956640544614686,0.1540229709106689,0.16504310015172263,10.0,2.0,0.0,0.0
smog,10,pred-xgb_rl,0.15976291450507246,0.15426974106391889,0.16526723856298162,10.0,2.0,0.0,0.0
smog,10,pred-xgb_rt,0.031784880215728485,0.024121637088126653,0.038799517682559875,42.0,2.0,0.0,0.0
smog,10,random_pinned_rh,0.07217060734567844,0.06516660778589538,0.0784684791729073,30.0,1.0,0.0,0.0
smog,10,random_pinned_rl,0.028881125960247354,0.02232450410625033,0.036233826127780665,44.0,1.0,0.0,0.0
smog,10,random_pinned_rt,0.006228679154461189,-0.0009761105160179403,0.013417949234389985,55.0,2.0,0.0,0.0
smog,10,random_rh,0.021506167200153394,0.015081811304953199,0.027910624657584596,47.0,3.0,0.0,0.0
smog,10,random_rl,-0.04828604208212546,-0.05530654971702193,-0.04104885516319745,62.0,1.0,0.0,0.0
smog,10,random_rt,-0.02781473778172863,-0.035398364632781815,-0.019970080977023744,58.0,1.0,0.0,0.0
smog,10,rev-chron_pinned_rh,0.07605018263554274,0.06947289890607705,0.08261919382528486,29.0,1.0,0.0,0.0
smog,10,rev-chron_pinned_rl,0.017954168432116946,0.010396949530112654,0.025269801758476488,49.0,1.0,0.0,0.0
smog,10,rev-chron_pinned_rt,0.021762113615521397,0.014799514071041683,0.028468977097929615,46.0,3.0,0.0,0.0
smog,10,rev-chron_rh,0.035094391122957244,0.02841724945183066,0.041626465441862416,40.0,1.0,0.0,0.0
smog,10,rev-chron_rl,-0.05689249738976742,-0.06412014177421013,-0.048760341450462985,63.0,0.0,0.0,0.0
smog,10,rev-chron_rt,0.010605523169959594,0.0033725136001568038,0.017724164084398388,52.0,2.0,0.0,0.0
lexdiv,N,chron_pinned_rh,0.10756361040866125,0.10419540972180107,0.11104692023885901,38.0,1.0,0.0,0.0
lexdiv,N,chron_pinned_rl,-0.03960893703853458,-0.04369565952370597,-0.03533689462819591,63.0,1.0,0.0,0.0
lexdiv,N,chron_pinned_rt,-0.0336925726857613,-0.03744122962477142,-0.029776429687722202,61.0,0.0,0.0,0.0
lexdiv,N,chron_rh,0.10238688101326017,0.09898412046998972,0.10578020626089474,40.0,0.0,0.0,0.0
lexdiv,N,chron_rl,-0.048741716754511014,-0.052856690439209014,-0.04442589863025936,64.0,1.0,0.0,0.0
lexdiv,N,chron_rt,-0.049809247397618286,-0.05357995945286106,-0.046073414036094176,65.0,1.0,0.0,0.0
lexdiv,N,least-neg-abs_pinned_rh,0.11191598354256796,0.10819264077442599,0.11552326918042155,35.0,2.0,0.0,0.0
lexdiv,N,least-neg-abs_pinned_rl,-0.03738685208271419,-0.04142122736175567,-0.033780398413760994,62.0,1.0,0.0,0.0
lexdiv,N,least-neg-abs_pinned_rt,-0.009987055451535767,-0.013887660922011671,-0.005986034986737972,59.0,0.0,0.0,0.0
lexdiv,N,least-neg-abs_rh,0.10744130320698426,0.10370299448205812,0.11096028297028278,39.0,1.0,0.0,0.0
lexdiv,N,least-neg-abs_rl,-0.05052699222638488,-0.0550287393854566,-0.046851736699466996,66.0,2.0,0.0,0.0
lexdiv,N,least-neg-abs_rt,-0.02766479734072551,-0.03184285967394313,-0.02351433612598225,60.0,0.0,0.0,0.0
lexdiv,N,neg-abs_pinned_rh,0.13169635712122937,0.12806293276749967,0.1352904932537548,25.0,1.0,0.0,0.0
lexdiv,N,neg-abs_pinned_rl,0.12246280536162131,0.11929376518921825,0.12591929577900043,30.0,0.0,0.0,0.0
lexdiv,N,neg-abs_pinned_rt,0.051177392979360366,0.047120158619330166,0.055268234471140494,50.0,0.0,0.0,0.0
lexdiv,N,neg-abs_rh,0.12979139762506647,0.12616669286430832,0.1334137173855679,26.0,0.0,0.0,0.0
lexdiv,N,neg-abs_rl,0.11908697137340846,0.11585929121112554,0.12254110417479719,32.0,2.0,0.0,0.0
lexdiv,N,neg-abs_rt,0.04350132375540033,0.039510104536570674,0.04749453218628889,53.0,1.0,0.0,0.0
lexdiv,N,pin-pred-lr_pinned_rh,0.15787088239246239,0.15435688457877308,0.1615934362261376,17.0,0.0,0.0,0.0
lexdiv,N,pin-pred-lr_pinned_rl,0.24052730613102313,0.2371014641983045,0.2437767672255582,5.0,1.0,0.0,0.059
lexdiv,N,pin-pred-lr_pinned_rt,0.11152281210070909,0.10749835783696829,0.11556858282640407,36.0,2.0,0.0,0.0
lexdiv,N,pin-pred-lr_rh,0.15782711292742732,0.1543425506138985,0.16155662994490705,18.0,0.0,0.0,0.0
lexdiv,N,pin-pred-lr_rl,0.24046942487465445,0.23703563674899303,0.2437681988200011,6.0,1.0,0.0,0.004
lexdiv,N,pin-pred-lr_rt,0.11179225732031335,0.10783410743102702,0.11599075457903259,36.0,2.0,0.0,0.0
lexdiv,N,pin-pred-xgb_pinned_rh,0.1679071863364101,0.16424756952628652,0.17181641673033599,11.0,1.0,0.0,0.0
lexdiv,N,pin-pred-xgb_pinned_rl,0.36772825769959,0.3641264555812146,0.37135309928427157,1.0,1.0,0.591,1.0
lexdiv,N,pin-pred-xgb_pinned_rt,0.14344793556658303,0.13951383361506747,0.14776947551862232,20.0,0.0,0.0,0.0
lexdiv,N,pin-pred-xgb_rh,0.16789790089431364,0.16424893451581493,0.17181518106406599,12.0,1.0,0.0,0.0
lexdiv,N,pin-pred-xgb_rl,0.3677198751183159,0.36409765269486216,0.3713723288464447,2.0,1.0,0.409,1.0
lexdiv,N,pin-pred-xgb_rt,0.14379678194158013,0.13985006840398673,0.14812636866546122,19.0,0.0,0.0,0.0
lexdiv,N,pos-abs_pinned_rh,0.13754991258423996,0.1342276770109351,0.14111069392014727,21.0,0.0,0.0,0.0
lexdiv,N,pos-abs_pinned_rl,0.16165899156646374,0.15814946939433963,0.16549367138196633,13.0,2.0,0.0,0.0
lexdiv,N,pos-abs_pinned_rt,0.05760379773357953,0.05357747229399888,0.06152692082601741,48.0,0.0,0.0,0.0
lexdiv,N,pos-abs_rh,0.13682605687039537,0.13350104190137435,0.140328246407114,22.0,0.0,0.0,0.0
lexdiv,N,pos-abs_rl,0.16062870405510427,0.15706524806061953,0.16455188680680308,16.0,2.0,0.0,0.0
lexdiv,N,pos-abs_rt,0.05455518547894002,0.05051221117787065,0.05844723254431454,49.0,0.0,0.0,0.0
lexdiv,N,pos-rel_pinned_rh,0.1328734484344548,0.12945142578240765,0.13643923142961228,23.0,0.0,0.0,0.0
lexdiv,N,pos-rel_pinned_rl,0.09939739177443664,0.09556779131148083,0.10305277261751325,41.0,0.0,0.0,0.0
lexdiv,N,pos-rel_pinned_rt,0.044246818282775914,0.04025498288557495,0.04833492852041485,52.0,1.0,0.0,0.0
lexdiv,N,pos-rel_rh,0.131859274280305,0.12841343378358303,0.1354705088285927,25.0,1.0,0.0,0.0
lexdiv,N,pos-rel_rl,0.09710185847082428,0.0933601753206996,0.10071893821240165,42.0,0.0,0.0,0.0
lexdiv,N,pos-rel_rt,0.039604465904705496,0.03539874133450198,0.04374837139337587,54.0,0.0,0.0,0.0
lexdiv,N,pred-nb_pinned_rh,0.17689007554270272,0.17323135036044324,0.18071182566508245,10.0,0.0,0.0,0.0
lexdiv,N,pred-nb_pinned_rl,0.2430350038914115,0.23830888611034368,0.2477846247882563,4.0,0.0,0.0,0.0
lexdiv,N,pred-nb_pinned_rt,0.12664918955413818,0.12296334946873108,0.13089546624610707,28.0,1.0,0.0,0.0
lexdiv,N,pred-nb_rh,0.17730571332922512,0.17365087453117545,0.18111039365333903,9.0,0.0,0.0,0.0
lexdiv,N,pred-nb_rl,0.24345037151096,0.23869168849289327,0.2481941067034189,3.0,0.0,0.0,0.937
lexdiv,N,pred-nb_rt,0.12755063677834455,0.12370193097602891,0.13174026548944176,27.0,1.0,0.0,0.0
lexdiv,N,pred-xgb_pinned_rh,0.16100399837668752,0.1574900572784339,0.16462571672285023,14.0,2.0,0.0,0.0
lexdiv,N,pred-xgb_pinned_rl,0.23943829407701117,0.2351541823104493,0.24409829192277388,7.0,2.0,0.0,0.0
lexdiv,N,pred-xgb_pinned_rt,0.0819997564855768,0.07768196988846476,0.08649225086827182,43.0,0.0,0.0,0.0
lexdiv,N,pred-xgb_rh,0.16069815446788277,0.15718944641088808,0.1642659533720462,15.0,2.0,0.0,0.0
lexdiv,N,pred-xgb_rl,0.23865321874259046,0.23427146361293286,0.24322108982288618,8.0,0.0,0.0,0.0
lexdiv,N,pred-xgb_rt,0.07946539385561777,0.07516455776799805,0.0840082367627209,44.0,0.0,0.0,0.0
lexdiv,N,random_pinned_rh,0.11859967752483608,0.11498752113067787,0.12194095246040008,33.0,1.0,0.0,0.0
lexdiv,N,random_pinned_rl,0.011633711869608149,0.009242546080825224,0.014057679542977061,56.0,0.0,0.0,0.0
lexdiv,N,random_pinned_rt,0.019896859069169718,0.016234477589231876,0.023774902474856172,55.0,0.0,0.0,0.0
lexdiv,N,random_rh,0.11342620997554356,0.10993370028150665,0.11692046471476646,34.0,2.0,0.0,0.0
lexdiv,N,random_rl,-0.0020870549276302986,-0.004647026561728139,0.0003991522886332229,58.0,0.0,0.0,0.0
lexdiv,N,random_rt,0.007703096812143436,0.004214386113578273,0.01145486191516908,57.0,0.0,0.0,0.0
lexdiv,N,rev-chron_pinned_rh,0.1251796876896716,0.12144254774920184,0.12866138363005966,29.0,2.0,0.0,0.0
lexdiv,N,rev-chron_pinned_rl,0.06461246231767054,0.060228290413122776,0.06857607241995779,46.0,0.0,0.0,0.0
lexdiv,N,rev-chron_pinned_rt,0.07401275589578729,0.07012372382002574,0.07805123872585328,45.0,0.0,0.0,0.0
lexdiv,N,rev-chron_rh,0.12025227584015749,0.11659619615496956,0.12369082519910188,31.0,1.0,0.0,0.0
lexdiv,N,rev-chron_rl,0.04885515649448784,0.044540512712935666,0.052947814205364,51.0,0.0,0.0,0.0
lexdiv,N,rev-chron_rt,0.062375788072628405,0.058268610142987336,0.06621726692724796,47.0,0.0,0.0,0.0
sentcomp,N,chron_pinned_rh,-0.0048312553295886355,-0.008011569915798154,-0.0016173119679676188,21.0,2.0,0.0,0.0
sentcomp,N,chron_pinned_rl,0.01772883789120928,0.014434202065293177,0.020856718003348533,5.0,0.0,0.0,0.0
sentcomp,N,chron_pinned_rt,0.007299901066371656,0.004037438139554004,0.010701027762205537,10.0,2.25,0.0,0.0
sentcomp,N,chron_rh,-0.0045996878136536625,-0.007819509710249698,-0.0014057077441385715,20.0,2.0,0.0,0.0
sentcomp,N,chron_rl,0.01803845333788089,0.014706086073255988,0.021181655195195413,4.0,0.0,0.0,0.0
sentcomp,N,chron_rt,0.007797433027628556,0.004715740866987615,0.011134740982766745,9.0,3.0,0.0,0.0
sentcomp,N,least-neg-abs_pinned_rh,-0.001971601522251713,-0.00513129873449111,0.0013462384970647201,16.0,2.0,0.0,0.0
sentcomp,N,least-neg-abs_pinned_rl,0.03259534765555851,0.02943010837239836,0.03565935962642971,3.0,1.0,0.005,1.0
sentcomp,N,least-neg-abs_pinned_rt,-0.026855681235677054,-0.03019951961569904,-0.023247859130467095,52.0,3.0,0.0,0.0
sentcomp,N,least-neg-abs_rh,-0.0013488960267741895,-0.004412987088541339,0.002015918516969963,14.0,3.0,0.0,0.0
sentcomp,N,least-neg-abs_rl,0.033554960111731286,0.030225357973268967,0.03662548229442864,1.0,1.0,0.501,1.0
sentcomp,N,least-neg-abs_rt,0.033455233743378276,0.029912431231010558,0.036760382168234816,2.0,2.0,0.494,1.0
sentcomp,N,neg-abs_pinned_rh,-0.01872442402538658,-0.021884235679858987,-0.015720123563815636,42.0,3.0,0.0,0.0
sentcomp,N,neg-abs_pinned_rl,-0.03893938786810503,-0.042205234249852216,-0.035998956130166605,61.0,0.0,0.0,0.0
sentcomp,N,neg-abs_pinned_rt,-0.032046587336105055,-0.035287404795910776,-0.028552474620499174,57.0,2.0,0.0,0.0
sentcomp,N,neg-abs_rh,-0.019954363385420122,-0.022986717105482658,-0.01700315851805252,45.0,1.0,0.0,0.0
sentcomp,N,neg-abs_rl,-0.04049664805588273,-0.043766471666991866,-0.03756884329312122,62.0,0.0,0.0,0.0
sentcomp,N,neg-abs_rt,-0.03602608024278686,-0.039270869477634474,-0.03247607227833188,60.0,0.0,0.0,0.0
sentcomp,N,pin-pred-lr_pinned_rh,-0.009106904521581478,-0.01259742608027609,-0.0057009517661872995,27.0,4.0,0.0,0.0
sentcomp,N,pin-pred-lr_pinned_rl,-0.017289771306728083,-0.02121189767473902,-0.013456586791822881,39.0,2.0,0.0,0.0
sentcomp,N,pin-pred-lr_pinned_rt,-0.0034995488576023627,-0.0069194825309989326,6.331246877442776e-05,18.0,3.0,0.0,0.0
sentcomp,N,pin-pred-lr_rh,-0.009027198008839733,-0.012532727812316551,-0.005657493212911218,26.0,4.0,0.0,0.0
sentcomp,N,pin-pred-lr_rl,-0.017215588456338343,-0.02110275647601591,-0.013442960914280135,39.0,2.0,0.0,0.0
sentcomp,N,pin-pred-lr_rt,-0.0031697134512845455,-0.006682337460505052,0.00038082341091291293,17.0,3.25,0.0,0.0
sentcomp,N,pin-pred-xgb_pinned_rh,-0.018864335068905606,-0.022180616117179294,-0.015482422997013376,43.0,2.0,0.0,0.0
sentcomp,N,pin-pred-xgb_pinned_rl,-0.05341819286010743,-0.057499811011107224,-0.049102138263160754,66.0,0.0,0.0,0.0
sentcomp,N,pin-pred-xgb_pinned_rt,-0.03265109106858301,-0.03603687987901728,-0.029360685253611712,59.0,1.0,0.0,0.0
sentcomp,N,pin-pred-xgb_rh,-0.018715788690164846,-0.02201874064889953,-0.01535499150927975,42.0,2.0,0.0,0.0
sentcomp,N,pin-pred-xgb_rl,-0.05327126890342871,-0.057436871627045985,-0.04893894245375275,65.0,0.0,0.0,0.0
sentcomp,N,pin-pred-xgb_rt,-0.03216522314502858,-0.035548593531376675,-0.028864989143197118,57.0,1.0,0.0,0.0
sentcomp,N,pos-abs_pinned_rh,-0.014092248581406555,-0.01756269655622726,-0.010705190397821225,34.0,2.0,0.0,0.0
sentcomp,N,pos-abs_pinned_rl,-0.014680259415723085,-0.018407747415928304,-0.011134072634314228,36.0,2.0,0.0,0.0
sentcomp,N,pos-abs_pinned_rt,-0.008876228603416442,-0.012440426699442014,-0.005244612255011869,26.0,7.0,0.0,0.0
sentcomp,N,pos-abs_rh,-0.014313748757996174,-0.01775273434983357,-0.010925114088555767,35.0,2.0,0.0,0.0
sentcomp,N,pos-abs_rl,-0.014986033886642686,-0.018821880207092165,-0.011410834172222052,37.0,2.0,0.0,0.0
sentcomp,N,pos-abs_rt,-0.008848943806220722,-0.012331372115640258,-0.005216511361441191,26.0,7.0,0.0,0.0
sentcomp,N,pos-rel_pinned_rh,-0.010556228983146513,-0.014076740077427059,-0.007155580988619119,31.0,3.0,0.0,0.0
sentcomp,N,pos-rel_pinned_rl,0.007951061721575307,0.004067208770113914,0.01151447059967505,9.0,2.0,0.0,0.0
sentcomp,N,pos-rel_pinned_rt,0.008886446653653594,0.004918266412653308,0.01257801854798736,7.0,2.0,0.0,0.0
sentcomp,N,pos-rel_rh,-0.010665787435648113,-0.014151802537303287,-0.007275082073357489,32.0,3.0,0.0,0.0
sentcomp,N,pos-rel_rl,0.00788087945982496,0.003994425093752775,0.01137231848991948,9.0,3.0,0.0,0.0
sentcomp,N,pos-rel_rt,0.009647276145803393,0.005774883436660889,0.013227777213026023,6.0,2.0,0.0,0.0
sentcomp,N,pred-nb_pinned_rh,-0.02767282174993393,-0.030957343454821575,-0.02448856655718652,53.0,1.0,0.0,0.0
sentcomp,N,pred-nb_pinned_rl,-0.028493340986256173,-0.0323302930420608,-0.024909161773904988,55.0,1.0,0.0,0.0
sentcomp,N,pred-nb_pinned_rt,-0.04250876479282516,-0.04629875325533464,-0.03845847629020166,63.0,0.0,0.0,0.0
sentcomp,N,pred-nb_rh,-0.027956551667559244,-0.031189998740428285,-0.024780417522686716,54.0,1.0,0.0,0.0
sentcomp,N,pred-nb_rl,-0.02877708472291241,-0.03260343657579723,-0.02514163188316912,56.0,1.0,0.0,0.0
sentcomp,N,pred-nb_rt,-0.04349082179871879,-0.04728651059157074,-0.03946257006048012,64.0,0.0,0.0,0.0
sentcomp,N,pred-xgb_pinned_rh,-0.02441569462583872,-0.02777399437635324,-0.020940337479038087,50.0,2.0,0.0,0.0
sentcomp,N,pred-xgb_pinned_rl,-0.022534331347543814,-0.026666524833201026,-0.018658234034103337,48.0,2.0,0.0,0.0
sentcomp,N,pred-xgb_pinned_rt,-0.022554699112359848,-0.02579850524741773,-0.019011051577699153,47.0,3.0,0.0,0.0
sentcomp,N,pred-xgb_rh,-0.024505729639100714,-0.027849047978137947,-0.021056454600258585,51.0,1.0,0.0,0.0
sentcomp,N,pred-xgb_rl,-0.02261688615364087,-0.026803092070509474,-0.018674138608022986,48.0,2.0,0.0,0.0
sentcomp,N,pred-xgb_rt,-0.022370472206634455,-0.02560734892071961,-0.018779826963223067,47.0,3.0,0.0,0.0
sentcomp,N,random_pinned_rh,-0.00790243603915277,-0.011078109262414806,-0.004679476096865823,23.0,2.0,0.0,0.0
sentcomp,N,random_pinned_rl,0.001109711532570886,-0.0019344133574640552,0.004125631900197987,12.0,1.0,0.0,0.0
sentcomp,N,random_pinned_rt,-0.0027210799508739663,-0.005981825335873415,0.0006170134969353446,17.0,4.0,0.0,0.0
sentcomp,N,random_rh,-0.008443533090357473,-0.01173432798962656,-0.005377011598597527,25.0,3.0,0.0,0.0
sentcomp,N,random_rl,-0.0003372922882277482,-0.003490753505798491,0.0027925472224504602,13.0,2.0,0.0,0.0
sentcomp,N,random_rt,-0.0021581957232303666,-0.005766660023150272,0.0008477334697644942,16.0,4.0,0.0,0.0
sentcomp,N,rev-chron_pinned_rh,-0.009859735842907396,-0.013040096544734592,-0.006680948339771514,29.0,3.0,0.0,0.0
sentcomp,N,rev-chron_pinned_rl,-0.017475400991357703,-0.020495155582811554,-0.014188114412034766,40.0,5.0,0.0,0.0
sentcomp,N,rev-chron_pinned_rt,-0.009609786176240327,-0.012716786630800543,-0.00630915557062322,28.0,7.0,0.0,0.0
sentcomp,N,rev-chron_rh,-0.009917734967589945,-0.01313527921325105,-0.006766032403293469,29.0,3.0,0.0,0.0
sentcomp,N,rev-chron_rl,-0.018069807397333458,-0.021212090151692623,-0.01474436270601798,41.0,5.0,0.0,0.0
sentcomp,N,rev-chron_rt,-0.009551280751683813,-0.012742101622628297,-0.006279251177196503,28.0,8.0,0.0,0.0
sim,N,chron_pinned_rh,0.24292277107369173,0.23900863432901823,0.24665569343630026,28.0,3.0,0.0,0.0
sim,N,chron_pinned_rl,0.07384464066390338,0.06960893856387938,0.07779565964337645,38.0,0.0,0.0,0.0
sim,N,chron_pinned_rt,-0.03752989369477343,-0.04179450588539012,-0.033526033070376514,53.0,2.0,0.0,0.0
sim,N,chron_rh,0.2410151592372778,0.23705811628674006,0.24482937132662125,30.0,0.0,0.0,0.0
sim,N,chron_rl,0.06839881640937859,0.06415014946399844,0.07244273718603328,39.0,0.0,0.0,0.0
sim,N,chron_rt,-0.03775121388633813,-0.04208151848419512,-0.03361549280133779,54.0,3.0,0.0,0.0
sim,N,least-neg-abs_pinned_rh,0.2449900802829878,0.2411175786126278,0.24865496796051423,22.0,1.0,0.0,0.0
sim,N,least-neg-abs_pinned_rl,-0.027062163577859514,-0.03161313469461877,-0.02274677571571436,50.0,0.0,0.0,0.0
sim,N,least-neg-abs_pinned_rt,-0.07762448637308382,-0.08231261207859057,-0.07300258968137346,64.0,0.0,0.0,0.0
sim,N,least-neg-abs_rh,0.24366567930804092,0.23978593871537768,0.24729638656287012,26.0,3.0,0.0,0.0
sim,N,least-neg-abs_rl,-0.03731039040698077,-0.04181702041586352,-0.03296151848171278,53.0,4.0,0.0,0.0
sim,N,least-neg-abs_rt,0.09029732753884571,0.08539744754547143,0.09514076441557534,37.0,0.0,0.0,0.0
sim,N,neg-abs_pinned_rh,0.24415188086448736,0.24033621682951992,0.24755193488873778,24.0,2.0,0.0,0.0
sim,N,neg-abs_pinned_rl,0.11117625161820813,0.106802572019408,0.11548754542684987,35.0,0.0,0.0,0.0
sim,N,neg-abs_pinned_rt,-0.06083078081883182,-0.06578745399058432,-0.055678394855240745,61.0,0.0,0.0,0.0
sim,N,neg-abs_rh,0.24295419143037278,0.23909155890349998,0.24636746637678877,28.0,2.0,0.0,0.0
sim,N,neg-abs_rl,0.10789862184275684,0.10352624596401512,0.11217046449857777,36.0,0.0,0.0,0.0
sim,N,neg-abs_rt,-0.06789330521337303,-0.07283999192721698,-0.06298898159389103,62.0,1.0,0.0,0.0
sim,N,pin-pred-lr_pinned_rh,0.25833010241256743,0.2545490727795012,0.2618573556147392,13.0,1.0,0.0,0.0
sim,N,pin-pred-lr_pinned_rl,0.2726072111659386,0.26860327664508754,0.27630438372790617,7.0,1.0,0.0,0.0
sim,N,pin-pred-lr_pinned_rt,-0.037148126725726344,-0.041836584876391684,-0.0322900813717778,53.0,2.0,0.0,0.0
sim,N,pin-pred-lr_rh,0.2583155014352289,0.2545424597417741,0.2618160317910879,14.0,1.0,0.0,0.0
sim,N,pin-pred-lr_rl,0.2725805278835875,0.26859460655011747,0.27625317526740056,8.0,1.0,0.0,0.0
sim,N,pin-pred-lr_rt,-0.03709541203178652,-0.041960714482862475,-0.03225722485647201,53.0,2.0,0.0,0.0
sim,N,pin-pred-xgb_pinned_rh,0.25615308492125705,0.252633519412996,0.2594924638512852,16.0,1.0,0.0,0.0
sim,N,pin-pred-xgb_pinned_rl,0.3439783913743581,0.33958767603590007,0.34813684020663543,4.0,1.0,0.01,0.345
sim,N,pin-pred-xgb_pinned_rt,-0.052261347067799745,-0.056832161164201915,-0.04765354899106759,60.0,1.0,0.0,0.0
sim,N,pin-pred-xgb_rh,0.2561739566488402,0.252635548608431,0.25948974111884027,15.0,1.0,0.0,0.0
sim,N,pin-pred-xgb_rl,0.344000607121328,0.33954941829059265,0.3481515077009497,3.0,1.0,0.046,0.72
sim,N,pin-pred-xgb_rt,-0.051233927358842975,-0.0557335099019595,-0.04652425232317576,58.0,2.0,0.0,0.0
sim,N,pos-abs_pinned_rh,0.25399034539903503,0.2502765029771249,0.2577380217471379,17.0,1.0,0.0,0.0
sim,N,pos-abs_pinned_rl,0.21503728389403376,0.2106744267001449,0.2194742343139807,31.0,0.0,0.0,0.0
sim,N,pos-abs_pinned_rt,-0.021426790597400127,-0.025954954286345835,-0.016304710319910792,48.0,0.0,0.0,0.0
sim,N,pos-abs_rh,0.2537392207645011,0.24998568064460233,0.2575303632749786,19.0,1.0,0.0,0.0
sim,N,pos-abs_rl,0.21442202588292156,0.20998466480255495,0.21886709041326396,32.0,0.0,0.0,0.0
sim,N,pos-abs_rt,-0.022945859159731814,-0.0274160794861393,-0.01768981223643869,49.0,0.0,0.0,0.0
sim,N,pos-rel_pinned_rh,0.2539040820639274,0.25017396816770576,0.25776298356932065,18.0,1.0,0.0,0.0
sim,N,pos-rel_pinned_rl,0.1424432337556373,0.13809635003483997,0.14675302481685826,33.0,0.0,0.0,0.0
sim,N,pos-rel_pinned_rt,0.034952691643814454,0.030140876466438173,0.03993449313404007,43.0,0.0,0.0,0.0
sim,N,pos-rel_rh,0.2536592171497173,0.2499419735565899,0.25749162467948944,20.0,1.0,0.0,0.0
sim,N,pos-rel_rl,0.14079779211909088,0.1363540823223055,0.1450533844749067,34.0,0.0,0.0,0.0
sim,N,pos-rel_rt,0.0364853626057734,0.031676138859792646,0.04148044715729287,42.0,0.0,0.0,0.0
sim,N,pred-nb_pinned_rh,0.26976262707660337,0.2663103960994649,0.2732008127864436,10.0,0.0,0.0,0.0
sim,N,pred-nb_pinned_rl,0.34673358016490696,0.3427402814646874,0.3504367590591825,2.0,0.0,0.0,0.935
sim,N,pred-nb_pinned_rt,-0.08655629618812119,-0.09137062436953161,-0.08159014653228486,65.0,0.0,0.0,0.0
sim,N,pred-nb_rh,0.26993655579629394,0.2664855026103018,0.2733818832560252,9.0,0.0,0.0,0.0
sim,N,pred-nb_rl,0.346907770834475,0.34291274915332015,0.3506384691125695,1.0,0.0,0.944,1.0
sim,N,pred-nb_rt,-0.08703615951292236,-0.09171206708318413,-0.08198911463433717,66.0,0.0,0.0,0.0
sim,N,pred-xgb_pinned_rh,0.2650349550718445,0.261381709383008,0.2685063303589271,11.0,0.0,0.0,0.0
sim,N,pred-xgb_pinned_rl,0.3263909165499942,0.32227264463158956,0.33045003011420254,5.0,0.0,0.0,0.0
sim,N,pred-xgb_pinned_rt,-0.04971134739320106,-0.0546232515070077,-0.044725703835785786,57.0,1.0,0.0,0.0
sim,N,pred-xgb_rh,0.2649467713511184,0.26129946645290275,0.2683962050667696,12.0,0.0,0.0,0.0
sim,N,pred-xgb_rl,0.3256782104398336,0.32162981463429724,0.32981785721768825,6.0,0.0,0.0,0.0
sim,N,pred-xgb_rt,-0.05026544380779347,-0.05521634266421067,-0.045298226140124194,58.0,2.0,0.0,0.0
sim,N,random_pinned_rh,0.24436166653802252,0.24056325715533025,0.248057618445902,24.0,2.0,0.0,0.0
sim,N,random_pinned_rl,0.008380098146537585,0.004915287828622261,0.01176140811292307,45.0,0.0,0.0,0.0
sim,N,random_pinned_rt,0.004118036377929502,7.482547061001433e-05,0.008494090468058308,46.0,0.0,0.0,0.0
sim,N,random_rh,0.24340496746276508,0.23957999521729104,0.24734890571894902,27.0,3.0,0.0,0.0
sim,N,random_rl,-0.0023618213362418304,-0.005710490456249926,0.001188910878288315,47.0,0.0,0.0,0.0
sim,N,random_rt,0.010274180255046181,0.006224837678830199,0.01404811513140871,44.0,0.0,0.0,0.0
sim,N,rev-chron_pinned_rh,0.24544464637949193,0.24164057766607103,0.24907321003261004,21.0,0.0,0.0,0.0
sim,N,rev-chron_pinned_rl,-0.051164633990807735,-0.05549089521618664,-0.04690023541385407,58.0,4.0,0.0,0.0
sim,N,rev-chron_pinned_rt,0.04125452819131051,0.03658599741832267,0.045708354126666635,41.0,0.0,0.0,0.0
sim,N,rev-chron_rh,0.2434624750969351,0.23960488762462337,0.24703568098669956,26.0,3.0,0.0,0.0
sim,N,rev-chron_rl,-0.068287743546212,-0.0723212384584985,-0.06403392483888731,63.0,1.0,0.0,0.0
sim,N,rev-chron_rt,0.055556856236784455,0.05121522495783805,0.05981568425203089,40.0,0.0,0.0,0.0
smog,N,chron_pinned_rh,0.08182870883311368,0.0786111250406436,0.08495429631533624,38.0,1.0,0.0,0.0
smog,N,chron_pinned_rl,-0.01427760683241043,-0.017801163781138503,-0.01061476776842487,61.0,1.0,0.0,0.0
smog,N,chron_pinned_rt,-0.019935730081385192,-0.023393178443173266,-0.01641304718550078,63.0,1.0,0.0,0.0
smog,N,chron_rh,0.07888106442346299,0.0756254494276402,0.08201938828743445,40.0,0.0,0.0,0.0
smog,N,chron_rl,-0.019541663155867296,-0.023070314961954632,-0.015872267957173395,62.0,1.0,0.0,0.0
smog,N,chron_rt,-0.02892637455641699,-0.03263670259615497,-0.025480416359972523,64.0,1.0,0.0,0.0
smog,N,least-neg-abs_pinned_rh,0.08349779217486046,0.08022128953511143,0.08681742668963674,36.0,1.0,0.0,0.0
smog,N,least-neg-abs_pinned_rl,-0.030484536103362027,-0.03383216230276706,-0.02720838187064507,65.0,1.0,0.0,0.0
smog,N,least-neg-abs_pinned_rt,-0.008296898710973812,-0.012000075614333628,-0.004578367940081588,59.0,0.0,0.0,0.0
smog,N,least-neg-abs_rh,0.0809470162414476,0.07771080925599481,0.08422823095262956,39.0,1.0,0.0,0.0
smog,N,least-neg-abs_rl,-0.038505791479963636,-0.041821038141103294,-0.03519032892160685,66.0,0.0,0.0,0.0
smog,N,least-neg-abs_rt,-0.013199066770325955,-0.016868723587200995,-0.009294186428223545,60.0,1.0,0.0,0.0
smog,N,neg-abs_pinned_rh,0.09697829621509717,0.09396632634894667,0.10008193368127383,23.0,0.0,0.0,0.0
smog,N,neg-abs_pinned_rl,0.0846395053720674,0.08141088174856032,0.0880032615410013,34.0,3.0,0.0,0.0
smog,N,neg-abs_pinned_rt,0.028827873508239992,0.025140802203611305,0.03239353284419032,51.0,1.0,0.0,0.0
smog,N,neg-abs_rh,0.09593667760227322,0.09291942901383256,0.09902337229807767,24.0,1.0,0.0,0.0
smog,N,neg-abs_rl,0.08261690199627988,0.07939516847606275,0.08593125318298346,37.0,3.0,0.0,0.0
smog,N,neg-abs_rt,0.024396542319674582,0.020522134511107064,0.02807944561581254,53.0,0.0,0.0,0.0
smog,N,pin-pred-lr_pinned_rh,0.11477301039950827,0.11148179957929495,0.11785819372233206,18.0,1.0,0.0,0.0
smog,N,pin-pred-lr_pinned_rl,0.17062205334806577,0.1672023317751245,0.17367602828165105,8.0,1.0,0.0,0.0
smog,N,pin-pred-lr_pinned_rt,0.07045171554380998,0.06646538065275172,0.0740986426320797,42.0,1.0,0.0,0.0
smog,N,pin-pred-lr_rh,0.11478492158786203,0.11157783186023638,0.11786089288978911,17.0,1.0,0.0,0.0
smog,N,pin-pred-lr_rl,0.1706305827142806,0.1672111338075332,0.17369780496204223,7.0,1.0,0.0,0.0
smog,N,pin-pred-lr_rt,0.07058150246119706,0.06661304089013022,0.07426206288231732,41.0,1.0,0.0,0.0
smog,N,pin-pred-xgb_pinned_rh,0.1208912700443817,0.11777303879136848,0.12404142954491054,14.0,1.0,0.0,0.0
smog,N,pin-pred-xgb_pinned_rl,0.25470007973497516,0.25101876078148044,0.25817958193693585,2.0,0.0,0.078,1.0
smog,N,pin-pred-xgb_pinned_rt,0.09162983418519716,0.08770015749421811,0.09533937508200262,28.0,1.0,0.0,0.0
smog,N,pin-pred-xgb_rh,0.1209365712913478,0.11781513999197617,0.12410567265183718,13.0,1.0,0.0,0.0
smog,N,pin-pred-xgb_rl,0.2547478046877736,0.2511201313138775,0.25824693425732004,1.0,0.0,0.922,1.0
smog,N,pin-pred-xgb_rt,0.09187839514892869,0.08788519946073653,0.09557217519296721,27.0,1.0,0.0,0.0
smog,N,pos-abs_pinned_rh,0.10265033723388925,0.09940299107580866,0.10566616831522428,19.0,0.0,0.0,0.0
smog,N,pos-abs_pinned_rl,0.1293574322477699,0.12594470477479022,0.1325339662227915,11.0,0.0,0.0,0.0
smog,N,pos-abs_pinned_rt,0.03865295237751725,0.03469415097171182,0.042063177558581764,46.0,1.0,0.0,0.0
smog,N,pos-abs_rh,0.10238471327631894,0.09910980031364715,0.10540628886407581,20.0,0.0,0.0,0.0
smog,N,pos-abs_rl,0.12893995813247222,0.12554538929283104,0.13207904548414076,12.0,0.0,0.0,0.0
smog,N,pos-abs_rt,0.03704022928625281,0.03322600074877076,0.04052916364045675,48.0,1.0,0.0,0.0
smog,N,pos-rel_pinned_rh,0.09960968572551555,0.09629204386705109,0.10263296574030051,21.0,0.0,0.0,0.0
smog,N,pos-rel_pinned_rl,0.08537980788980565,0.08189497077828084,0.08859583027015555,32.0,2.0,0.0,0.0
smog,N,pos-rel_pinned_rt,0.03236746650744346,0.028431383535788834,0.03611686119299635,49.0,0.0,0.0,0.0
smog,N,pos-rel_rh,0.09920033358756053,0.09591481334109252,0.102293387367492,22.0,0.0,0.0,0.0
smog,N,pos-rel_rl,0.08425759748629119,0.08077661286963315,0.08749966454167175,34.0,3.0,0.0,0.0
smog,N,pos-rel_rt,0.02988660895076363,0.025983556839802243,0.03371068764116103,51.0,2.0,0.0,0.0
smog,N,pred-nb_pinned_rh,0.1339616286808805,0.13077335836582674,0.13700100874839932,10.0,0.0,0.0,0.0
smog,N,pred-nb_pinned_rl,0.20859412917200768,0.20493317864471777,0.21241494814255427,4.0,0.0,0.0,0.0
smog,N,pred-nb_pinned_rt,0.09334725618978894,0.08912957148472302,0.09725239951982055,26.0,1.0,0.0,0.0
smog,N,pred-nb_rh,0.13426381545298197,0.13099665908601366,0.13732340990148134,9.0,0.0,0.0,0.0
smog,N,pred-nb_rl,0.2088965083334459,0.20526329614505362,0.21269333174573424,3.0,0.0,0.0,1.0
smog,N,pred-nb_rt,0.09395948958030148,0.08974380819088928,0.0979149423980912,25.0,1.0,0.0,0.0
smog,N,pred-xgb_pinned_rh,0.12062521689682403,0.11741727784903995,0.12369237040144745,15.0,1.0,0.0,0.0
smog,N,pred-xgb_pinned_rl,0.19612777672655057,0.1925224329976331,0.2001248288794074,5.0,0.0,0.0,0.0
smog,N,pred-xgb_pinned_rt,0.05821722672601034,0.05419955611896954,0.06207540431248515,43.0,0.0,0.0,0.0
smog,N,pred-xgb_rh,0.12056304475825225,0.11734968312813425,0.12363505777197592,16.0,1.0,0.0,0.0
smog,N,pred-xgb_rl,0.1957270057688411,0.19210566825551928,0.19970766852140007,6.0,0.0,0.0,0.0
smog,N,pred-xgb_rt,0.05660491664413406,0.05249130417966562,0.06043140443501656,44.0,0.0,0.0,0.0
smog,N,random_pinned_rh,0.08790565816631356,0.08469548652618113,0.09108604297069564,31.0,0.0,0.0,0.0
smog,N,random_pinned_rl,0.008407882578898523,0.0056598595211773085,0.011133047761721984,56.0,0.0,0.0,0.0
smog,N,random_pinned_rt,0.013936205596944803,0.010477656061842132,0.01720949971143613,55.0,0.0,0.0,0.0
smog,N,random_rh,0.08418316653434997,0.08103905869031233,0.0871759821399525,34.0,2.0,0.0,0.0
smog,N,random_rl,-0.001786851083040197,-0.0043570989640174035,0.001076391384867903,58.0,0.0,0.0,0.0
smog,N,random_rt,0.006083802155213287,0.0029349675286320658,0.009358052913789477,57.0,0.0,0.0,0.0
smog,N,rev-chron_pinned_rh,0.09166428772135375,0.08846161602484545,0.0948867920796433,27.0,3.0,0.0,0.0
smog,N,rev-chron_pinned_rl,0.029663405637504435,0.026051152967233326,0.03309659212208405,51.0,1.0,0.0,0.0
smog,N,rev-chron_pinned_rt,0.0452665676870794,0.041965526791826406,0.048944813222558836,45.0,0.0,0.0,0.0
smog,N,rev-chron_rh,0.08873934979505914,0.08561407796280018,0.09201655889052619,30.0,0.0,0.0,0.0
smog,N,rev-chron_rl,0.019609363693240886,0.015950431171298966,0.023157636900295653,54.0,0.0,0.0,0.0
smog,N,rev-chron_rt,0.03828490594970732,0.03468564343670785,0.0420256406265892,47.0,2.0,0.0,0.0
