feature,n,sorting policy,FORUM,nDCG,AUC
lexdiv,10,chron_pinned_rh,0.09350351,0.46522346,0.54675174
lexdiv,10,chron_pinned_rl,0.06455199,0.4511568,0.532276
lexdiv,10,chron_pinned_rt,0.006758522,0.42259225,0.5033793
lexdiv,10,chron_rh,-0.036645148,0.3996502,0.4816774
lexdiv,10,chron_rl,-0.08806665,0.37503675,0.45596668
lexdiv,10,chron_rt,-0.1098291,0.36536074,0.44508544
lexdiv,10,least-neg-abs_pinned_rh,0.15109733,0.49464417,0.5755487
lexdiv,10,least-neg-abs_pinned_rl,0.13255754,0.48558176,0.56627876
lexdiv,10,least-neg-abs_pinned_rt,-0.022784429,0.40741402,0.4886078
lexdiv,10,least-neg-abs_rh,0.086963646,0.46123663,0.5434818
lexdiv,10,least-neg-abs_rl,0.05763289,0.44686103,0.52881646
lexdiv,10,least-neg-abs_rt,-0.12950295,0.35613406,0.43524852
lexdiv,10,neg-abs_pinned_rh,0.19743526,0.51789343,0.59871763
lexdiv,10,neg-abs_pinned_rl,0.17292164,0.5052254,0.5864608
lexdiv,10,neg-abs_pinned_rt,0.04932783,0.4432015,0.5246639
lexdiv,10,neg-abs_rh,0.15206397,0.49383518,0.576032
lexdiv,10,neg-abs_rl,0.11381513,0.4742262,0.55690753
lexdiv,10,neg-abs_rt,0.0019226758,0.4197215,0.50096136
lexdiv,10,pin-pred-lr_pinned_rh,0.294867,0.56938386,0.64743346
lexdiv,10,pin-pred-lr_pinned_rl,0.29485318,0.56937957,0.6474266
lexdiv,10,pin-pred-lr_pinned_rt,0.113676056,0.4750355,0.55683804
lexdiv,10,pin-pred-lr_rh,0.2946108,0.56925327,0.64730537
lexdiv,10,pin-pred-lr_rl,0.2946108,0.56925327,0.64730537
lexdiv,10,pin-pred-lr_rt,0.12585686,0.4811044,0.56292844
lexdiv,10,pin-pred-xgb_pinned_rh,0.3064912,0.5754962,0.65324557
lexdiv,10,pin-pred-xgb_pinned_rl,0.30990773,0.57733005,0.65495384
lexdiv,10,pin-pred-xgb_pinned_rt,0.12124991,0.47907865,0.56062496
lexdiv,10,pin-pred-xgb_rh,0.30822954,0.57642674,0.6541148
lexdiv,10,pin-pred-xgb_rl,0.31165245,0.5782616,0.6558262
lexdiv,10,pin-pred-xgb_rt,0.13211535,0.48458937,0.5660577
lexdiv,10,pos-abs_pinned_rh,0.2147413,0.5267104,0.6073707
lexdiv,10,pos-abs_pinned_rl,0.202698,0.52055734,0.60134906
lexdiv,10,pos-abs_pinned_rt,0.07199764,0.4543022,0.5359988
lexdiv,10,pos-abs_rh,0.19874452,0.51814127,0.59937227
lexdiv,10,pos-abs_rl,0.18488431,0.5110364,0.59244215
lexdiv,10,pos-abs_rt,0.052834682,0.44464406,0.5264173
lexdiv,10,pos-rel_pinned_rh,0.21131611,0.5249628,0.60565805
lexdiv,10,pos-rel_pinned_rl,0.1984923,0.5184011,0.59924614
lexdiv,10,pos-rel_pinned_rt,0.070819125,0.4537493,0.53540957
lexdiv,10,pos-rel_rh,0.19230096,0.5148122,0.59615046
lexdiv,10,pos-rel_rl,0.1773943,0.5071494,0.58869714
lexdiv,10,pos-rel_rt,0.05010898,0.44326082,0.52505445
lexdiv,10,pred-nb_pinned_rh,0.39193672,0.6232079,0.6959684
lexdiv,10,pred-nb_pinned_rl,0.39229795,0.6234,0.696149
lexdiv,10,pred-nb_pinned_rt,0.15182382,0.49477136,0.57591194
lexdiv,10,pred-nb_rh,0.40709552,0.6315359,0.7035477
lexdiv,10,pred-nb_rl,0.40744936,0.6317243,0.7037247
lexdiv,10,pred-nb_rt,0.1768596,0.5075256,0.5884298
lexdiv,10,pred-xgb_pinned_rh,0.28925383,0.5661409,0.644627
lexdiv,10,pred-xgb_pinned_rl,0.29056332,0.56682706,0.6452817
lexdiv,10,pred-xgb_pinned_rt,0.10200842,0.46935698,0.5510042
lexdiv,10,pred-xgb_rh,0.28384867,0.56310594,0.6419244
lexdiv,10,pred-xgb_rl,0.28520635,0.5638178,0.64260316
lexdiv,10,pred-xgb_rt,0.08959699,0.46315247,0.5447985
lexdiv,10,random_pinned_rh,0.16596219,0.50171,0.5829811
lexdiv,10,random_pinned_rl,0.09770877,0.46719053,0.5488544
lexdiv,10,random_pinned_rt,0.052328024,0.44447228,0.52616405
lexdiv,10,random_rh,0.07146778,0.4528595,0.5357339
lexdiv,10,random_rl,-0.03101812,0.40202874,0.48449096
lexdiv,10,random_rt,-0.011602611,0.41232073,0.4941987
lexdiv,10,rev-chron_pinned_rh,0.1703648,0.5043582,0.58518237
lexdiv,10,rev-chron_pinned_rl,0.105021685,0.47191247,0.5525108
lexdiv,10,rev-chron_pinned_rt,0.08307954,0.4598095,0.5415397
lexdiv,10,rev-chron_rh,0.09472694,0.46507668,0.54736346
lexdiv,10,rev-chron_rl,-0.011450809,0.41306618,0.4942746
lexdiv,10,rev-chron_rt,0.059821077,0.44787723,0.52991056
sentcomp,10,chron_pinned_rh,-0.0690701,0.38799623,0.46546492
sentcomp,10,chron_pinned_rl,-0.069087215,0.38772282,0.4654564
sentcomp,10,chron_pinned_rt,-0.0672297,0.38858488,0.46638516
sentcomp,10,chron_rh,-0.053819884,0.39486265,0.47309005
sentcomp,10,chron_rl,-0.05255899,0.39505613,0.47372052
sentcomp,10,chron_rt,-0.0579369,0.39265665,0.47103158
sentcomp,10,least-neg-abs_pinned_rh,-0.0796683,0.38265628,0.46016586
sentcomp,10,least-neg-abs_pinned_rl,-0.08507137,0.37999913,0.4574643
sentcomp,10,least-neg-abs_pinned_rt,-0.12680988,0.3597133,0.43659505
sentcomp,10,least-neg-abs_rh,-0.06476738,0.38936183,0.46761632
sentcomp,10,least-neg-abs_rl,-0.06998538,0.38675836,0.4650073
sentcomp,10,least-neg-abs_rt,-0.02918623,0.40612316,0.48540688
sentcomp,10,neg-abs_pinned_rh,-0.14005886,0.35408878,0.42997056
sentcomp,10,neg-abs_pinned_rl,-0.13995706,0.35375926,0.43002146
sentcomp,10,neg-abs_pinned_rt,-0.105380245,0.3700872,0.44730988
sentcomp,10,neg-abs_rh,-0.165501,0.3418763,0.4172495
sentcomp,10,neg-abs_rl,-0.16517842,0.34157088,0.41741076
sentcomp,10,neg-abs_rt,-0.13063967,0.3580148,0.43468016
sentcomp,10,pin-pred-lr_pinned_rh,-0.097384915,0.3749853,0.45130754
sentcomp,10,pin-pred-lr_pinned_rl,-0.09731224,0.37501737,0.4513439
sentcomp,10,pin-pred-lr_pinned_rt,-0.0777418,0.38340643,0.46112907
sentcomp,10,pin-pred-lr_rh,-0.09648267,0.37560448,0.45175865
sentcomp,10,pin-pred-lr_rl,-0.09648267,0.37560448,0.45175865
sentcomp,10,pin-pred-lr_rt,-0.07638123,0.38420123,0.4618094
sentcomp,10,pin-pred-xgb_pinned_rh,-0.10359619,0.37168938,0.4482019
sentcomp,10,pin-pred-xgb_pinned_rl,-0.10246049,0.3722184,0.44876978
sentcomp,10,pin-pred-xgb_pinned_rt,-0.08358611,0.38067085,0.45820695
sentcomp,10,pin-pred-xgb_rh,-0.099104404,0.37395406,0.4504478
sentcomp,10,pin-pred-xgb_rl,-0.097931735,0.3745028,0.45103413
sentcomp,10,pin-pred-xgb_rt,-0.07452418,0.38506716,0.46273792
sentcomp,10,pos-abs_pinned_rh,-0.10643565,0.37036332,0.44678214
sentcomp,10,pos-abs_pinned_rl,-0.10918806,0.36882403,0.44540596
sentcomp,10,pos-abs_pinned_rt,-0.0797958,0.3825083,0.4601021
sentcomp,10,pos-abs_rh,-0.11245431,0.36746693,0.44377282
sentcomp,10,pos-abs_rl,-0.11585907,0.3656075,0.44207048
sentcomp,10,pos-abs_rt,-0.079829,0.38222653,0.46008548
sentcomp,10,pos-rel_pinned_rh,-0.10089795,0.37296113,0.44955102
sentcomp,10,pos-rel_pinned_rl,-0.105101906,0.37073535,0.44744903
sentcomp,10,pos-rel_pinned_rt,-0.07687867,0.3839717,0.4615607
sentcomp,10,pos-rel_rh,-0.1050203,0.37094355,0.44748983
sentcomp,10,pos-rel_rl,-0.11044754,0.36811146,0.44477624
sentcomp,10,pos-rel_rt,-0.07584723,0.3842396,0.46207637
sentcomp,10,pred-nb_pinned_rh,-0.1815051,0.3350989,0.40924746
sentcomp,10,pred-nb_pinned_rl,-0.18157363,0.33506462,0.40921322
sentcomp,10,pred-nb_pinned_rt,-0.11226681,0.36700732,0.4438666
sentcomp,10,pred-nb_rh,-0.19217363,0.3299778,0.4039132
sentcomp,10,pred-nb_rl,-0.19224235,0.32994425,0.40387884
sentcomp,10,pred-nb_rt,-0.13509676,0.35614228,0.4324516
sentcomp,10,pred-xgb_pinned_rh,-0.15922743,0.34579384,0.4203863
sentcomp,10,pred-xgb_pinned_rl,-0.16003564,0.34539554,0.4199822
sentcomp,10,pred-xgb_pinned_rt,-0.10594822,0.37011018,0.44702587
sentcomp,10,pred-xgb_rh,-0.16170037,0.3445446,0.41914982
sentcomp,10,pred-xgb_rl,-0.162543,0.34412903,0.41872853
sentcomp,10,pred-xgb_rt,-0.111612156,0.36729696,0.44419393
sentcomp,10,random_pinned_rh,-0.08691948,0.37909535,0.45654026
sentcomp,10,random_pinned_rl,-0.08521718,0.37934753,0.45739138
sentcomp,10,random_pinned_rt,-0.0812763,0.38140744,0.45936182
sentcomp,10,random_rh,-0.08190233,0.38081428,0.45904884
sentcomp,10,random_rl,-0.07634454,0.3825538,0.46182775
sentcomp,10,random_rt,-0.07484263,0.3843322,0.4625787
sentcomp,10,rev-chron_pinned_rh,-0.09156267,0.37677038,0.4542187
sentcomp,10,rev-chron_pinned_rl,-0.09696911,0.37415528,0.45151544
sentcomp,10,rev-chron_pinned_rt,-0.08141082,0.38137943,0.45929462
sentcomp,10,rev-chron_rh,-0.08498684,0.3793031,0.45750657
sentcomp,10,rev-chron_rl,-0.09534763,0.37444934,0.4523262
sentcomp,10,rev-chron_rt,-0.08152675,0.38088152,0.45923665
sim,10,chron_pinned_rh,0.046641804,0.44205314,0.5233209
sim,10,chron_pinned_rl,0.0043693245,0.42179164,0.5021847
sim,10,chron_pinned_rt,-0.11354838,0.36611024,0.44322583
sim,10,chron_rh,-0.0016663965,0.4192485,0.4991668
sim,10,chron_rl,-0.07578902,0.38424003,0.4621055
sim,10,chron_rt,-0.1491511,0.35017157,0.42542446
sim,10,least-neg-abs_pinned_rh,0.06617383,0.45137793,0.53308696
sim,10,least-neg-abs_pinned_rl,0.015501613,0.42709878,0.5077508
sim,10,least-neg-abs_pinned_rt,-0.2206568,0.31725317,0.38967162
sim,10,least-neg-abs_rh,0.043545254,0.4406672,0.5217726
sim,10,least-neg-abs_rl,-0.026341636,0.40735418,0.4868292
sim,10,least-neg-abs_rt,-0.13740446,0.35584214,0.43129775
sim,10,neg-abs_pinned_rh,0.05540008,0.44549754,0.52770007
sim,10,neg-abs_pinned_rl,0.005657475,0.42152682,0.5028287
sim,10,neg-abs_pinned_rt,-0.15503202,0.34701377,0.422484
sim,10,neg-abs_rh,0.029043796,0.43265426,0.5145219
sim,10,neg-abs_rl,-0.039832838,0.39958715,0.48008358
sim,10,neg-abs_rt,-0.20435143,0.32460752,0.3978243
sim,10,pin-pred-lr_pinned_rh,0.10346813,0.469188,0.55173403
sim,10,pin-pred-lr_pinned_rl,0.10344958,0.46917903,0.5517248
sim,10,pin-pred-lr_pinned_rt,-0.10742894,0.36877465,0.44628552
sim,10,pin-pred-lr_rh,0.103552364,0.46931887,0.5517762
sim,10,pin-pred-lr_rl,0.103552364,0.46931887,0.5517762
sim,10,pin-pred-lr_rt,-0.09351153,0.37527865,0.4532442
sim,10,pin-pred-xgb_pinned_rh,0.10657593,0.47077203,0.553288
sim,10,pin-pred-xgb_pinned_rl,0.10449369,0.46967506,0.55224687
sim,10,pin-pred-xgb_pinned_rt,-0.10105614,0.3717761,0.44947195
sim,10,pin-pred-xgb_rh,0.10871192,0.4718812,0.554356
sim,10,pin-pred-xgb_rl,0.106645875,0.47078833,0.5533229
sim,10,pin-pred-xgb_rt,-0.08638898,0.37863815,0.4568055
sim,10,pos-abs_pinned_rh,0.092350334,0.46389437,0.5461752
sim,10,pos-abs_pinned_rl,0.06741042,0.4515253,0.53370523
sim,10,pos-abs_pinned_rt,-0.10593231,0.3695505,0.44703385
sim,10,pos-abs_rh,0.08878418,0.46217674,0.5443921
sim,10,pos-abs_rl,0.061700292,0.44873643,0.5308501
sim,10,pos-abs_rt,-0.115038864,0.36528346,0.44248056
sim,10,pos-rel_pinned_rh,0.09482803,0.46513173,0.547414
sim,10,pos-rel_pinned_rl,0.06729267,0.4515202,0.5336463
sim,10,pos-rel_pinned_rt,-0.099420354,0.37263104,0.45028985
sim,10,pos-rel_rh,0.09123408,0.46341762,0.54561704
sim,10,pos-rel_rl,0.060731247,0.44834137,0.53036565
sim,10,pos-rel_rt,-0.108818084,0.36822245,0.44559094
sim,10,pred-nb_pinned_rh,0.14142093,0.48824987,0.5707105
sim,10,pred-nb_pinned_rl,0.14135383,0.48821935,0.57067686
sim,10,pred-nb_pinned_rt,-0.10875902,0.36801073,0.4456205
sim,10,pred-nb_rh,0.14820863,0.4916055,0.5741043
sim,10,pred-nb_rl,0.14814787,0.49157888,0.574074
sim,10,pred-nb_rt,-0.102963224,0.37073395,0.4485184
sim,10,pred-xgb_pinned_rh,0.114096485,0.4746525,0.55704826
sim,10,pred-xgb_pinned_rl,0.11264182,0.47390604,0.5563209
sim,10,pred-xgb_pinned_rt,-0.12050752,0.36290833,0.43974623
sim,10,pred-xgb_rh,0.113893725,0.47453138,0.5569469
sim,10,pred-xgb_rl,0.11234718,0.47373933,0.55617356
sim,10,pred-xgb_rt,-0.12633453,0.36018687,0.43683276
sim,10,random_pinned_rh,0.061106574,0.44851252,0.5305533
sim,10,random_pinned_rl,-0.07904317,0.38143885,0.4604784
sim,10,random_pinned_rt,-0.099670015,0.3724242,0.45016497
sim,10,random_rh,0.028895117,0.43314323,0.51444757
sim,10,random_rl,-0.18973456,0.32962894,0.40513268
sim,10,random_rt,-0.11305501,0.36616832,0.44347247
sim,10,rev-chron_pinned_rh,0.0711452,0.45369768,0.5355726
sim,10,rev-chron_pinned_rl,-0.117388554,0.36443955,0.4413057
sim,10,rev-chron_pinned_rt,-0.048249345,0.39683396,0.47587532
sim,10,rev-chron_rh,0.039431464,0.43851548,0.5197157
sim,10,rev-chron_rl,-0.26219845,0.29754046,0.36890078
sim,10,rev-chron_rt,-0.016531836,0.41172487,0.4917341
smog,10,chron_pinned_rh,0.032286946,0.43321764,0.5161435
smog,10,chron_pinned_rl,0.01182829,0.42334017,0.50591415
smog,10,chron_pinned_rt,-0.023622576,0.40630177,0.4881887
smog,10,chron_rh,-0.04390004,0.39639774,0.47805
smog,10,chron_rl,-0.0807926,0.37886742,0.4596037
smog,10,chron_rt,-0.096489884,0.37167338,0.45175505
smog,10,least-neg-abs_pinned_rh,0.0643526,0.44882566,0.5321763
smog,10,least-neg-abs_pinned_rl,0.049950507,0.44191858,0.52497524
smog,10,least-neg-abs_pinned_rt,-0.04301814,0.39683795,0.47849092
smog,10,least-neg-abs_rh,0.031747628,0.43263564,0.5158738
smog,10,least-neg-abs_rl,0.008876099,0.42169225,0.50443804
smog,10,least-neg-abs_rt,-0.10710126,0.36661318,0.44644937
smog,10,neg-abs_pinned_rh,0.10007654,0.466512,0.5500383
smog,10,neg-abs_pinned_rl,0.08214095,0.4575046,0.54107046
smog,10,neg-abs_pinned_rt,0.0038241865,0.41934958,0.5019121
smog,10,neg-abs_rh,0.075629406,0.45420828,0.53781474
smog,10,neg-abs_rl,0.049320374,0.44107315,0.52466017
smog,10,neg-abs_rt,-0.030579118,0.40292004,0.48471045
smog,10,pin-pred-lr_pinned_rh,0.15266107,0.4930997,0.57633054
smog,10,pin-pred-lr_pinned_rl,0.15263423,0.49308565,0.5763171
smog,10,pin-pred-lr_pinned_rt,0.042000983,0.43779662,0.5210005
smog,10,pin-pred-lr_rh,0.15357308,0.49365607,0.5767865
smog,10,pin-pred-lr_rl,0.15357308,0.49365607,0.5767865
smog,10,pin-pred-lr_rt,0.048378322,0.44105008,0.5241892
smog,10,pin-pred-xgb_pinned_rh,0.16546686,0.49955612,0.58273345
smog,10,pin-pred-xgb_pinned_rl,0.16691786,0.50030553,0.58345896
smog,10,pin-pred-xgb_pinned_rt,0.049376152,0.44153163,0.52468807
smog,10,pin-pred-xgb_rh,0.16736521,0.5005648,0.5836826
smog,10,pin-pred-xgb_rl,0.16883472,0.50132436,0.58441734
smog,10,pin-pred-xgb_rt,0.05415049,0.443916,0.52707523
smog,10,pos-abs_pinned_rh,0.11427982,0.473539,0.55713993
smog,10,pos-abs_pinned_rl,0.107379235,0.4700494,0.5536896
smog,10,pos-abs_pinned_rt,0.022303555,0.4281774,0.5111518
smog,10,pos-abs_rh,0.109576344,0.4711977,0.5547882
smog,10,pos-abs_rl,0.10188659,0.46730322,0.55094326
smog,10,pos-abs_rt,0.011678065,0.4231219,0.50583905
smog,10,pos-rel_pinned_rh,0.11281992,0.47283995,0.55640996
smog,10,pos-rel_pinned_rl,0.10523576,0.4689998,0.55261785
smog,10,pos-rel_pinned_rt,0.02060034,0.4273731,0.51030016
smog,10,pos-rel_rh,0.1070516,0.4699637,0.5535258
smog,10,pos-rel_rl,0.09868808,0.4657256,0.54934406
smog,10,pos-rel_rt,0.009763719,0.4222069,0.50488186
smog,10,pred-nb_pinned_rh,0.22635178,0.53184307,0.61317587
smog,10,pred-nb_pinned_rl,0.22645919,0.53189623,0.6132296
smog,10,pred-nb_pinned_rt,0.07076076,0.45245153,0.53538036
smog,10,pred-nb_rh,0.23646429,0.5370858,0.6182322
smog,10,pred-nb_rl,0.23657238,0.5371395,0.6182862
smog,10,pred-nb_rt,0.08668647,0.46030772,0.54334325
smog,10,pred-xgb_pinned_rh,0.15924338,0.49638918,0.5796217
smog,10,pred-xgb_pinned_rl,0.15943089,0.49649286,0.5797155
smog,10,pred-xgb_pinned_rt,0.03870549,0.43628946,0.51935273
smog,10,pred-xgb_rh,0.1595664,0.49654618,0.5797832
smog,10,pred-xgb_rl,0.15976292,0.49665326,0.5798814
smog,10,pred-xgb_rt,0.03178488,0.4330264,0.51589245
smog,10,random_pinned_rh,0.07217061,0.45253915,0.5360853
smog,10,random_pinned_rl,0.028881127,0.43116933,0.5144406
smog,10,random_pinned_rt,0.0062286793,0.4203597,0.50311434
smog,10,random_rh,0.021506168,0.4273878,0.51075304
smog,10,random_rl,-0.04828604,0.39356005,0.47585696
smog,10,random_rt,-0.027814738,0.40379152,0.48609263
smog,10,rev-chron_pinned_rh,0.076050185,0.4545151,0.53802514
smog,10,rev-chron_pinned_rl,0.017954169,0.4263615,0.5089771
smog,10,rev-chron_pinned_rt,0.021762114,0.42793906,0.51088107
smog,10,rev-chron_rh,0.03509439,0.4342595,0.5175472
smog,10,rev-chron_rl,-0.056892496,0.39007562,0.47155374
smog,10,rev-chron_rt,0.010605522,0.42238808,0.5053027
lexdiv,N,chron_pinned_rh,0.10756361,0.46654588,0.5502668
lexdiv,N,chron_pinned_rl,-0.039608937,0.42978773,0.5062358
lexdiv,N,chron_pinned_rt,-0.033692572,0.41335177,0.4932665
lexdiv,N,chron_rh,0.102386884,0.4253205,0.51643544
lexdiv,N,chron_rl,-0.048741717,0.38140997,0.4657979
lexdiv,N,chron_rt,-0.049809244,0.3752421,0.46009043
lexdiv,N,least-neg-abs_pinned_rh,0.11191599,0.4854826,0.56575334
lexdiv,N,least-neg-abs_pinned_rl,-0.037386853,0.45125496,0.5237927
lexdiv,N,least-neg-abs_pinned_rt,-0.009987055,0.40855378,0.49180713
lexdiv,N,least-neg-abs_rh,0.107441306,0.4641144,0.54860127
lexdiv,N,least-neg-abs_rl,-0.05052699,0.42505798,0.50177646
lexdiv,N,least-neg-abs_rt,-0.027664797,0.37377384,0.46070805
lexdiv,N,neg-abs_pinned_rh,0.13169636,0.5036321,0.5822829
lexdiv,N,neg-abs_pinned_rl,0.1224628,0.4940333,0.5738461
lexdiv,N,neg-abs_pinned_rt,0.051177394,0.44216695,0.52512634
lexdiv,N,neg-abs_rh,0.1297914,0.48850122,0.57046384
lexdiv,N,neg-abs_rl,0.11908697,0.4743588,0.5582255
lexdiv,N,neg-abs_rt,0.04350132,0.4263007,0.511356
lexdiv,N,pin-pred-lr_pinned_rh,0.15787089,0.5404299,0.61318445
lexdiv,N,pin-pred-lr_pinned_rl,0.2405273,0.55720085,0.63384515
lexdiv,N,pin-pred-lr_pinned_rt,0.11152281,0.47343946,0.5562997
lexdiv,N,pin-pred-lr_rh,0.15782711,0.5403417,0.61310947
lexdiv,N,pin-pred-lr_rl,0.24046944,0.5571119,0.63377005
lexdiv,N,pin-pred-lr_rt,0.11179226,0.4772152,0.5594123
lexdiv,N,pin-pred-xgb_pinned_rh,0.1679072,0.5462071,0.6185996
lexdiv,N,pin-pred-xgb_pinned_rl,0.36772826,0.58896506,0.669409
lexdiv,N,pin-pred-xgb_pinned_rt,0.14344794,0.48229092,0.5661745
lexdiv,N,pin-pred-xgb_rh,0.1678979,0.5467762,0.61903185
lexdiv,N,pin-pred-xgb_rl,0.36771986,0.5895348,0.6698431
lexdiv,N,pin-pred-xgb_rt,0.14379679,0.48573953,0.568978
lexdiv,N,pos-abs_pinned_rh,0.1375499,0.51018554,0.58807284
lexdiv,N,pos-abs_pinned_rl,0.16165899,0.5113067,0.59108925
lexdiv,N,pos-abs_pinned_rt,0.057603795,0.4501899,0.53240037
lexdiv,N,pos-abs_rh,0.13682605,0.50478846,0.58389264
lexdiv,N,pos-abs_rl,0.1606287,0.5052635,0.5863783
lexdiv,N,pos-abs_rt,0.05455518,0.44367787,0.5268475
lexdiv,N,pos-rel_pinned_rh,0.13287346,0.5081901,0.5860474
lexdiv,N,pos-rel_pinned_rl,0.0993974,0.49760976,0.5744724
lexdiv,N,pos-rel_pinned_rt,0.04424682,0.44730294,0.5287665
lexdiv,N,pos-rel_rh,0.13185927,0.5017664,0.5810401
lexdiv,N,pos-rel_rl,0.09710186,0.49026176,0.5686241
lexdiv,N,pos-rel_rt,0.039604466,0.43998304,0.52242833
lexdiv,N,pred-nb_pinned_rh,0.17689008,0.5772731,0.64220667
lexdiv,N,pred-nb_pinned_rl,0.24303502,0.5910824,0.6588332
lexdiv,N,pred-nb_pinned_rt,0.12664919,0.48859346,0.5696183
lexdiv,N,pred-nb_rh,0.17730571,0.5824633,0.64610034
lexdiv,N,pred-nb_rl,0.24345037,0.5962729,0.662725
lexdiv,N,pred-nb_rt,0.12755065,0.49659383,0.57610255
lexdiv,N,pred-xgb_pinned_rh,0.16100399,0.5390623,0.61256444
lexdiv,N,pred-xgb_pinned_rl,0.23943831,0.5556444,0.6325004
lexdiv,N,pred-xgb_pinned_rt,0.08199976,0.46427006,0.54600203
lexdiv,N,pred-xgb_rh,0.16069816,0.53714055,0.6111367
lexdiv,N,pred-xgb_rl,0.23865323,0.55363846,0.6309649
lexdiv,N,pred-xgb_rt,0.07946539,0.45997083,0.5422656
lexdiv,N,random_pinned_rh,0.118599676,0.4911052,0.57114047
lexdiv,N,random_pinned_rl,0.011633712,0.44905844,0.52733564
lexdiv,N,random_pinned_rt,0.01989686,0.43686894,0.5180562
lexdiv,N,random_rh,0.11342621,0.46013138,0.54622346
lexdiv,N,random_rl,-0.002087055,0.40650025,0.49172372
lexdiv,N,random_rt,0.007703097,0.41480595,0.4990251
lexdiv,N,rev-chron_pinned_rh,0.1251797,0.49405167,0.5738861
lexdiv,N,rev-chron_pinned_rl,0.06461246,0.46237186,0.5424085
lexdiv,N,rev-chron_pinned_rt,0.07401276,0.45675695,0.5392731
lexdiv,N,rev-chron_rh,0.12025227,0.4689872,0.55374485
lexdiv,N,rev-chron_rl,0.048855156,0.42324555,0.5093511
lexdiv,N,rev-chron_rt,0.062375788,0.44717324,0.5305492
sentcomp,N,chron_pinned_rh,-0.0048312554,0.39746013,0.48152468
sentcomp,N,chron_pinned_rl,0.01772884,0.40159684,0.48716038
sentcomp,N,chron_pinned_rt,0.007299901,0.40013084,0.48501757
sentcomp,N,chron_rh,-0.004599688,0.4017094,0.4853951
sentcomp,N,chron_rl,0.018038454,0.4061479,0.49136987
sentcomp,N,chron_rt,0.007797433,0.40272248,0.48746514
sentcomp,N,least-neg-abs_pinned_rh,-0.0019716015,0.3947384,0.47959003
sentcomp,N,least-neg-abs_pinned_rl,0.032595348,0.3996906,0.48688102
sentcomp,N,least-neg-abs_pinned_rt,-0.026855681,0.37600774,0.4615836
sentcomp,N,least-neg-abs_rh,-0.001348896,0.3989647,0.48347095
sentcomp,N,least-neg-abs_rl,0.03355496,0.40402249,0.49089238
sentcomp,N,least-neg-abs_rt,0.033455234,0.41589758,0.5010673
sentcomp,N,neg-abs_pinned_rh,-0.018724423,0.37403473,0.46030417
sentcomp,N,neg-abs_pinned_rl,-0.038939387,0.37003466,0.45527592
sentcomp,N,neg-abs_pinned_rt,-0.032046586,0.38136262,0.4656433
sentcomp,N,neg-abs_rh,-0.019954363,0.3663092,0.45363617
sentcomp,N,neg-abs_rl,-0.040496647,0.3622695,0.44858122
sentcomp,N,neg-abs_rt,-0.03602608,0.37322512,0.45833355
sentcomp,N,pin-pred-lr_pinned_rh,-0.009106905,0.3887065,0.47337705
sentcomp,N,pin-pred-lr_pinned_rl,-0.017289773,0.38723925,0.4713495
sentcomp,N,pin-pred-lr_pinned_rt,-0.0034995489,0.39493617,0.47968966
sentcomp,N,pin-pred-lr_rh,-0.009027198,0.38910168,0.47362253
sentcomp,N,pin-pred-lr_rl,-0.017215589,0.38761345,0.47157544
sentcomp,N,pin-pred-lr_rt,-0.0031697133,0.39548704,0.48011225
sentcomp,N,pin-pred-xgb_pinned_rh,-0.018864334,0.38483274,0.46938485
sentcomp,N,pin-pred-xgb_pinned_rl,-0.05341819,0.37880588,0.46103033
sentcomp,N,pin-pred-xgb_pinned_rt,-0.032651093,0.38774675,0.47094068
sentcomp,N,pin-pred-xgb_rh,-0.01871579,0.38624972,0.47054496
sentcomp,N,pin-pred-xgb_rl,-0.053271268,0.38023388,0.46219924
sentcomp,N,pin-pred-xgb_rt,-0.032165226,0.39053223,0.47332767
sentcomp,N,pos-abs_pinned_rh,-0.014092249,0.38492873,0.469868
sentcomp,N,pos-abs_pinned_rl,-0.014680259,0.3839235,0.46903294
sentcomp,N,pos-abs_pinned_rt,-0.008876229,0.393359,0.477832
sentcomp,N,pos-abs_rh,-0.014313749,0.3831105,0.46830797
sentcomp,N,pos-abs_rl,-0.0149860345,0.38189328,0.4672887
sentcomp,N,pos-abs_rt,-0.008848944,0.3931895,0.4778305
sentcomp,N,pos-rel_pinned_rh,-0.010556228,0.38719323,0.47213647
sentcomp,N,pos-rel_pinned_rl,0.007951062,0.3893924,0.4757123
sentcomp,N,pos-rel_pinned_rt,0.008886446,0.39765093,0.48300192
sentcomp,N,pos-rel_rh,-0.010665787,0.38593528,0.4710785
sentcomp,N,pos-rel_rl,0.00788088,0.38777038,0.47435832
sentcomp,N,pos-rel_rt,0.009647276,0.39796066,0.48345003
sentcomp,N,pred-nb_pinned_rh,-0.02767282,0.36071816,0.4477055
sentcomp,N,pred-nb_pinned_rl,-0.028493341,0.36063832,0.44748324
sentcomp,N,pred-nb_pinned_rt,-0.042508766,0.37757337,0.4613061
sentcomp,N,pred-nb_rh,-0.027956553,0.357525,0.44496745
sentcomp,N,pred-nb_rl,-0.028777083,0.357446,0.44474515
sentcomp,N,pred-nb_rt,-0.043490823,0.37072948,0.4553531
sentcomp,N,pred-xgb_pinned_rh,-0.024415694,0.3679118,0.45408922
sentcomp,N,pred-xgb_pinned_rl,-0.022534331,0.3681168,0.4543575
sentcomp,N,pred-xgb_pinned_rt,-0.0225547,0.38318264,0.46787426
sentcomp,N,pred-xgb_rh,-0.024505729,0.36712846,0.4534485
sentcomp,N,pred-xgb_rl,-0.022616886,0.36732212,0.45371005
sentcomp,N,pred-xgb_rt,-0.02237047,0.38149324,0.46650434
sentcomp,N,random_pinned_rh,-0.007902436,0.3914236,0.47629452
sentcomp,N,random_pinned_rl,0.0011097116,0.3932452,0.47897315
sentcomp,N,random_pinned_rt,-0.0027210799,0.39381945,0.47900063
sentcomp,N,random_rh,-0.008443533,0.3923715,0.47741354
sentcomp,N,random_rl,-0.00033729227,0.39493886,0.48082954
sentcomp,N,random_rt,-0.0021581957,0.3957218,0.48074982
sentcomp,N,rev-chron_pinned_rh,-0.009859736,0.38962743,0.4746444
sentcomp,N,rev-chron_pinned_rl,-0.0174754,0.3865854,0.47138888
sentcomp,N,rev-chron_pinned_rt,-0.009609786,0.39250875,0.47724482
sentcomp,N,rev-chron_rh,-0.009917735,0.39116213,0.47627386
sentcomp,N,rev-chron_rl,-0.018069807,0.38666326,0.47164565
sentcomp,N,rev-chron_rt,-0.00955128,0.39221466,0.4772305
sim,N,chron_pinned_rh,0.24292277,0.4796764,0.57239115
sim,N,chron_pinned_rl,0.07384464,0.43347347,0.5195535
sim,N,chron_pinned_rt,-0.037529893,0.3780647,0.4622304
sim,N,chron_rh,0.24101515,0.46530497,0.55983716
sim,N,chron_rl,0.06839881,0.40940124,0.49815246
sim,N,chron_rt,-0.037751213,0.3682596,0.45327443
sim,N,least-neg-abs_pinned_rh,0.24499008,0.48581207,0.577791
sim,N,least-neg-abs_pinned_rl,-0.027062163,0.417447,0.49710986
sim,N,least-neg-abs_pinned_rt,-0.077624485,0.34071037,0.4254297
sim,N,least-neg-abs_rh,0.24366567,0.4789738,0.57180274
sim,N,least-neg-abs_rl,-0.03731039,0.403421,0.484087
sim,N,least-neg-abs_rt,0.09029733,0.396367,0.48822322
sim,N,neg-abs_pinned_rh,0.24415188,0.48202336,0.574888
sim,N,neg-abs_pinned_rl,0.11117625,0.44060424,0.5292084
sim,N,neg-abs_pinned_rt,-0.060830783,0.36210367,0.44603428
sim,N,neg-abs_rh,0.24295418,0.47390294,0.56799954
sim,N,neg-abs_rl,0.10789862,0.42651147,0.5170165
sim,N,neg-abs_rt,-0.06789331,0.34707794,0.43193883
sim,N,pin-pred-lr_pinned_rh,0.2583301,0.49948305,0.5904496
sim,N,pin-pred-lr_pinned_rl,0.2726072,0.50251067,0.5940142
sim,N,pin-pred-lr_pinned_rt,-0.037148125,0.37986484,0.46385574
sim,N,pin-pred-lr_rh,0.2583155,0.49956045,0.590467
sim,N,pin-pred-lr_rl,0.27258053,0.5025909,0.59403324
sim,N,pin-pred-lr_rt,-0.037095413,0.3838687,0.46734828
sim,N,pin-pred-xgb_pinned_rh,0.25615308,0.49998152,0.5906822
sim,N,pin-pred-xgb_pinned_rl,0.34397838,0.5179473,0.612118
sim,N,pin-pred-xgb_pinned_rt,-0.052261345,0.37886387,0.4616706
sim,N,pin-pred-xgb_rh,0.25617397,0.50066555,0.5912215
sim,N,pin-pred-xgb_rl,0.3440006,0.51863444,0.6126616
sim,N,pin-pred-xgb_rt,-0.051233925,0.38326487,0.4655943
sim,N,pos-abs_pinned_rh,0.25399035,0.4953498,0.58658516
sim,N,pos-abs_pinned_rl,0.21503729,0.47985533,0.5706119
sim,N,pos-abs_pinned_rt,-0.021426791,0.38326293,0.46816024
sim,N,pos-abs_rh,0.25373924,0.49424565,0.58563083
sim,N,pos-abs_rl,0.21442203,0.4780239,0.5690306
sim,N,pos-abs_rt,-0.022945859,0.3803664,0.4655038
sim,N,pos-rel_pinned_rh,0.25390407,0.49609202,0.58718306
sim,N,pos-rel_pinned_rl,0.14244322,0.46518695,0.55243397
sim,N,pos-rel_pinned_rt,0.034952693,0.3959206,0.48388308
sim,N,pos-rel_rh,0.25365922,0.49499157,0.5862233
sim,N,pos-rel_rl,0.1407978,0.46291438,0.55038226
sim,N,pos-rel_rt,0.036485363,0.39351803,0.48191684
sim,N,pred-nb_pinned_rh,0.26976264,0.51353633,0.6027959
sim,N,pred-nb_pinned_rl,0.34673357,0.5298252,0.62202185
sim,N,pred-nb_pinned_rt,-0.08655629,0.37022415,0.4511712
sim,N,pred-nb_rh,0.26993656,0.5156292,0.6045363
sim,N,pred-nb_rl,0.34690776,0.5319216,0.6237639
sim,N,pred-nb_rt,-0.08703616,0.3718103,0.45250013
sim,N,pred-xgb_pinned_rh,0.26503494,0.5042196,0.5947829
sim,N,pred-xgb_pinned_rl,0.32639092,0.51676357,0.6097582
sim,N,pred-xgb_pinned_rt,-0.04971135,0.3739485,0.45744526
sim,N,pred-xgb_rh,0.2649468,0.5041267,0.5947101
sim,N,pred-xgb_rl,0.3256782,0.51651204,0.60950637
sim,N,pred-xgb_rt,-0.050265446,0.3721778,0.45585
sim,N,random_pinned_rh,0.24436165,0.4839141,0.576367
sim,N,random_pinned_rl,0.008380098,0.39597872,0.48233426
sim,N,random_pinned_rt,0.0041180365,0.38976142,0.47611198
sim,N,random_rh,0.24340495,0.47431403,0.56807506
sim,N,random_rl,-0.0023618212,0.36217114,0.4519759
sim,N,random_rt,0.01027418,0.38707855,0.4743048
sim,N,rev-chron_pinned_rh,0.24544466,0.4873191,0.57914746
sim,N,rev-chron_pinned_rl,-0.051164635,0.37451738,0.4578617
sim,N,rev-chron_pinned_rt,0.041254528,0.4119009,0.4982513
sim,N,rev-chron_rh,0.24346247,0.47760278,0.5707235
sim,N,rev-chron_rl,-0.068287745,0.3303034,0.4173785
sim,N,rev-chron_rt,0.055556852,0.42377248,0.50975627
smog,N,chron_pinned_rh,0.081828706,0.4418188,0.5285289
smog,N,chron_pinned_rl,-0.014277606,0.4174138,0.49938768
smog,N,chron_pinned_rt,-0.01993573,0.40588552,0.48911044
smog,N,chron_rh,0.07888106,0.41866913,0.50874525
smog,N,chron_rl,-0.019541662,0.38915446,0.47491643
smog,N,chron_rt,-0.028926374,0.3829641,0.46864596
smog,N,least-neg-abs_pinned_rh,0.08349779,0.45172864,0.5369626
smog,N,least-neg-abs_pinned_rl,-0.030484537,0.4257103,0.5048665
smog,N,least-neg-abs_pinned_rt,-0.008296899,0.40229133,0.48717123
smog,N,least-neg-abs_rh,0.08094702,0.44130346,0.5281736
smog,N,least-neg-abs_rl,-0.03850579,0.41180673,0.4925926
smog,N,least-neg-abs_rt,-0.013199067,0.38283935,0.4699249
smog,N,neg-abs_pinned_rh,0.0969783,0.46519428,0.5492637
smog,N,neg-abs_pinned_rl,0.084639505,0.4572889,0.5416951
smog,N,neg-abs_pinned_rt,0.028827872,0.4231502,0.50816303
smog,N,neg-abs_rh,0.09593668,0.45744553,0.54289156
smog,N,neg-abs_rl,0.0826169,0.44682088,0.5329843
smog,N,neg-abs_rt,0.024396542,0.41224143,0.49845436
smog,N,pin-pred-lr_pinned_rh,0.114773005,0.48499927,0.56685853
smog,N,pin-pred-lr_pinned_rl,0.17062205,0.49614236,0.5808141
smog,N,pin-pred-lr_pinned_rt,0.070451714,0.44250718,0.5281132
smog,N,pin-pred-lr_rh,0.11478492,0.48534316,0.5670895
smog,N,pin-pred-lr_rl,0.17063059,0.496494,0.58105093
smog,N,pin-pred-lr_rt,0.0705815,0.4445298,0.52974
smog,N,pin-pred-xgb_pinned_rh,0.12089127,0.49016628,0.5715895
smog,N,pin-pred-xgb_pinned_rl,0.2547001,0.51779646,0.6054045
smog,N,pin-pred-xgb_pinned_rt,0.09162983,0.4489587,0.5352515
smog,N,pin-pred-xgb_rh,0.12093657,0.49079412,0.5720754
smog,N,pin-pred-xgb_rl,0.2547478,0.51843107,0.60589564
smog,N,pin-pred-xgb_rt,0.0918784,0.45046905,0.53650725
smog,N,pos-abs_pinned_rh,0.10265034,0.47061023,0.55423254
smog,N,pos-abs_pinned_rl,0.12935743,0.4737911,0.5591842
smog,N,pos-abs_pinned_rt,0.038652953,0.43045074,0.5152391
smog,N,pos-abs_rh,0.10238471,0.46912256,0.55299026
smog,N,pos-abs_rl,0.12893996,0.47202536,0.55770665
smog,N,pos-abs_rt,0.03704023,0.427043,0.51217955
smog,N,pos-rel_pinned_rh,0.09960969,0.46958885,0.5531074
smog,N,pos-rel_pinned_rl,0.08537981,0.4644895,0.54765385
smog,N,pos-rel_pinned_rt,0.032367464,0.42876375,0.51324195
smog,N,pos-rel_rh,0.09920034,0.46774486,0.55156296
smog,N,pos-rel_rl,0.084257595,0.46226346,0.54573643
smog,N,pos-rel_rt,0.029886609,0.42512557,0.50991255
smog,N,pred-nb_pinned_rh,0.13396163,0.5125693,0.59007835
smog,N,pred-nb_pinned_rl,0.20859413,0.5277194,0.60876334
smog,N,pred-nb_pinned_rt,0.09334726,0.4560218,0.541027
smog,N,pred-nb_rh,0.13426381,0.51584375,0.59268206
smog,N,pred-nb_rl,0.2088965,0.5309961,0.6113672
smog,N,pred-nb_rt,0.093959495,0.460961,0.5451615
smog,N,pred-xgb_pinned_rh,0.12062521,0.48817104,0.56996715
smog,N,pred-xgb_pinned_rl,0.19612779,0.50349575,0.58888966
smog,N,pred-xgb_pinned_rt,0.058217227,0.43928236,0.5242307
smog,N,pred-xgb_rh,0.120563045,0.48825437,0.57003236
smog,N,pred-xgb_rl,0.195727,0.50351214,0.58887243
smog,N,pred-xgb_rt,0.056604914,0.43697363,0.5220974
smog,N,random_pinned_rh,0.08790565,0.45485294,0.5400191
smog,N,random_pinned_rl,0.008407882,0.42636573,0.5093222
smog,N,random_pinned_rt,0.013936205,0.42088136,0.5050412
smog,N,random_rh,0.084183164,0.43870246,0.5264223
smog,N,random_rl,-0.0017868511,0.401369,0.4874818
smog,N,random_rt,0.0060838023,0.4092208,0.49456728
smog,N,rev-chron_pinned_rh,0.09166429,0.45680535,0.5419286
smog,N,rev-chron_pinned_rl,0.029663406,0.42761996,0.5119044
smog,N,rev-chron_pinned_rt,0.04526657,0.4315807,0.51675713
smog,N,rev-chron_rh,0.08873935,0.4438126,0.5309584
smog,N,rev-chron_rl,0.019609364,0.40345335,0.4906792
smog,N,rev-chron_rt,0.038284905,0.42683116,0.51222265
