group,n,pearson_r,spearman_rho,comparison
AQuA deliberative quality,84,0.8047410049873671,0.8621443758226182,top10_vs_full
Author incumbency,84,0.4339631281166179,0.6028753670142757,top10_vs_full
Author’s prior reception,84,0.5393991801641139,0.3720765414599575,top10_vs_full
Comment novelty,84,0.7898456265535928,0.872289156626506,top10_vs_full
Comment-Article similarity,84,0.8700639843652936,0.8936924167257264,top10_vs_full
Lexical diversity,84,0.8214965514773834,0.8771894299888632,top10_vs_full
Negative sentiment,84,0.7628007693925424,0.8043130505214134,top10_vs_full
Positive sentiment,84,0.3645003117191429,0.47591373898957173,top10_vs_full
Reading difficulty,84,0.7799042025236474,0.860099220411056,top10_vs_full
Toxicity,84,0.7647628557120858,0.8009719550470791,top10_vs_full
full | AQuA deliberative quality,84,0.9268275484863168,0.9547230940568999,forum_vs_ndcg
full | Author incumbency,84,0.9140862542532222,0.867085147311937,forum_vs_ndcg
full | Author’s prior reception,84,0.7781786806072996,0.7239647666295435,forum_vs_ndcg
full | Comment novelty,84,0.9372121790951599,0.9528804292801457,forum_vs_ndcg
full | Comment-Article similarity,84,0.9739537461549975,0.9751139009820795,forum_vs_ndcg
full | Lexical diversity,84,0.930217811054984,0.9598056089905843,forum_vs_ndcg
full | Negative sentiment,84,0.9278492701974723,0.9233167965981574,forum_vs_ndcg
full | Positive sentiment,84,0.6321027582858966,0.6441834565151362,forum_vs_ndcg
full | Reading difficulty,84,0.92617105772559,0.9629442138301103,forum_vs_ndcg
full | Toxicity,84,0.8920058272444156,0.9001113698491445,forum_vs_ndcg
top10 | AQuA deliberative quality,84,0.9902035120182892,0.9917181330363471,forum_vs_ndcg
top10 | Author incumbency,84,0.9852678378612406,0.9791029664877999,forum_vs_ndcg
top10 | Author’s prior reception,84,0.991428305370608,0.9891870001012453,forum_vs_ndcg
top10 | Comment novelty,84,0.9908704887643314,0.9879518072289157,forum_vs_ndcg
top10 | Comment-Article similarity,84,0.9896473482678445,0.9917788802267896,forum_vs_ndcg
top10 | Lexical diversity,84,0.9883797787379418,0.9960109344942797,forum_vs_ndcg
top10 | Negative sentiment,84,0.983721070497399,0.9906651817353447,forum_vs_ndcg
top10 | Positive sentiment,84,0.9656980207784756,0.94502379264959,forum_vs_ndcg
top10 | Reading difficulty,84,0.9868369121242712,0.9918598764807129,forum_vs_ndcg
top10 | Toxicity,84,0.9879079601833883,0.9924268502581755,forum_vs_ndcg
