scope,analysis_partition,primary_topic,n_articles,n_candidates,n_curator_picks,n_audience_picks_mean,candidates_per_article_mean,candidates_per_article_median,picks_per_article_mean,picks_per_article_median,reply_share_mean,relative_votes_mean,relative_votes_sum,primary_topic_label
all,development,/diestandard,42,20892,177,177.0,497.42857142857144,429.0,4.214285714285714,4.0,0.7349185607662447,5.034971054767171,86623.0,women's policy
all,development,/diskurs,391,204074,1803,1803.0,521.9283887468031,381.0,4.611253196930947,5.0,0.6229895891883785,4.750270663703491,1039063.0,opinion
all,development,/etat,69,16027,252,252.0,232.2753623188406,151.0,3.652173913043478,4.0,0.5913060994798869,5.252012970327807,92068.0,media industry
all,development,/gesundheit,87,32797,364,364.0,376.97701149425285,284.0,4.183908045977011,4.0,0.7016244219030454,4.910330007711223,160492.0,/gesundheit
all,development,/immobilien,78,27608,311,311.0,353.94871794871796,261.5,3.9871794871794872,4.0,0.6588377833054879,5.247412934970005,141242.0,/immobilien
all,development,/inland,223,178840,1000,1000.0,801.9730941704036,612.0,4.484304932735426,4.0,0.6826143252710261,5.110961081770602,938267.0,domestic
all,development,/international,200,86930,781,781.0,434.65,323.0,3.905,4.0,0.700621981942285,4.720628262107903,382062.0,international
all,development,/karriere,63,28490,269,269.0,452.22222222222223,280.0,4.26984126984127,4.0,0.6784022039925174,5.250790624293262,147711.0,/karriere
all,development,/kultur,95,20984,329,329.0,220.8842105263158,176.0,3.463157894736842,3.0,0.6021954593671,5.085605069347958,106641.0,culture
all,development,/lifestyle,263,104204,1144,1144.0,396.212927756654,302.0,4.349809885931559,4.0,0.6489116989280239,4.957014357934842,508983.0,lifestyle
all,development,/panorama,99,56109,414,414.0,566.7575757575758,367.0,4.181818181818182,4.0,0.7249243998736961,5.5754801294608365,276729.0,human interest
all,development,/podcast,3,416,7,7.0,138.66666666666666,172.0,2.3333333333333335,3.0,0.6217813469927473,8.638466757550914,4151.0,podcast
all,development,/recht,26,10637,94,94.0,409.11538461538464,336.0,3.6153846153846154,4.0,0.7375979074342405,3.951428223845049,43683.0,legal
all,development,/sport,91,23892,343,343.0,262.54945054945057,184.0,3.769230769230769,4.0,0.654459009469379,4.536626300734453,100245.0,sports
all,development,/video,4,1411,18,18.0,352.75,287.5,4.5,5.0,0.7064732495981183,3.466323647707174,5764.0,video
all,development,/web,315,121062,1176,1176.0,384.32380952380953,306.0,3.7333333333333334,4.0,0.6720696654764304,4.433062684328646,547847.0,digital
all,development,/wirtschaft,239,167252,986,986.0,699.7991631799163,533.0,4.125523012552302,4.0,0.7093958763078336,4.113589956233464,691341.0,economy
all,development,/wissenschaft,225,64975,794,794.0,288.77777777777777,211.0,3.528888888888889,3.0,0.6875653016214717,4.479082230976551,278607.0,science
all,development,/zukunft,46,22714,209,209.0,493.7826086956522,391.0,4.543478260869565,4.0,0.7093811729841698,3.3635041389856846,75286.0,/zukunft
all,held_out_test,/diestandard,39,21909,171,171.0,561.7692307692307,402.0,4.384615384615385,4.0,0.7467448435669577,5.091230187763174,99994.0,women's policy
all,held_out_test,/diskurs,378,208345,1742,1742.0,551.1772486772487,445.5,4.608465608465608,4.0,0.6243890198407123,4.713691040208196,1084406.0,opinion
all,held_out_test,/etat,69,18396,238,238.0,266.60869565217394,185.0,3.449275362318841,3.0,0.6266158639350518,5.276908635751015,92541.0,media industry
all,held_out_test,/gesundheit,108,36566,431,431.0,338.5740740740741,244.0,3.990740740740741,4.0,0.6781556033130782,5.012326930884654,172705.0,/gesundheit
all,held_out_test,/imfokus,2,74,6,6.0,37.0,37.0,3.0,3.0,0.33253588516746413,4.616746411483254,415.0,/imfokus
all,held_out_test,/immobilien,81,34802,362,362.0,429.65432098765433,351.0,4.469135802469136,4.0,0.6814118516195312,5.09912303570156,161054.0,/immobilien
all,held_out_test,/inland,199,161985,865,865.0,813.9949748743719,528.0,4.346733668341709,4.0,0.6866130848674538,4.939740770131226,798545.0,domestic
all,held_out_test,/international,174,71920,653,653.0,413.3333333333333,308.0,3.7528735632183907,4.0,0.7022521067571581,4.911046049247988,340583.0,international
all,held_out_test,/karriere,78,48034,351,351.0,615.8205128205128,402.0,4.5,4.0,0.7118567706826685,5.265443614384777,258337.0,/karriere
all,held_out_test,/kultur,102,23873,379,379.0,234.04901960784315,195.5,3.715686274509804,4.0,0.659911960808699,4.697803817424322,116472.0,culture
all,held_out_test,/lifestyle,266,105319,1083,1083.0,395.93609022556393,298.0,4.071428571428571,4.0,0.651964070778452,4.6659563356098195,505929.0,lifestyle
all,held_out_test,/panorama,99,51379,431,431.0,518.979797979798,398.0,4.353535353535354,4.0,0.722080071328647,5.757384325110052,290415.0,human interest
all,held_out_test,/podcast,7,1131,17,17.0,161.57142857142858,72.0,2.4285714285714284,2.0,0.6448015666606765,5.42500033179782,7163.0,podcast
all,held_out_test,/recht,27,12216,92,92.0,452.44444444444446,327.0,3.4074074074074074,3.0,0.7345132117856432,3.5789958939973974,44924.0,legal
all,held_out_test,/sport,91,19198,338,338.0,210.96703296703296,164.0,3.7142857142857144,4.0,0.6491089949946692,4.536125469929066,82823.0,sports
all,held_out_test,/video,9,4185,35,35.0,465.0,448.0,3.888888888888889,5.0,0.7663535229730244,4.572088060863454,15370.0,video
all,held_out_test,/web,318,124643,1208,1208.0,391.95911949685535,297.5,3.79874213836478,4.0,0.6686852678317294,4.498877085545151,555679.0,digital
all,held_out_test,/wirtschaft,237,157542,991,991.0,664.7341772151899,521.0,4.181434599156118,4.0,0.7067710009883486,4.246969138101165,691907.0,economy
all,held_out_test,/wissenschaft,224,69982,846,846.0,312.41964285714283,217.0,3.7767857142857144,4.0,0.701234042021504,4.348352745898954,276968.0,science
all,held_out_test,/zukunft,51,32139,220,220.0,630.1764705882352,457.0,4.313725490196078,4.0,0.7298206811864433,3.192621907053401,103136.0,/zukunft
all,all_partitions,/diestandard,81,42801,348,348.0,528.4074074074074,424.0,4.296296296296297,4.0,0.7406126969295509,5.06205878546895,186617.0,women's policy
all,all_partitions,/diskurs,769,412419,3545,3545.0,536.3055916775032,413.0,4.609882964889467,5.0,0.6236774757769119,4.7322900425315515,2123469.0,opinion
all,all_partitions,/etat,138,34423,490,490.0,249.44202898550725,164.0,3.550724637681159,3.0,0.6089609817074694,5.264460803039411,184609.0,media industry
all,all_partitions,/gesundheit,195,69363,795,795.0,355.7076923076923,254.0,4.076923076923077,4.0,0.6886263069916788,4.966820611314969,333197.0,/gesundheit
all,all_partitions,/imfokus,2,74,6,6.0,37.0,37.0,3.0,3.0,0.33253588516746413,4.616746411483254,415.0,/imfokus
all,all_partitions,/immobilien,159,62410,673,673.0,392.5157232704403,308.0,4.232704402515723,4.0,0.6703377803711326,5.1718690240219285,302296.0,/immobilien
all,all_partitions,/inland,422,340825,1865,1865.0,807.6421800947867,594.0,4.419431279620853,4.0,0.6844999962655499,5.030219749978574,1736812.0,domestic
all,all_partitions,/international,374,158850,1434,1434.0,424.73262032085563,318.5,3.834224598930481,4.0,0.701380382257226,4.809218355590188,722645.0,international
all,all_partitions,/karriere,141,76524,620,620.0,542.7234042553191,354.0,4.397163120567376,4.0,0.6969089855657924,5.25889653370559,406048.0,/karriere
all,all_partitions,/kultur,197,44857,708,708.0,227.7005076142132,183.0,3.5939086294416245,3.0,0.6320791301642731,4.884814573428105,223113.0,culture
all,all_partitions,/lifestyle,529,209523,2227,2227.0,396.07372400756145,299.0,4.209829867674858,4.0,0.6504465399719064,4.810660040470841,1014912.0,lifestyle
all,all_partitions,/panorama,198,107488,845,845.0,542.8686868686868,374.0,4.267676767676767,4.0,0.7235022356011716,5.666432227285444,567144.0,human interest
all,all_partitions,/podcast,10,1547,24,24.0,154.7,122.0,2.4,2.5,0.6378955007602977,6.389040259523748,11314.0,podcast
all,all_partitions,/recht,53,22853,186,186.0,431.188679245283,327.0,3.509433962264151,4.0,0.7360264587075965,3.7616985463754906,88607.0,legal
all,all_partitions,/sport,182,43090,681,681.0,236.75824175824175,171.0,3.741758241758242,4.0,0.6517840022320242,4.5363758853317595,183068.0,sports
all,all_partitions,/video,13,5596,53,53.0,430.46153846153845,411.0,4.076923076923077,5.0,0.7479288234730533,4.231852856815368,21134.0,video
all,all_partitions,/web,633,245705,2384,2384.0,388.15955766192735,301.0,3.7661927330173777,4.0,0.670369446754448,4.46612584323362,1103526.0,digital
all,all_partitions,/wirtschaft,476,324794,1977,1977.0,682.3403361344538,524.5,4.1533613445378155,4.0,0.7080889530920396,4.179999338802046,1383248.0,economy
all,all_partitions,/wissenschaft,449,134957,1640,1640.0,300.57238307349667,214.0,3.6525612472160356,4.0,0.6943844505070113,4.41386306692893,555575.0,science
all,all_partitions,/zukunft,97,54853,429,429.0,565.4948453608248,418.0,4.422680412371134,4.0,0.7201277185338189,3.273658841784175,178422.0,/zukunft
