term,estimate,std_error_article_clustered,conf_low,conf_high,p_value
log_words,0.45418427154962,0.0402391773947938,0.375316933088306,0.533051610010934,1.51940263367824e-29
sentiment_positive,0.0754507988577328,0.0160208873674124,0.0440504366172318,0.106851161098234,2.48292532838639e-06
sentiment_negative,0.0820099970305073,0.0177038605196955,0.0473110680245836,0.116708926036431,3.61585755941252e-06
toxicity_probability,-0.0249796591465597,0.0111680437149714,-0.0468686226056727,-0.00309069568744681,0.0253053931767137
lexdiv_length_adjusted,-0.0170498612891386,0.00837489276260519,-0.0334643494782299,-0.000635373100047243,0.041767388593199
reading_level_length_adjusted,0.0740047066323362,0.0109737989656648,0.0524964558860502,0.0955129573786221,1.54335519736612e-11
url_present,-0.615738435169542,0.0891829170751383,-0.790533740673035,-0.440943129666048,5.04801950909458e-12
article_similarity_top3,0.0330678496669797,0.0158749665506131,0.00195348697200001,0.0641822123619594,0.0372495335334459
novelty_prior_all_model,-0.123617394852526,0.0131559223217234,-0.14940252878651,-0.0978322609185414,5.64991418159244e-21
log_hours_since_article,-1.54093968244447,0.0447033921344142,-1.6285567210147,-1.45332264387425,2.23521617892239e-260
prior_reply_composition,-0.120798758493916,0.0135883263982745,-0.147431388844709,-0.0941661281431235,6.11681579002017e-19
discussion_pace,-0.171305961355079,0.0195503079095136,-0.209623860744394,-0.132988061965763,1.91280426536615e-18
vienna_overnight,0.49740974932408,0.0760835971362298,0.348288639122815,0.646530859525345,6.2482963110649e-11
vienna_weekday_shoulder_evening,0.429682735941624,0.0507135660950011,0.330285972867831,0.529079499015418,2.39692202104873e-17
vienna_weekend_day_evening,0.961806223282607,0.198600030986538,0.572557315220454,1.35105513134476,1.27937802024408e-06
log_author_prior_30d_comments,-0.0739333501569609,0.0115606991974904,-0.0965919042201432,-0.0512747960937786,1.60304071705986e-10
author_prior_30d_upvote_reception,0.258654057464322,0.0109107416456383,0.237269396794249,0.280038718134394,3.09968715607821e-124
author_prior_30d_downvote_reception,-0.137983231237612,0.0101299045302011,-0.157837479283635,-0.118128983191589,2.988857042431e-42
log_author_prior_comments_story,-0.0897144032639009,0.0362674006855256,-0.160797202420414,-0.0186316041073875,0.0133724676481687
is_reply,-4.49816974660608,0.190209517969605,-4.87097355134323,-4.12536594186893,1.22302091980762e-123
reply_depth_centered,-2.24750919684026,0.183882458401455,-2.6079121926958,-1.88710620098472,2.35630189885391e-34
aqua_relevance_expected,-0.0540685376210541,0.0248671382035016,-0.102807232898497,-0.00532984234361085,0.0296828568164227
aqua_fact_expected,0.0939070466578918,0.0388701986720431,0.0177228571887706,0.170091236127013,0.0156957796495606
aqua_opinion_expected,0.0760915879494403,0.0218694264527545,0.033228299739494,0.118954876159387,0.000502614593040864
aqua_justification_expected,0.115727951033087,0.0360584174278052,0.0450547515350776,0.186401150531097,0.00132985797664225
aqua_solution_proposal_expected,-0.0358803513336877,0.0225821692358242,-0.0801405897286915,0.00837988706131614,0.112087544544746
aqua_additional_knowledge_expected,-0.0468278363991778,0.0243367117224245,-0.0945269148772636,0.000871242078907999,0.0543339691251723
aqua_question_expected,-0.0429088424260268,0.0149909687777481,-0.0722906013237774,-0.0135270835282761,0.00420561564629221
aqua_referencing_users_expected,0.0156459181137095,0.0161423323877422,-0.0159924719927396,0.0472843082201586,0.332421630027116
aqua_referencing_medium_expected,-0.00347485759171319,0.0100098742045827,-0.0230938505224718,0.0161441353390454,0.728483903142324
aqua_referencing_contents_expected,-0.0794877290746253,0.0165472643939834,-0.111919771329495,-0.0470556868197558,1.55777316638587e-06
aqua_referencing_personal_expected,-0.0309256238472471,0.0144078664587996,-0.059164523200557,-0.00268672449393715,0.0318378744985273
aqua_referencing_format_expected,-0.000753597189708661,0.0193484086820708,-0.0386757813647294,0.0371685869853121,0.968931213837221
aqua_polite_address_expected,-0.00122431465401822,0.00991779266330405,-0.0206628310802297,0.0182142017721933,0.90175370765405
aqua_respect_expected,0.0831644040006794,0.0164356770064439,0.0509510690065163,0.115377738994843,4.19272753317529e-07
aqua_screaming_expected,-0.0295254466110629,0.0103503912305468,-0.0498118406488338,-0.00923905257329192,0.00433642133191828
aqua_vulgarity_expected,-0.0847640391853045,0.0181174622019401,-0.120273612592373,-0.0492544657782362,2.88865130034334e-06
aqua_insult_expected,0.0440459075039075,0.0222905045713104,0.000357321346913735,0.0877344936609013,0.048155435347954
aqua_sarcasm_expected,-0.144267213695108,0.0175455009930138,-0.178655763732127,-0.109878663658089,1.9936762343911e-16
aqua_discrimination_expected,0.062441700861797,0.0242245053164231,0.0149625428983087,0.109920858825285,0.00994817703090333
aqua_storytelling_expected,0.0884584365417928,0.0148486230044383,0.0593556702330807,0.117561202850505,2.56361641657381e-09
log_words:curator,0.135839431538774,0.033013408729293,0.0711343394224595,0.200544523655089,3.87726127653761e-05
sentiment_positive:curator,0.0321699194742306,0.0137631919737575,0.00519455889335519,0.059145280055106,0.0194190196061754
sentiment_negative:curator,-0.0556025128471365,0.0151844719654201,-0.085363531023618,-0.0258414946706549,0.000250448489717568
toxicity_probability:curator,-0.108303333310195,0.00942140967643008,-0.126768956959595,-0.0898377096607945,1.39056261249584e-30
lexdiv_length_adjusted:curator,0.0228778290068095,0.00675257376230781,0.00964302762973603,0.0361126303838829,0.000704001171752398
reading_level_length_adjusted:curator,-0.0317587427256428,0.00898877564642423,-0.0493764192577451,-0.0141410661935406,0.000410630764151028
url_present:curator,1.04397362263493,0.0777452732641934,0.891595687068887,1.19635155820097,4.13728355924547e-41
article_similarity_top3:curator,0.0877041382564111,0.0136427209474222,0.0609648965483335,0.114443379964489,1.28750848000667e-10
novelty_prior_all_model:curator,0.0384115112039229,0.0112326394592596,0.0163959424124507,0.0604270799953952,0.00062705534857325
log_hours_since_article:curator,0.333644846591381,0.0332784095611097,0.268420362388833,0.398869330793929,1.17327519127096e-23
prior_reply_composition:curator,0.0366766006816134,0.0110981469406332,0.014924632382839,0.0584285689803877,0.000950611657652989
discussion_pace:curator,0.0495531608538653,0.0160847369258773,0.0180276557783442,0.0810786659293864,0.00206475297733595
vienna_overnight:curator,-0.327385527077214,0.0628372128286902,-0.450544201110325,-0.204226853044103,1.88781546833581e-07
vienna_weekday_shoulder_evening:curator,-0.206533433517093,0.0393707395107656,-0.283698665002902,-0.129368202031285,1.55554009398234e-07
vienna_weekend_day_evening:curator,-0.524295350928765,0.145472394444964,-0.8094160047857,-0.23917469707183,0.000313250587652095
log_author_prior_30d_comments:curator,0.000291328856067663,0.00945565068537281,-0.0182414059376545,0.0188240636497898,0.975421043562211
author_prior_30d_upvote_reception:curator,-0.0680755611734026,0.00908460825453142,-0.0858810661659395,-0.0502700561808658,6.70580641162521e-14
author_prior_30d_downvote_reception:curator,0.0338862845035956,0.00851197863503181,0.0172031129417589,0.0505694560654324,6.86226400112765e-05
log_author_prior_comments_story:curator,0.122712957936628,0.0328204871669746,0.0583859851342987,0.187039930738957,0.000184817404627275
is_reply:curator,0.319035635775087,0.195017833433964,-0.063192294098513,0.701263565648688,0.101854118762462
reply_depth_centered:curator,0.900881833526297,0.194625015038518,0.519423813560235,1.28233985349236,3.6777649107372e-06
aqua_relevance_expected:curator,0.0943582435286698,0.0223765553439361,0.0505010009564877,0.138215486100852,2.47755033073088e-05
aqua_fact_expected:curator,-0.120523634279957,0.0350102789063185,-0.189142520025044,-0.0519047485348707,0.000576318269063603
aqua_opinion_expected:curator,0.0832189929303051,0.0189824647604741,0.0460140456619752,0.120423940198635,1.16523510454533e-05
aqua_justification_expected:curator,0.0477466386101805,0.0320266865305121,-0.0150245135337774,0.110517790754138,0.136003726392249
aqua_solution_proposal_expected:curator,0.0982195521105734,0.0197610039633711,0.0594886960440128,0.136950408177134,6.68243679903919e-07
aqua_additional_knowledge_expected:curator,-0.0383995520827396,0.0200689769499052,-0.0777340241111184,0.000934919945639129,0.0556995951962039
aqua_question_expected:curator,-0.0228060846568642,0.012827083527419,-0.0479467063972925,0.00233453708356409,0.0754098711387376
aqua_referencing_users_expected:curator,0.00351398322992433,0.0141092192280532,-0.0241395783070399,0.0311675447668886,0.803317599721655
aqua_referencing_medium_expected:curator,-0.0226120845020091,0.00856310030986091,-0.0393954527053403,-0.00582871629867797,0.00827490454612681
aqua_referencing_contents_expected:curator,0.0216512268188248,0.0137344867273728,-0.00526787251296922,0.0485703261506189,0.11493059743181
aqua_referencing_personal_expected:curator,0.0130330327428677,0.0118098985905398,-0.0101139431556606,0.036180008641396,0.269780337168115
aqua_referencing_format_expected:curator,0.0431270816602534,0.0167237639108519,0.0103491067090329,0.0759050566114739,0.00991469276607815
aqua_polite_address_expected:curator,0.0457935545682946,0.00844469537225931,0.0292422557782542,0.0623448533583349,5.86858299906054e-08
aqua_respect_expected:curator,-0.0367854248744261,0.0143311869052603,-0.0648740350644483,-0.00869681468440395,0.0102639020511449
aqua_screaming_expected:curator,-0.0160239528353315,0.00882711615050041,-0.0333247825776642,0.00127687690700113,0.069476272370488
aqua_vulgarity_expected:curator,-0.0243953150890318,0.0153558573962466,-0.0544922425374081,0.00570161235934453,0.112136016852163
aqua_insult_expected:curator,-0.0232479893380072,0.0188869391569776,-0.0602657098638825,0.0137697311878681,0.218359159930991
aqua_sarcasm_expected:curator,-0.0368864363736959,0.0150745721219438,-0.0664320548150574,-0.0073408179323345,0.0144078457552466
aqua_discrimination_expected:curator,-0.0200279731213684,0.0202889298980701,-0.0597935450064437,0.0197375987637068,0.323575004681219
aqua_storytelling_expected:curator,-0.0291457072802137,0.0126523245814746,-0.0539438077806148,-0.00434760677981269,0.02124594108005
