statistic,value
iterations,10
null_log_likelihood,-123048.442947628
fitted_log_likelihood,-87724.1153696459
likelihood_ratio_chisq,70648.6551559647
likelihood_ratio_df,82
likelihood_ratio_p_value,0
concordance,0.942745286080813
concordance_se,0.00223882333765353
maximum_absolute_coefficient,4.49816974660608
maximum_clustered_standard_error,0.198600030986538
covariance_condition_number,9921.27346289911
fit_warning_count,0
all_coefficients_finite,TRUE
all_standard_errors_finite,TRUE
model_wald_chisq,15849.52
model_wald_df,82
model_wald_p_value,0
robust_score_chisq,2187.01139241046
robust_score_df,82
robust_score_p_value,0
mcfadden_pseudo_r2,0.0292646781338554
max_rescaled_pseudo_r2,0.0982894383669543
aic,175612.230739292
bic,176264.090722541
n_observations,2378628
n_events,20942
n_parameters,82
n_strata,5118
