term,feature,unit,interpretation,reference_probability_mean,audience_change_pp,audience_conf_low_pp,audience_conf_high_pp,curator_change_pp,curator_conf_low_pp,curator_conf_high_pp,curator_minus_audience_pp,difference_conf_low_pp,difference_conf_high_pp
log_words,Comment length (log words),One standard deviation,Heuristic logistic translation; not an exact fixed-k inclusion probability,0.0183142798907745,0.980490133163595,0.774409334828244,1.19798638790715,1.35905408149989,1.12139278507737,1.60615750367195,0.378563948336291,0.194907288332605,0.564916823315364
sentiment_positive,Positive sentiment,One standard deviation,Heuristic logistic translation; not an exact fixed-k inclusion probability,0.0183142798907745,0.13641960404323,0.0781981465082032,0.195841589382921,0.197492303294749,0.13921462886787,0.259597822819096,0.0610726992515189,0.00953793160431526,0.113064460162166
sentiment_negative,Negative sentiment,One standard deviation,Heuristic logistic translation; not an exact fixed-k inclusion probability,0.0183142798907745,0.148727559342141,0.0868720297897087,0.215965808564876,0.0466830405201009,-0.0143649841981123,0.112672302796354,-0.10204451882204,-0.155165134269017,-0.0476239338418973
toxicity_probability,Maximum toxicity probability,One standard deviation,Heuristic logistic translation; not an exact fixed-k inclusion probability,0.0183142798907745,-0.0431342544444411,-0.0795349291286416,-0.00604005953282956,-0.21912993613213,-0.254132489628684,-0.182697842570239,-0.175995681687689,-0.205522140407427,-0.145369877053346
lexdiv_length_adjusted,Length-adjusted lexical diversity,One standard deviation,Heuristic logistic translation; not an exact fixed-k inclusion probability,0.0183142798907745,-0.0295478952184998,-0.0586128481785982,-0.00135728741831147,0.0102060890942636,-0.0183208250706342,0.038872045717116,0.0397539843127635,0.0160950210021105,0.0628633155153644
reading_level_length_adjusted,Length-adjusted reading difficulty,One standard deviation,Heuristic logistic translation; not an exact fixed-k inclusion probability,0.0183142798907745,0.133715947543473,0.0947950420370925,0.174150327188379,0.0752264926476434,0.0368702682368816,0.11481937264923,-0.0584894548958291,-0.0913242646872567,-0.0273940183008011
url_present,URL present,Absent to present,Heuristic logistic translation; not an exact fixed-k inclusion probability,0.0183142798907745,-0.819738929260735,-0.981477268607821,-0.633352865783225,0.913152972119712,0.607319190173496,1.25033720468073,1.73289190138045,1.47527408053853,2.01728974014414
article_similarity_top3,Article similarity (top-three passages),One standard deviation,Heuristic logistic translation; not an exact fixed-k inclusion probability,0.0183142798907745,0.0586358931662195,0.00329301096181092,0.116617433373148,0.222976706281,0.16260437351488,0.284993553555914,0.164340813114781,0.11361515516573,0.214058385232082
novelty_prior_all_model,Novelty from earlier comments,One standard deviation,Heuristic logistic translation; not an exact fixed-k inclusion probability,0.0183142798907745,-0.204125871266057,-0.243407081403526,-0.161809326454424,-0.143161063348903,-0.184865007794199,-0.100314597799374,0.0609648079171536,0.0269459094391592,0.095708025495721
log_hours_since_article,Hours since article publication,One standard deviation,Heuristic logistic translation; not an exact fixed-k inclusion probability,0.0183142798907745,-1.42338453676485,-1.45819046218002,-1.38687502264836,-1.26439931805559,-1.30716933748333,-1.2188931292867,0.158985218709258,0.127581965269049,0.191972275595778
prior_reply_composition,Earlier reply-to-root composition,One standard deviation,Heuristic logistic translation; not an exact fixed-k inclusion probability,0.0183142798907745,-0.199725218773516,-0.24169803879906,-0.156984108709121,-0.141409581520107,-0.187282057969431,-0.0957207297219064,0.0583156372534094,0.0249745213768973,0.0931019931224429
discussion_pace,Earlier comments per article-hour,One standard deviation,Heuristic logistic translation; not an exact fixed-k inclusion probability,0.0183142798907745,-0.276871689009612,-0.333371747782242,-0.2168800306191,-0.201216015998408,-0.263985435046421,-0.13623581870622,0.0756556730112034,0.0278121842191812,0.123390880820289
vienna_overnight,Overnight posting period,Absent to present,Heuristic logistic translation; not an exact fixed-k inclusion probability,0.0183142798907745,1.09612081597513,0.72040180032622,1.51935211003183,0.321156106878577,0.0207699554632237,0.659122195647885,-0.774964709096556,-1.06903032490629,-0.48728177195726
vienna_weekday_shoulder_evening,Weekday shoulder/evening,Absent to present,Heuristic logistic translation; not an exact fixed-k inclusion probability,0.0183142798907745,0.916868974862446,0.681268852762454,1.19241248410194,0.432058237103612,0.245629988018135,0.640367373276244,-0.484810737758834,-0.680065830605432,-0.299496737175046
vienna_weekend_day_evening,Weekend daytime/evening,Absent to present,Heuristic logistic translation; not an exact fixed-k inclusion probability,0.0183142798907745,2.65164046734515,1.30974908214916,4.56410118958775,0.937046831163926,0.163626445631171,2.01651793428056,-1.71459363618123,-3.05406075009733,-0.721220552656033
log_author_prior_30d_comments,Author comments in prior 30 days,One standard deviation,Heuristic logistic translation; not an exact fixed-k inclusion probability,0.0183142798907745,-0.124857189263795,-0.160311434474077,-0.0884903937286923,-0.124381623859237,-0.158573751188611,-0.0886131246656827,0.00047556540455785,-0.0298814802606819,0.0322385480011916
author_prior_30d_upvote_reception,Upvotes per prior author comment,One standard deviation,Heuristic logistic translation; not an exact fixed-k inclusion probability,0.0183142798907745,0.509181527122716,0.463293757959057,0.557558039602048,0.363436986269724,0.320879049962608,0.407930409358014,-0.145744540852991,-0.183909121804619,-0.107276593343676
author_prior_30d_downvote_reception,Downvotes per prior author comment,One standard deviation,Heuristic logistic translation; not an exact fixed-k inclusion probability,0.0183142798907745,-0.226378002414144,-0.25634367866151,-0.19617039478659,-0.173413402090391,-0.204879620134933,-0.141775941968464,0.0529646003237536,0.0276212305753678,0.0789053612072929
log_author_prior_comments_story,Author's earlier comments in article,One standard deviation,Heuristic logistic translation; not an exact fixed-k inclusion probability,0.0183142798907745,-0.150428881080695,-0.260819113224305,-0.0327186340232494,0.0585111607279854,-0.0519877216470093,0.173979433334605,0.208940041808681,0.0998444521564355,0.314095168877456
is_reply,Reply rather than root,Absent to present,Heuristic logistic translation; not an exact fixed-k inclusion probability,0.0183142798907745,-1.80998006681848,-1.81666328959832,-1.80022373806038,-1.80192711828183,-1.80893863543885,-1.7926801371637,0.00805294853664477,-0.00162797493095983,0.0173575910841182
reply_depth_centered,Reply depth centred at the development-reply mean,One standard deviation,Heuristic logistic translation; not an exact fixed-k inclusion probability,0.0183142798907745,-1.62890424185856,-1.68966961096322,-1.53893956160079,-1.3371107518761,-1.44804247145605,-1.18746034439201,0.291793489982463,0.170855619964935,0.435290384495952
aqua_relevance_expected,AQuA Relevance to the discussion topic (raw expected ordinal score),One standard deviation,Heuristic logistic translation; not an exact fixed-k inclusion probability,0.0183142798907745,-0.0921367092824072,-0.170845122774897,-0.00865963585282553,0.0716786668771642,-0.0184032322284449,0.167328326025633,0.163815376159571,0.0868321207592617,0.242075741473866
aqua_fact_expected,AQuA At least one factual claim (raw expected ordinal score),One standard deviation,Heuristic logistic translation; not an exact fixed-k inclusion probability,0.0183142798907745,0.171239578886331,0.0310990048290748,0.32330333849786,-0.0459265955029073,-0.175646039423948,0.0931980743286428,-0.217166174389239,-0.342005347146847,-0.0914849848670612
aqua_opinion_expected,AQuA Subjective statement or opinion (raw expected ordinal score),One standard deviation,Heuristic logistic translation; not an exact fixed-k inclusion probability,0.0183142798907745,0.137618778317598,0.0588250788616736,0.219101946312765,0.299426357194704,0.211278044454006,0.392726577292469,0.161807578877106,0.0889138757668447,0.235712758471408
aqua_justification_expected,AQuA A statement is justified (raw expected ordinal score),One standard deviation,Heuristic logistic translation; not an exact fixed-k inclusion probability,0.0183142798907745,0.213166520532134,0.0773815714885612,0.353931924932804,0.307846994503848,0.155411073533231,0.468564731170177,0.0946804739717133,-0.0300517716874794,0.221198964668293
aqua_solution_proposal_expected,AQuA A solution is proposed (raw expected ordinal score),One standard deviation,Heuristic logistic translation; not an exact fixed-k inclusion probability,0.0183142798907745,-0.0616504885882083,-0.138374906699815,0.0149637093548555,0.112035235169036,0.0277502404200922,0.199930441354737,0.173685723757245,0.104453523693914,0.240917105359883
aqua_additional_knowledge_expected,AQuA Additional knowledge is contributed (raw expected ordinal score),One standard deviation,Heuristic logistic translation; not an exact fixed-k inclusion probability,0.0183142798907745,-0.0800610374324797,-0.158177922010446,0.00164471853539108,-0.143195801095737,-0.217693806000915,-0.0662201689394726,-0.0631347636632572,-0.127939129351673,0.00163654769962885
aqua_question_expected,"AQuA Genuine, non-rhetorical question (raw expected ordinal score)",One standard deviation,Heuristic logistic translation; not an exact fixed-k inclusion probability,0.0183142798907745,-0.073491623745118,-0.122243899297628,-0.0243730985254566,-0.111392474521588,-0.158891452389579,-0.0642253021591718,-0.0379008507764701,-0.0794992950233804,0.00381698230264812
aqua_referencing_users_expected,AQuA Reference to another user or community (raw expected ordinal score),One standard deviation,Heuristic logistic translation; not an exact fixed-k inclusion probability,0.0183142798907745,0.0275228485284606,-0.0273168813423653,0.0849252218600949,0.0337585700339081,-0.0215803014867807,0.0902462786210117,0.00623572150544758,-0.0410036387109645,0.0544543030842592
aqua_referencing_medium_expected,"AQuA Reference to medium, editor, or moderator (raw expected ordinal score)",One standard deviation,Heuristic logistic translation; not an exact fixed-k inclusion probability,0.0183142798907745,-0.0060594505835874,-0.0399688985244252,0.0287350102648463,-0.0450235618797903,-0.0790718148531111,-0.0114760378113023,-0.0389641112962029,-0.0682654378137818,-0.00974301693353354
aqua_referencing_contents_expected,AQuA Reference to another comment's content (raw expected ordinal score),One standard deviation,Heuristic logistic translation; not an exact fixed-k inclusion probability,0.0183142798907745,-0.133899856557361,-0.185647256443307,-0.0791216362078973,-0.0983890739443218,-0.152908332483481,-0.0447793815923227,0.035510782613039,-0.0095225124157527,0.0813187211165057
aqua_referencing_personal_expected,AQuA Personal reference to another user (raw expected ordinal score),One standard deviation,Heuristic logistic translation; not an exact fixed-k inclusion probability,0.0183142798907745,-0.05325715355953,-0.100721019447435,-0.00434040376864032,-0.0309964555573892,-0.0795796331232141,0.0166800936467129,0.0222606980021408,-0.016698203845019,0.0613339778382199
aqua_referencing_format_expected,"AQuA Reference to tone, spelling, or format (raw expected ordinal score)",One standard deviation,Heuristic logistic translation; not an exact fixed-k inclusion probability,0.0183142798907745,-0.00131575585219749,-0.0667091350308259,0.0650131078290318,0.075457980640329,0.00724947758466577,0.145374910305648,0.0767737364925265,0.0198489390836977,0.133766169515996
aqua_polite_address_expected,"AQuA Greeting, farewell, or polite address (raw expected ordinal score)",One standard deviation,Heuristic logistic translation; not an exact fixed-k inclusion probability,0.0183142798907745,-0.00213715343497595,-0.0365496107060997,0.0334629328143814,0.0794481538969121,0.0474046722246088,0.111393669780106,0.081585307331888,0.0530916260632234,0.111059821852465
aqua_respect_expected,"AQuA Respect, appreciation, or gratitude (raw expected ordinal score)",One standard deviation,Heuristic logistic translation; not an exact fixed-k inclusion probability,0.0183142798907745,0.150901334407163,0.0903838235962831,0.212544156399996,0.0827428535651681,0.0248397750863462,0.139621056657316,-0.0681584808419953,-0.11971802330035,-0.0146156221949565
aqua_screaming_expected,AQuA Capitalization or punctuation suggesting shouting (raw expected ordinal score),One standard deviation,Heuristic logistic translation; not an exact fixed-k inclusion probability,0.0183142798907745,-0.0508783351850657,-0.0855789192016899,-0.014995638040872,-0.0779205854396163,-0.110770577608154,-0.0430394115973684,-0.0270422502545506,-0.0545777397382754,0.00384231986903087
aqua_vulgarity_expected,AQuA Language inappropriate for civil discourse (raw expected ordinal score),One standard deviation,Heuristic logistic translation; not an exact fixed-k inclusion probability,0.0183142798907745,-0.142447179625164,-0.197895277945187,-0.0842905880390948,-0.181431441087922,-0.23920292798411,-0.123501276786635,-0.0389842614627573,-0.0866031456276299,0.00802185533931317
aqua_insult_expected,AQuA Insult or personal attack (raw expected ordinal score),One standard deviation,Heuristic logistic translation; not an exact fixed-k inclusion probability,0.0183142798907745,0.0784964188005043,-0.00102574887897657,0.159855275038075,0.0366721438668467,-0.0387774186753917,0.117632485970578,-0.0418242749336576,-0.106978404765516,0.0232083788132263
aqua_sarcasm_expected,"AQuA Devaluing, biting mockery (raw expected ordinal score)",One standard deviation,Heuristic logistic translation; not an exact fixed-k inclusion probability,0.0183142798907745,-0.236019328246351,-0.287414614807775,-0.183530317137196,-0.291498565698632,-0.344316758732395,-0.237400392692549,-0.0554792374522807,-0.0992165008413176,-0.0110473889055776
aqua_discrimination_expected,AQuA Discriminatory language (raw expected ordinal score),One standard deviation,Heuristic logistic translation; not an exact fixed-k inclusion probability,0.0183142798907745,0.112224735272862,0.0261312871009666,0.202864246608378,0.0755310398021968,-0.0105717331726732,0.163995076168519,-0.0366936954706647,-0.108059412614353,0.0342354866594697
aqua_storytelling_expected,AQuA Personal story or experience (raw expected ordinal score),One standard deviation,Heuristic logistic translation; not an exact fixed-k inclusion probability,0.0183142798907745,0.160899351389219,0.106374590601974,0.215805997440153,0.106447909129591,0.052865844937958,0.161494445917371,-0.0544514422596279,-0.100025117320284,-0.0102881184022883
