term,feature,unit,audience_log_odds,audience_se,audience_conf_low,audience_conf_high,audience_odds_ratio,audience_p_value,curator_log_odds,curator_se,curator_conf_low,curator_conf_high,curator_odds_ratio,curator_p_value,curator_minus_audience_log_odds,difference_se,difference_conf_low,difference_conf_high,difference_p_value,audience_q_value_bh,curator_q_value_bh,difference_q_value_bh
log_words,Comment length (log words),One standard deviation,0.45418427154962,0.0402391773947938,0.375316933088306,0.533051610010934,1.57488817782321,1.51940263367824e-29,0.590023703088394,0.0409381794736967,0.509786345727311,0.670261060449476,1.80403117600151,4.31458552405213e-47,0.135839431538774,0.033013408729293,0.0711343394224595,0.200544523655089,3.87726127653761e-05,1.0382584663468e-28,4.42245016215344e-46,0.000122282855644648
sentiment_positive,Positive sentiment,One standard deviation,0.0754507988577328,0.0160208873674124,0.0440504366172318,0.106851161098234,1.07837016936868,2.48292532838639e-06,0.107620718331963,0.0161399899668774,0.0759869192860458,0.139254517377881,1.11362528761963,2.5939321146075e-11,0.0321699194742306,0.0137631919737575,0.00519455889335519,0.059145280055106,0.0194190196061754,5.0899969231921e-06,9.1205238888771e-11,0.0284349929947569
sentiment_negative,Negative sentiment,One standard deviation,0.0820099970305073,0.0177038605196955,0.0473110680245836,0.116708926036431,1.08546666121864,3.61585755941252e-06,0.0264074841833708,0.018125218271701,-0.0091172908410905,0.0619322592078321,1.02675925139682,0.145130983425164,-0.0556025128471365,0.0151844719654201,-0.085363531023618,-0.0258414946706549,0.000250448489717568,6.7386436334506e-06,0.170010580583763,0.000641774254901267
toxicity_probability,Maximum toxicity probability,One standard deviation,-0.0249796591465597,0.0111680437149714,-0.0468686226056727,-0.00309069568744681,0.975329750866081,0.0253053931767137,-0.133282992456754,0.0118920486414432,-0.156590979496381,-0.109975005417127,0.875217377143939,3.73610020574798e-29,-0.108303333310195,0.00942140967643008,-0.126768956959595,-0.0898377096607945,1.39056261249584e-30,0.0345840373415088,3.06360216871334e-28,2.85065335561647e-29
lexdiv_length_adjusted,Length-adjusted lexical diversity,One standard deviation,-0.0170498612891386,0.00837489276260519,-0.0334643494782299,-0.000635373100047243,0.983094665045485,0.041767388593199,0.0058279677176709,0.0082124733443823,-0.0102681842613136,0.0219241196966554,1.00584498336101,0.477922262075428,0.0228778290068095,0.00675257376230781,0.00964302762973603,0.0361126303838829,0.000704001171752398,0.0503665568329753,0.489870318627314,0.00137447847818325
reading_level_length_adjusted,Length-adjusted reading difficulty,One standard deviation,0.0740047066323362,0.0109737989656648,0.0524964558860502,0.0955129573786221,1.07681187364188,1.54335519736612e-11,0.0422459639066933,0.010853526713047,0.0209734424438778,0.0635184853695088,1.04315102470025,9.92688603766987e-05,-0.0317587427256428,0.00898877564642423,-0.0493764192577451,-0.0141410661935406,0.000410630764151028,4.86750485323161e-11,0.000169584303143527,0.00093532562945512
url_present,URL present,Absent to present,-0.615738435169542,0.0891829170751383,-0.790533740673035,-0.440943129666048,0.540241814423943,5.04801950909458e-12,0.428235187465389,0.0642634718205942,0.30228109717552,0.554189277755258,1.53454694473705,2.66942162601281e-11,1.04397362263493,0.0777452732641934,0.891595687068887,1.19635155820097,4.13728355924547e-41,1.72473999894065e-11,9.1205238888771e-11,1.69628625929064e-39
article_similarity_top3,Article similarity (top-three passages),One standard deviation,0.0330678496669797,0.0158749665506131,0.00195348697200001,0.0641822123619594,1.03362066768027,0.0372495335334459,0.120771987923391,0.0156116364567841,0.0901737427283614,0.15137023311842,1.12836760159346,1.02574437282926e-14,0.0877041382564111,0.0136427209474222,0.0609648965483335,0.114443379964489,1.28750848000667e-10,0.0462797234809479,4.67283547622217e-14,1.05575695360547e-09
novelty_prior_all_model,Novelty from earlier comments,One standard deviation,-0.123617394852526,0.0131559223217234,-0.14940252878651,-0.0978322609185414,0.883717891222824,5.64991418159244e-21,-0.085205883648603,0.0133422910350182,-0.11135629354849,-0.0590554737487157,0.918323197206707,1.70113164416239e-10,0.0384115112039229,0.0112326394592596,0.0163959424124507,0.0604270799953952,0.00062705534857325,3.30923544921843e-20,4.98188552933271e-10,0.00128546346457516
log_hours_since_article,Hours since article publication,One standard deviation,-1.54093968244447,0.0447033921344142,-1.6285567210147,-1.45332264387425,0.214179745889488,2.23521617892239e-260,-1.20729483585309,0.0395941539879818,-1.28489795166787,-1.12969172003832,0.299005044094315,3.35278344428704e-204,0.333644846591381,0.0332784095611097,0.268420362388833,0.398869330793929,1.17327519127096e-23,9.1643863335818e-259,1.37464121215768e-202,1.60347609473697e-22
prior_reply_composition,Earlier reply-to-root composition,One standard deviation,-0.120798758493916,0.0135883263982745,-0.147431388844709,-0.0941661281431235,0.886212284343914,6.11681579002017e-19,-0.0841221578123029,0.0144308687563549,-0.112406140840383,-0.0558381747842229,0.919318947244158,5.56535537666129e-09,0.0366766006816134,0.0110981469406332,0.014924632382839,0.0584285689803877,0.000950611657652989,3.13486809238534e-18,1.42612231526945e-08,0.00177159445289875
discussion_pace,Earlier comments per article-hour,One standard deviation,-0.171305961355079,0.0195503079095136,-0.209623860744394,-0.132988061965763,0.842563742086143,1.91280426536615e-18,-0.121752800501213,0.0203222794641614,-0.161583736334728,-0.081921864667699,0.885367203782544,2.08426927962627e-09,0.0495531608538653,0.0160847369258773,0.0180276557783442,0.0810786659293864,0.00206475297733595,8.71388609777911e-18,5.69700269764514e-09,0.00368064661177278
vienna_overnight,Overnight posting period,Absent to present,0.49740974932408,0.0760835971362298,0.348288639122815,0.646530859525345,1.64445619550592,6.2482963110649e-11,0.170024222246866,0.0811755257933448,0.0109231152658078,0.329125329227924,1.18533356241481,0.0362131791450029,-0.327385527077214,0.0628372128286902,-0.450544201110325,-0.204226853044103,1.88781546833581e-07,1.82985820538329e-10,0.046398135779535,9.67505427522101e-07
vienna_weekday_shoulder_evening,Weekday shoulder/evening,Absent to present,0.429682735941624,0.0507135660950011,0.330285972867831,0.529079499015418,1.53676988434688,2.39692202104873e-17,0.223149302424531,0.0476559713256131,0.129745314978056,0.316553289871006,1.25000718890857,2.83390899531193e-06,-0.206533433517093,0.0393707395107656,-0.283698665002902,-0.129368202031285,1.55554009398234e-07,9.8273802862998e-17,6.11527730567311e-06,9.11102055046796e-07
vienna_weekend_day_evening,Weekend daytime/evening,Absent to present,0.961806223282607,0.198600030986538,0.572557315220454,1.35105513134476,2.61641804322151,1.27937802024408e-06,0.437510872353843,0.178679795073332,0.0873049092451143,0.787716835462571,1.54884713815672,0.014342258248078,-0.524295350928765,0.145472394444964,-0.8094160047857,-0.23917469707183,0.000313250587652095,2.91413882388929e-06,0.0196010862723733,0.00075548671139623
log_author_prior_30d_comments,Author comments in prior 30 days,One standard deviation,-0.0739333501569609,0.0115606991974904,-0.0965919042201432,-0.0512747960937786,0.928733591726636,1.60304071705986e-10,-0.0736420213008932,0.0111265750834568,-0.0954497077357492,-0.0518343348660372,0.929004198037305,3.62688999306419e-11,0.000291328856067663,0.00945565068537281,-0.0182414059376545,0.0188240636497898,0.975421043562211,4.38164462663029e-10,1.14386530550486e-10,0.975421043562211
author_prior_30d_upvote_reception,Upvotes per prior author comment,One standard deviation,0.258654057464322,0.0109107416456383,0.237269396794249,0.280038718134394,1.29518566750365,3.09968715607821e-124,0.190578496290919,0.0106342604537385,0.169735728799373,0.211421263782465,1.20994934644582,8.06001273694546e-72,-0.0680755611734026,0.00908460825453142,-0.0858810661659395,-0.0502700561808658,6.70580641162521e-14,6.35435866996033e-123,1.10153507404921e-70,6.87345157191584e-13
author_prior_30d_downvote_reception,Downvotes per prior author comment,One standard deviation,-0.137983231237612,0.0101299045302011,-0.157837479283635,-0.118128983191589,0.87111329911525,2.988857042431e-42,-0.104096946734017,0.0102087038204364,-0.124105638550908,-0.0840882549171248,0.901137930807029,2.04740377440818e-24,0.0338862845035956,0.00851197863503181,0.0172031129417589,0.0505694560654324,6.86226400112765e-05,3.06357846849177e-41,1.39905924584559e-23,0.000200966302890167
log_author_prior_comments_story,Author's earlier comments in article,One standard deviation,-0.0897144032639009,0.0362674006855256,-0.160797202420414,-0.0186316041073875,0.914192238310934,0.0133724676481687,0.0329985546727271,0.0323175720057156,-0.0303427225262553,0.0963398318717095,1.0335490454236,0.307220521445326,0.122712957936628,0.0328204871669746,0.0583859851342987,0.187039930738957,0.000184817404627275,0.0195811133419614,0.331474773138378,0.000505167572647886
is_reply,Reply rather than root,Absent to present,-4.49816974660608,0.190209517969605,-4.87097355134323,-4.12536594186893,0.0111293474348273,1.22302091980762e-123,-4.17913411083099,0.138775690942747,-4.45112946700843,-3.90713875465354,0.0153117601155208,3.14786079287647e-199,0.319035635775087,0.195017833433964,-0.063192294098513,0.701263565648688,0.101854118762462,1.67146192373709e-122,6.45311462539676e-198,0.126546026341241
reply_depth_centered,Reply depth centred at the development-reply mean,One standard deviation,-2.24750919684026,0.183882458401455,-2.6079121926958,-1.88710620098472,0.10566208050875,2.35630189885391e-34,-1.34662736331396,0.134109940649606,-1.60947801695599,-1.08377670967193,0.260116059905639,1.00424737293282e-23,0.900881833526297,0.194625015038518,0.519423813560235,1.28233985349236,3.6777649107372e-06,1.9321675570602e-33,5.88202032717795e-23,1.50788361340225e-05
aqua_relevance_expected,AQuA Relevance to the discussion topic (raw expected ordinal score),One standard deviation,-0.0540685376210541,0.0248671382035016,-0.102807232898497,-0.00532984234361085,0.947367173984294,0.0296828568164227,0.0402897059076157,0.0257037646681481,-0.0100887471090476,0.0906681589242791,1.04111234690397,0.117006455187439,0.0943582435286698,0.0223765553439361,0.0505010009564877,0.138215486100852,2.47755033073088e-05,0.0392579719184945,0.141096019490735,8.46496362999717e-05
aqua_fact_expected,AQuA At least one factual claim (raw expected ordinal score),One standard deviation,0.0939070466578918,0.0388701986720431,0.0177228571887706,0.170091236127013,1.09845763586309,0.0156957796495606,-0.0266165876220655,0.040053809111536,-0.105120610924318,0.0518874356801873,0.973734511826193,0.506357067197817,-0.120523634279957,0.0350102789063185,-0.189142520025044,-0.0519047485348707,0.000576318269063603,0.0221905850217925,0.506357067197817,0.0012436341595583
aqua_opinion_expected,AQuA Subjective statement or opinion (raw expected ordinal score),One standard deviation,0.0760915879494403,0.0218694264527545,0.033228299739494,0.118954876159387,1.07906139865247,0.000502614593040864,0.159310580879745,0.0229204771511709,0.114387271154977,0.204233890604514,1.17270210897955,3.63790715830767e-12,0.0832189929303051,0.0189824647604741,0.0460140456619752,0.120423940198635,1.16523510454533e-05,0.000895965144116323,1.49154193490614e-11,4.3431490260326e-05
aqua_justification_expected,AQuA A statement is justified (raw expected ordinal score),One standard deviation,0.115727951033087,0.0360584174278052,0.0450547515350776,0.186401150531097,1.12269040381945,0.00132985797664225,0.163474589643268,0.0388338005202799,0.0873617392407063,0.239587440045829,1.17759543168723,2.55828357748272e-05,0.0477466386101805,0.0320266865305121,-0.0150245135337774,0.110517790754138,0.136003726392249,0.00227184071009717,4.76771030349052e-05,0.154893132835617
aqua_solution_proposal_expected,AQuA A solution is proposed (raw expected ordinal score),One standard deviation,-0.0358803513336877,0.0225821692358242,-0.0801405897286915,0.00837988706131614,0.964755718312785,0.112087544544746,0.0623392007768858,0.0237668778550384,0.0157569761560478,0.108921425397724,1.06432330279711,0.00871734801004115,0.0982195521105734,0.0197610039633711,0.0594886960440128,0.136950408177134,6.68243679903919e-07,0.124205116927961,0.0127646881575603,3.04422120845119e-06
aqua_additional_knowledge_expected,AQuA Additional knowledge is contributed (raw expected ordinal score),One standard deviation,-0.0468278363991778,0.0243367117224245,-0.0945269148772636,0.000871242078907999,0.954251670852772,0.0543339691251723,-0.0852273884819174,0.0239463378760685,-0.132161348280639,-0.0382934286831959,0.918303449031763,0.000372129171497138,-0.0383995520827396,0.0200689769499052,-0.0777340241111184,0.000934919945639129,0.0556995951962039,0.0618803537258907,0.000610291841255306,0.0761227801014787
aqua_question_expected,"AQuA Genuine, non-rhetorical question (raw expected ordinal score)",One standard deviation,-0.0429088424260268,0.0149909687777481,-0.0722906013237774,-0.0135270835282761,0.957998714925531,0.00420561564629221,-0.065714927082891,0.015083716191874,-0.0952784675719877,-0.0361513865937943,0.936397767889584,1.32050007547693e-05,-0.0228060846568642,0.012827083527419,-0.0479467063972925,0.00233453708356409,0.0754098711387376,0.00683820286956344,2.57811919497877e-05,0.0966188973965076
aqua_referencing_users_expected,AQuA Reference to another user or community (raw expected ordinal score),One standard deviation,0.0156459181137095,0.0161423323877422,-0.0159924719927396,0.0472843082201586,1.01576895633498,0.332421630027116,0.0191599013436338,0.0160145214184317,-0.0122279838661376,0.0505477865534052,1.01934463016257,0.231537385763097,0.00351398322992433,0.0141092192280532,-0.0241395783070399,0.0311675447668886,0.803317599721655,0.358665442923994,0.256568454494243,0.823400539714697
aqua_referencing_medium_expected,"AQuA Reference to medium, editor, or moderator (raw expected ordinal score)",One standard deviation,-0.00347485759171319,0.0100098742045827,-0.0230938505224718,0.0161441353390454,0.996531172739059,0.728483903142324,-0.0260869420937223,0.010077408933631,-0.0458383006611212,-0.00633558352632346,0.974250382558429,0.00963513770617766,-0.0226120845020091,0.00856310030986091,-0.0393954527053403,-0.00582871629867797,0.00827490454612681,0.765842052021417,0.0136220912397684,0.0141362952663
aqua_referencing_contents_expected,AQuA Reference to another comment's content (raw expected ordinal score),One standard deviation,-0.0794877290746253,0.0165472643939834,-0.111919771329495,-0.0470556868197558,0.923589353195102,1.55777316638587e-06,-0.0578365022558005,0.0166796939469034,-0.0905281016648818,-0.0251449028467191,0.943804244687801,0.00052536317661056,0.0216512268188248,0.0137344867273728,-0.00526787251296922,0.0485703261506189,0.11493059743181,3.36151051693793e-06,0.000828457316962806,0.134632985562977
aqua_referencing_personal_expected,AQuA Personal reference to another user (raw expected ordinal score),One standard deviation,-0.0309256238472471,0.0144078664587996,-0.059164523200557,-0.00268672449393715,0.969547681620884,0.0318378744985273,-0.0178925911043793,0.0142294367959511,-0.0457817747447325,0.00999659253597379,0.982266530855745,0.208596181305261,0.0130330327428677,0.0118098985905398,-0.0101139431556606,0.036180008641396,0.269780337168115,0.0407922767012381,0.237567873153214,0.291078784839282
aqua_referencing_format_expected,"AQuA Reference to tone, spelling, or format (raw expected ordinal score)",One standard deviation,-0.000753597189708661,0.0193484086820708,-0.0386757813647294,0.0371685869853121,0.999246686693338,0.968931213837221,0.0423734844705447,0.0196830689058928,0.0037953783097747,0.0809515906313148,1.04328405638906,0.0313353040156214,0.0431270816602534,0.0167237639108519,0.0103491067090329,0.0759050566114739,0.00991469276607815,0.968931213837221,0.0414434666013057,0.0161853840037285
aqua_polite_address_expected,"AQuA Greeting, farewell, or polite address (raw expected ordinal score)",One standard deviation,-0.00122431465401822,0.00991779266330405,-0.0206628310802297,0.0182142017721933,0.998776434513398,0.90175370765405,0.0445692399142764,0.00916513206247844,0.0266059111582653,0.0625325686702874,1.04557736989164,1.15670692648318e-06,0.0457935545682946,0.00844469537225931,0.0292422557782542,0.0623448533583349,5.86858299906054e-08,0.924297550345401,2.63472133254503e-06,4.01019838269137e-07
aqua_respect_expected,"AQuA Respect, appreciation, or gratitude (raw expected ordinal score)",One standard deviation,0.0831644040006794,0.0164356770064439,0.0509510690065163,0.115377738994843,1.08672045505317,4.19272753317529e-07,0.0463789791262533,0.0163769974588699,0.0142806539319644,0.0784773043205423,1.04747130550495,0.00462638353291329,-0.0367854248744261,0.0143311869052603,-0.0648740350644483,-0.00869681468440395,0.0102639020511449,1.01118722858933e-06,0.00702524906849796,0.0161853840037285
aqua_screaming_expected,AQuA Capitalization or punctuation suggesting shouting (raw expected ordinal score),One standard deviation,-0.0295254466110629,0.0103503912305468,-0.0498118406488338,-0.00923905257329192,0.970906171055133,0.00433642133191828,-0.0455493994463944,0.0103801537954939,-0.0658941270395492,-0.0252046718532396,0.955472401598429,1.14332716066232e-05,-0.0160239528353315,0.00882711615050041,-0.0333247825776642,0.00127687690700113,0.069476272370488,0.00683820286956344,2.34382067935776e-05,0.0918879731351616
aqua_vulgarity_expected,AQuA Language inappropriate for civil discourse (raw expected ordinal score),One standard deviation,-0.0847640391853045,0.0181174622019401,-0.120273612592373,-0.0492544657782362,0.91872904288064,2.88865130034334e-06,-0.109159354274336,0.0188862487311272,-0.146175721590411,-0.0721429869582616,0.896587531058365,7.47750327260251e-09,-0.0243953150890318,0.0153558573962466,-0.0544922425374081,0.00570161235934453,0.112136016852163,5.6397477768608e-06,1.80339784809825e-08,0.134632985562977
aqua_insult_expected,AQuA Insult or personal attack (raw expected ordinal score),One standard deviation,0.0440459075039075,0.0222905045713104,0.000357321346913735,0.0877344936609013,1.04503032852115,0.048155435347954,0.0207979181659003,0.0226116607151594,-0.0235201224664513,0.0651159587982519,1.02101570206276,0.357683925730215,-0.0232479893380072,0.0188869391569776,-0.0602657098638825,0.0137697311878681,0.218359159930991,0.0564106528361747,0.376026691152277,0.241965555599206
aqua_sarcasm_expected,"AQuA Devaluing, biting mockery (raw expected ordinal score)",One standard deviation,-0.144267213695108,0.0175455009930138,-0.178655763732127,-0.109878663658089,0.865656401905304,1.9936762343911e-16,-0.181153650068804,0.0183334734250403,-0.217086597693405,-0.145220702444203,0.834307157494827,5.0311721229248e-23,-0.0368864363736959,0.0150745721219438,-0.0664320548150574,-0.0073408179323345,0.0144078457552466,7.43097505545772e-16,2.57847571299896e-22,0.0218785805913003
aqua_discrimination_expected,AQuA Discriminatory language (raw expected ordinal score),One standard deviation,0.062441700861797,0.0242245053164231,0.0149625428983087,0.109920858825285,1.06443240161724,0.00994817703090333,0.0424137277404286,0.0246323513624188,-0.00586479378444847,0.0906922492653056,1.04332604239573,0.0850929168125164,-0.0200279731213684,0.0202889298980701,-0.0597935450064437,0.0197375987637068,0.323575004681219,0.0151064910469273,0.10572150270646,0.340168594664872
aqua_storytelling_expected,AQuA Personal story or experience (raw expected ordinal score),One standard deviation,0.0884584365417928,0.0148486230044383,0.0593556702330807,0.117561202850505,1.09248884405241,2.56361641657381e-09,0.0593127292615791,0.0151184323334727,0.0296811463852667,0.0889443121378914,1.061107028075,8.73782615364217e-05,-0.0291457072802137,0.0126523245814746,-0.0539438077806148,-0.00434760677981269,0.02124594108005,6.56926706747039e-09,0.000155761248825795,0.030037364975243
