paper,asset,submitted_path,submitted_sha256,stage,source_path,canonical_source,source_sha256,presentation_transform
CG1,main.tex,submissions/CG1/main.tex,a5bbca362f1c32b2d74b3adb0ef8afd2967e93371433c6ad333b8d7fdccef99d,manuscript,,,,authored or frozen submission asset
CG1,body.tex,submissions/CG1/body.tex,22266ba62192f967c6e50150394e52dc4e68c40baf4c153bef00165dfa088322,manuscript,,,,authored or frozen submission asset
CG1,appendix.tex,submissions/CG1/appendix.tex,b167b95a9dfe4c90cce90b88b5c705adb8f9afd6660fa901a708ed383637ed4f,manuscript,,,,authored or frozen submission asset
CG1,ICWSM_2025_checklist.tex,submissions/CG1/ICWSM_2025_checklist.tex,1c96698f33c2975684307e5bbde577d7a1600c3a349d19cf8baafe905f3a9281,manuscript,,,,authored or frozen submission asset
CG1,bibliography.bib,submissions/CG1/bibliography.bib,ebe2cb2ce890db1821807d192a3b9e7fd65827ba793b8dd4cbc8272597a50866,manuscript,,,,authored or frozen submission asset
CG1,aaai2026.sty,submissions/CG1/aaai2026.sty,a39f1866a04dd1e2603613c876fa446aaea2c2f3e34d02be868fd21520bfade5,manuscript,,,,authored or frozen submission asset
CG1,aaai2026.bst,submissions/CG1/aaai2026.bst,ac26e2c66047435c0ed25f21ae36ad42d731cf3d794c4a8b5f05a62141a27294,manuscript,,,,authored or frozen submission asset
CG1,main.bbl,submissions/CG1/main.bbl,6c6f8214c3ce0c285b51ae6294344c95fe19b1b065c460f63d1d103c791b49db,manuscript,,,,authored or frozen submission asset
CG1,main.pdf,submissions/CG1/main.pdf,eacb0dad220ab528a80b6ca1f1a9bd54b0fdd23c892ab69cb27ca2e3434e3d43,manuscript,,,,authored or frozen submission asset
CG2,main.tex,submissions/CG2/main.tex,11f93086966020bff9be4b383e66b71f8b5973290f052171b632507090065799,manuscript,,,,authored or frozen submission asset
CG2,body.tex,submissions/CG2/body.tex,f121099f1ccd52bc41c0b256b7d7b227f2d05bacfeb171377a75b1cd635ae0c1,manuscript,,,,authored or frozen submission asset
CG2,appendix.tex,submissions/CG2/appendix.tex,6f1e0f80018cbc7f1deb1b0ba02fca4beda02258ebee8a5c034ddf4bdf2e765b,manuscript,,,,authored or frozen submission asset
CG2,ICWSM_2025_checklist.tex,submissions/CG2/ICWSM_2025_checklist.tex,71790291f3201bed17d8a3076fc4c1fc7e0d03f87cb571c3794ed784d62b3607,manuscript,,,,authored or frozen submission asset
CG2,bibliography.bib,submissions/CG2/bibliography.bib,b6750f05c7a8d5f7559e5558e0d94ce3d77bb3cc9ed24ee7d3c9c7452e62f967,manuscript,,,,authored or frozen submission asset
CG2,aaai2026.sty,submissions/CG2/aaai2026.sty,a39f1866a04dd1e2603613c876fa446aaea2c2f3e34d02be868fd21520bfade5,manuscript,,,,authored or frozen submission asset
CG2,aaai2026.bst,submissions/CG2/aaai2026.bst,ac26e2c66047435c0ed25f21ae36ad42d731cf3d794c4a8b5f05a62141a27294,manuscript,,,,authored or frozen submission asset
CG2,main.bbl,submissions/CG2/main.bbl,b239db34310bca762a2dca9cf1bb8289ef54a6a0c2b0821afbe6580f6ef9ce1e,manuscript,,,,authored or frozen submission asset
CG2,main.pdf,submissions/CG2/main.pdf,c22178c8701bda3adea41aa3c07fd050ba82f9ff6300eafc88a488c7876c4a34,manuscript,,,,authored or frozen submission asset
CG1,figures/regression_selector_coefficients.pdf,submissions/CG1/figures/regression_selector_coefficients.pdf,a068fc6dd230b743cef8b1af716454dae26cdba0159bb5f614402715ae49fbdc,09,model_output/selection_2025/paper1/reporting/figures/all_regression_selector_coefficients.pdf,artifacts/frozen/CG1/reporting/figures/all_regression_selector_coefficients.pdf,a068fc6dd230b743cef8b1af716454dae26cdba0159bb5f614402715ae49fbdc,none
CG1,figures/regression_selector_differences.pdf,submissions/CG1/figures/regression_selector_differences.pdf,a7df49865674a407f7a9a40e14aaefded083a6614d9a01293519036810a13f1b,09,model_output/selection_2025/paper1/reporting/figures/all_regression_selector_differences.pdf,artifacts/frozen/CG1/reporting/figures/all_regression_selector_differences.pdf,a7df49865674a407f7a9a40e14aaefded083a6614d9a01293519036810a13f1b,none
CG1,figures/xgb_signed_shap_gaps.pdf,submissions/CG1/figures/xgb_signed_shap_gaps.pdf,27509c4960f73ed062926e205cc6c56bce4ec1766b89ced0bdba7a9d73ae37bd,09,model_output/selection_2025/paper1/reporting/figures/all_winner_shap_importance_gaps_xgb.pdf,artifacts/frozen/CG1/reporting/figures/all_winner_shap_importance_gaps_xgb.pdf,27509c4960f73ed062926e205cc6c56bce4ec1766b89ced0bdba7a9d73ae37bd,none
CG1,figures/nn_signed_shap_gaps.pdf,submissions/CG1/figures/nn_signed_shap_gaps.pdf,f096a3709bfa06e8c5e1e909e58c6c0ee80f66804e46b1aa6ce013e7bdf487ea,09,model_output/selection_2025/paper1/reporting/figures/all_winner_shap_importance_gaps_nn.pdf,artifacts/frozen/CG1/reporting/figures/all_winner_shap_importance_gaps_nn.pdf,f096a3709bfa06e8c5e1e909e58c6c0ee80f66804e46b1aa6ce013e7bdf487ea,none
CG1,figures/regression_vs_shap_gaps.pdf,submissions/CG1/figures/regression_vs_shap_gaps.pdf,de5f6a41d9474f4de69a0985fffa4c9edc26ef6b4b0f0322d2587514f3aae904,09,model_output/selection_2025/paper1/reporting/figures/all_regression_vs_shap_gaps.pdf,artifacts/frozen/CG1/reporting/figures/all_regression_vs_shap_gaps.pdf,de5f6a41d9474f4de69a0985fffa4c9edc26ef6b4b0f0322d2587514f3aae904,none
CG1,tables/model_features.tex,submissions/CG1/tables/model_features.tex,1990aa9e7475ef9a2009e820a387c770663684624ae8020b37bd34438403e483,02,,,,authored feature definitions linked to features.py and preprocessing.py
CG1,tables/training_model_performance.tex,submissions/CG1/tables/training_model_performance.tex,e63a2714a1376993376f7b84bf872f86aa87a63a8bf5c10cf49b79f0755f887e,09,model_output/selection_2025/paper1/reporting/tables/figure_26_training_model_performance.tex,artifacts/frozen/CG1/reporting/tables/figure_26_training_model_performance.tex,e63a2714a1376993376f7b84bf872f86aa87a63a8bf5c10cf49b79f0755f887e,none
CG1,tables/test_model_performance.tex,submissions/CG1/tables/test_model_performance.tex,2b67b3372b5beb78804822202a6a8888cb9e977af850786d93f8a445cf246e88,09,model_output/selection_2025/paper1/reporting/tables/figure_26_test_model_performance.tex,artifacts/frozen/CG1/reporting/tables/figure_26_test_model_performance.tex,d1314eb8003e07b5a255912527aae443d23f48eaf8594a74cd7a89c074683470,append three baseline rows from cg1_baseline_performance.csv
CG1,tables/regression_model_table.tex,submissions/CG1/tables/regression_model_table.tex,a3a2b1d1553251dd617296372bda1098ae0c3cd36364d54c473af7964e8c1400,09,model_output/selection_2025/paper1/reporting/tables/regression_model_table.tex,artifacts/frozen/CG1/reporting/tables/regression_model_table.tex,e4bb89cc0f72c6b82b2d8e349ebe75c511b92440aac96ab71fd9fbcf37cd0602,"submitted labels, column widths and TeX formatting"
CG2,figures/feature_score.pdf,submissions/CG2/figures/feature_score.pdf,5747eabb493368017029a451d5d1374e8b7c62e067f2e0bccbbeb99062f70453,10,,,,conceptual FORUM illustration from numbered stage 10
CG2,figures/ordering_and_interface_effects.pdf,submissions/CG2/figures/ordering_and_interface_effects.pdf,796e62d4d39136867d6437c375c306f77d96a241e9a9f088be30cbe28d0db5e5,11,model_output/selection_2025/forum_ranking_analysis/reporting/figure_ordering_effects.pdf,artifacts/frozen/CG2/forum/reporting/figure_ordering_effects.pdf,796e62d4d39136867d6437c375c306f77d96a241e9a9f088be30cbe28d0db5e5,none
CG2,figures/ordering_variants.pdf,submissions/CG2/figures/ordering_variants.pdf,f79748c777e86b87c09bb8de66812ac7470915c8d36abbcc08eca486810475bb,11,model_output/selection_2025/forum_ranking_analysis/reporting/figure_ordering_policy_variants.pdf,artifacts/frozen/CG2/forum/reporting/figure_ordering_policy_variants.pdf,f79748c777e86b87c09bb8de66812ac7470915c8d36abbcc08eca486810475bb,none
CG2,figures/forum_top10_full_across_ranking_conditions.pdf,submissions/CG2/figures/forum_top10_full_across_ranking_conditions.pdf,1d06666e1bdaba05598c8d789655e44e156374549e2d6186c0f424d843253fc5,12,model_output/selection_2025/forum_ranking_analysis/reporting/paper_forum_top10_full_across_ranking_conditions.pdf,artifacts/frozen/CG2/forum/reporting/paper_forum_top10_full_across_ranking_conditions.pdf,1d06666e1bdaba05598c8d789655e44e156374549e2d6186c0f424d843253fc5,none
CG2,figures/forum_vs_ndcg_by_depth.pdf,submissions/CG2/figures/forum_vs_ndcg_by_depth.pdf,abd463364c586e51f113f512c6ba915541d66aa7e1ad59a8a7e1579e284d31b1,12,model_output/selection_2025/forum_ranking_analysis/reporting/paper_forum_vs_ndcg_by_depth.pdf,artifacts/frozen/CG2/forum/reporting/paper_forum_vs_ndcg_by_depth.pdf,abd463364c586e51f113f512c6ba915541d66aa7e1ad59a8a7e1579e284d31b1,none
CG2,figures/policy_umap_hdbscan.png,submissions/CG2/figures/policy_umap_hdbscan.png,0bd839600dac5a9dd421e61714ccef1fdadd37ed2ea653a754ccb563b5f6f28a,13,model_output/selection_2025/ranking_policy_similarity/raw_umap.png,artifacts/frozen/CG2/ranking_similarity/raw_umap.png,0bd839600dac5a9dd421e61714ccef1fdadd37ed2ea653a754ccb563b5f6f28a,none
CG2,figures/topic_combined_article_cosine_gain_effects.png,submissions/CG2/figures/topic_combined_article_cosine_gain_effects.png,03da08b0b39ca7085a4f396c8542921598a6c644080ecb625535b90b292bb399,16,model_output/selection_2025/paper2_topic_runs/mcs15_nn10_ms5_seed2026_1e1b8fce5deb3e58/analysis/vote_spline_topic_policy_combined_article_cosine_gain_effects.png,artifacts/frozen/CG2/topics/runs/mcs15_nn10_ms5_seed2026_1e1b8fce5deb3e58/analysis/vote_spline_topic_policy_combined_article_cosine_gain_effects.png,03da08b0b39ca7085a4f396c8542921598a6c644080ecb625535b90b292bb399,none
CG2,figures/article_relative_votes_raw_gain_scatter.png,submissions/CG2/figures/article_relative_votes_raw_gain_scatter.png,60150082a229f999beb42008f1c2b057a95828e9d349c6246fec21b99a4ceb4a,16,model_output/selection_2025/paper2_topic_runs/mcs15_nn10_ms5_seed2026_1e1b8fce5deb3e58/analysis/vote_spline_topic_policy_cosine_article_relative_votes_raw_gain_scatter.png,artifacts/frozen/CG2/topics/runs/mcs15_nn10_ms5_seed2026_1e1b8fce5deb3e58/analysis/vote_spline_topic_policy_cosine_article_relative_votes_raw_gain_scatter.png,60150082a229f999beb42008f1c2b057a95828e9d349c6246fec21b99a4ceb4a,none
CG2,figures/development_vote_attention.png,submissions/CG2/figures/development_vote_attention.png,4f2851e90c4617a6b6595f46349bfe1b008e69f448689dc5463d6a02b4113be2,15,model_output/selection_2025/paper2_topic_runs/mcs15_nn10_ms5_seed2026_1e1b8fce5deb3e58/analysis/topic_policy_vote_attention_curve.png,artifacts/frozen/CG2/topics/runs/mcs15_nn10_ms5_seed2026_1e1b8fce5deb3e58/analysis/topic_policy_vote_attention_curve.png,4f2851e90c4617a6b6595f46349bfe1b008e69f448689dc5463d6a02b4113be2,none
CG2,figures/topic_stability_coverage.pdf,submissions/CG2/figures/topic_stability_coverage.pdf,ed92d68c4be0da160af79a14f26e1fafadc04a7925904bb45bfc79604aec1c22,14,model_output/selection_2025/paper2_topic_diagnostics/searches/7cf9d9ba0750d91b/raw_pooled_common_ami_vs_article_comment_coverage_pareto.pdf,artifacts/frozen/CG2/topics/diagnostics/searches/7cf9d9ba0750d91b/raw_pooled_common_ami_vs_article_comment_coverage_pareto.pdf,ed92d68c4be0da160af79a14f26e1fafadc04a7925904bb45bfc79604aec1c22,none
