scope,analysis_partition,primary_topic,n_articles,gap_mean,gap_sd,gap_q25,gap_median,gap_q75,overlap_mean,overlap_tie_sd_mean,candidates_mean,picks_mean,articles_with_vote_ties,candidate_comments,gap_comment_weighted_mean,gap_comment_weighted_median,primary_topic_label
all,development,/diestandard,42,0.03634514929992288,0.07519150855921446,0.0005598295656290685,0.007062122060340799,0.017863272311212815,0.6462159863945578,0.0014376365819632644,497.42857142857144,4.214285714285714,42,20892,0.04014408528917791,0.00707415135630312,women's policy
all,development,/diskurs,391,0.07532491581792662,0.14100942367995314,0.0,0.006060606060606063,0.09093445616883117,0.7007033248081842,0.004640176030140568,521.9283887468031,4.611253196930947,391,204074,0.08099169331781889,0.0008261731658955717,opinion
all,development,/etat,69,0.11774147178320654,0.20147970463229467,0.001282051282051282,0.02,0.125,0.5653102453102453,0.005188221012091072,232.2753623188406,3.652173913043478,69,16027,0.0787511044692891,0.002053166198400691,media industry
all,development,/gesundheit,87,0.06575484438835445,0.10808470451772835,0.0,0.01129943502824859,0.09363508544235345,0.6488323298668126,0.0015145007950998193,376.97701149425285,4.183908045977011,87,32797,0.07884623578628128,0.006268656716417909,/gesundheit
all,development,/immobilien,78,0.07310377717475416,0.11541527810075132,0.0006274975024975022,0.010664638733523045,0.12777114287304217,0.6276945276945277,0.004620353576231994,353.94871794871796,3.9871794871794872,78,27608,0.09130270717904411,0.009731413001167769,/immobilien
all,development,/inland,223,0.09192406037104527,0.1508992750602651,0.0,0.00974025974025974,0.13725537166085944,0.6778169264716349,0.00312937333160994,801.9730941704036,4.484304932735426,223,178840,0.11350394242294248,0.00974025974025974,domestic
all,development,/international,200,0.09216083618236243,0.16566143516964532,0.0,0.009642454954954954,0.12937148876404495,0.6557964285714286,0.007372012487477792,434.65,3.905,200,86930,0.10102376383178346,0.004694835680751174,international
all,development,/karriere,63,0.08508774112739766,0.15276006637229944,0.0,0.007105943152454782,0.11722620113398985,0.699748047367095,0.0020491975376758943,452.22222222222223,4.26984126984127,63,28490,0.09942340260006446,0.004563805511672811,/karriere
all,development,/kultur,95,0.10939224770035386,0.1485044622180215,0.000863670044362327,0.03278688524590164,0.19522946859903384,0.5798538011695906,0.0020210045196565074,220.8842105263158,3.463157894736842,95,20984,0.09589207683115539,0.005208333333333333,culture
all,development,/lifestyle,263,0.06585043992098602,0.13180749371333403,0.0,0.009072580645161291,0.0599671327581566,0.6533423863842115,0.00535522093364163,396.212927756654,4.349809885931559,263,104204,0.05244922410667925,0.004590525156077855,lifestyle
all,development,/panorama,99,0.10071346556275994,0.18678671968395466,0.0,0.008205128205128203,0.11466567852437418,0.6528403078403078,0.0016952452357137078,566.7575757575758,4.181818181818182,99,56109,0.10264650503593538,0.003301540719002201,human interest
all,development,/podcast,3,0.12765210661845275,0.1270980384127564,0.054325382149901374,0.05917159763313609,0.16673857659434582,0.3333333333333333,5.851389114294502e-17,138.66666666666666,2.3333333333333335,3,416,0.08104946464639279,0.05917159763313609,podcast
all,development,/recht,26,0.10412494626111234,0.14196600082793542,7.413997627520753e-05,0.03150438114252095,0.1559875066454014,0.5977564102564102,0.0030406515963157517,409.11538461538464,3.6153846153846154,26,10637,0.05264184667431009,0.0031779661016949155,legal
all,development,/sport,91,0.05525953444662166,0.11020508621919287,0.0,0.009285714285714286,0.047728758169934646,0.6693572300715158,0.003103006927000377,262.54945054945057,3.769230769230769,91,23892,0.07642038570806192,0.004757785467128028,sports
all,development,/video,4,0.12282881668409494,0.0927440192399961,0.0755568644249304,0.14516502253075145,0.19243697478991598,0.6333333333333333,4.3885418357208765e-17,352.75,4.5,4,1411,0.1295693939355058,0.2,video
all,development,/web,315,0.04038765583659745,0.0823706394762854,0.0,0.003703703703703704,0.0291289592760181,0.7467271352985638,0.004710877371427447,384.32380952380953,3.7333333333333334,315,121062,0.044274611625111766,0.001262626262626262,digital
all,development,/wirtschaft,239,0.07775210812947612,0.1308673590899886,0.0,0.00375390015600624,0.14902908764515907,0.7571840340041177,0.004221272468960475,699.7991631799163,4.125523012552302,239,167252,0.0871814312406296,0.0029296875,economy
all,development,/wissenschaft,225,0.05498084729044422,0.11567002871173608,0.0,0.006,0.04827586206896552,0.6765178130511463,0.0077405328499846335,288.77777777777777,3.528888888888889,225,64975,0.042946204428025665,0.0015910898965791564,science
all,development,/zukunft,46,0.05503970301093233,0.08295553411700446,0.0,0.009579433542679799,0.09135338345864662,0.7737491373360939,0.003207439624188356,493.7826086956522,4.543478260869565,46,22714,0.058013007251103164,0.0111003861003861,/zukunft
all,held_out_test,/diestandard,39,0.1546835826011616,0.2554396996478878,0.002233238230154982,0.02296296296296296,0.18119227539882451,0.5067358567358567,0.007116457653941566,561.7692307692307,4.384615384615385,39,21909,0.0989830607442924,0.004528301886792454,women's policy
all,held_out_test,/diskurs,378,0.07434731627624398,0.15794273321737773,0.0,0.0034481529025816565,0.06349788204626913,0.7177123846171465,0.0055834157040628345,551.1772486772487,4.608465608465608,378,208345,0.07561815614634104,0.0012210012210012217,opinion
all,held_out_test,/etat,69,0.09309897864398535,0.12720612585697771,0.0004084967320261438,0.02436247723132969,0.15955284552845528,0.6192028985507246,0.007139062039749105,266.60869565217394,3.449275362318841,69,18396,0.09102177796583623,0.005640794223826715,media industry
all,held_out_test,/gesundheit,108,0.0418166752290084,0.0971005569398645,0.000394935031939605,0.008166909289418614,0.02661314438253056,0.6732186948853616,0.001425802864470889,338.5740740740741,3.990740740740741,108,36566,0.027040885107145425,0.001972386587771203,/gesundheit
all,held_out_test,/imfokus,2,0.04642857142857142,0.06565991539589369,0.02321428571428571,0.04642857142857142,0.06964285714285713,0.8999999999999999,0.0,37.0,3.0,2,74,0.023841698841698837,0.0,/imfokus
all,held_out_test,/immobilien,81,0.09154474158876821,0.12700861940518401,0.0015117157974300834,0.02074391988555079,0.169375,0.6005725687207168,0.0038251687369950057,429.65432098765433,4.469135802469136,81,34802,0.11364802237383041,0.008759124087591242,/immobilien
all,held_out_test,/inland,199,0.1069465762660261,0.17342145054347483,0.0,0.013095238095238096,0.17735020661157025,0.7116624971901354,0.0029544064431837993,813.9949748743719,4.346733668341709,199,161985,0.11457014569906124,0.013095238095238096,domestic
all,held_out_test,/international,174,0.0829456658919991,0.1821152769098853,0.0,0.0047033669253639145,0.0542816091954023,0.6819604086845467,0.009478265762382018,413.3333333333333,3.7528735632183907,174,71920,0.07786305329626661,0.0006684491978609625,international
all,held_out_test,/karriere,78,0.08575534406085626,0.16080895449237537,0.0,0.00923552920900933,0.10919618281906418,0.6648382173382174,0.0048889907929310075,615.8205128205128,4.5,78,48034,0.05730760427759283,0.0009633911368015412,/karriere
all,held_out_test,/kultur,102,0.051343304753687716,0.08913399929726376,0.0030924365847432053,0.017453772115499817,0.053517061121323525,0.5428392468098351,0.017904208718450946,234.04901960784315,3.715686274509804,102,23873,0.04984957913750479,0.013685239491691106,culture
all,held_out_test,/lifestyle,266,0.07103047826988607,0.12339294214599542,0.0005252951220230207,0.010069989534275247,0.09751729249011858,0.6228631101563433,0.004433902464054115,395.93609022556393,4.071428571428571,266,105319,0.05550501102883004,0.004796163069544364,lifestyle
all,held_out_test,/panorama,99,0.08976824538220493,0.16985342476097487,0.0,0.006711409395973154,0.10516197798920819,0.6628821795488462,0.0016145192721082823,518.979797979798,4.353535353535354,99,51379,0.12042092019186985,0.004901960784313725,human interest
all,held_out_test,/podcast,7,0.14054190354639748,0.15393619918191417,0.0,0.09593023255813954,0.25839695493835285,0.5476190476190477,8.359127306135003e-18,161.57142857142858,2.4285714285714284,7,1131,0.11212344790763994,0.0,podcast
all,held_out_test,/recht,27,0.08275617017690075,0.13738205499461134,0.00024437927663734115,0.00435967302452316,0.12001395334728668,0.6962081128747796,2.6006173841308898e-17,452.44444444444446,3.4074074074074074,27,12216,0.05656636954458195,0.001890923566878981,legal
all,held_out_test,/sport,91,0.06135880680797518,0.10994452044308488,0.00035310734463276836,0.01297814207650273,0.05620015948963318,0.639795918367347,0.0009457834789273512,210.96703296703296,3.7142857142857144,91,19198,0.06509434751340887,0.011335012594458438,sports
all,held_out_test,/video,9,0.2130852893809958,0.2873547111229835,0.0,0.006329113924050633,0.2965823970037453,0.5796296296296296,0.018508216130258708,465.0,3.888888888888889,9,4185,0.14623953806735204,0.0,video
all,held_out_test,/web,318,0.048672434242309104,0.10513523458256854,0.0,0.0025867641486302744,0.03076430224867725,0.7360714285714285,0.004002810278965664,391.95911949685535,3.79874213836478,318,124643,0.056312437512322025,0.0012578616352201264,digital
all,held_out_test,/wirtschaft,237,0.06090218450998482,0.12082130564607381,0.0,0.0023826979472140763,0.04945054945054945,0.7404914424534678,0.0036969556838027796,664.7341772151899,4.181434599156118,237,157542,0.06843074035141564,0.001358695652173913,economy
all,held_out_test,/wissenschaft,224,0.05351200614787471,0.11125873404125501,0.0,0.00928649237472767,0.045329885999044306,0.650797902494331,0.007234842391659079,312.41964285714283,3.7767857142857144,224,69982,0.05779273546062247,0.004615384615384616,science
all,held_out_test,/zukunft,51,0.06531087646029597,0.1217669381191775,6.264690552711302e-05,0.00641025641025641,0.04670609716481276,0.6474789915966387,0.0033751488855838173,630.1764705882352,4.313725490196078,51,32139,0.0952068966145767,0.008127438231469442,/zukunft
root,development,/diestandard,42,0.05293994951585761,0.08175963131225321,0.0006752701080432177,0.021207264957264958,0.04533354069086651,0.6545493197278911,0.005620543539857941,109.4047619047619,4.071428571428571,42,4595,0.04665569602091367,0.028248587570621465,women's policy
root,development,/diskurs,391,0.09246691323983805,0.15946211498170068,0.0,0.009943181818181818,0.13202295306611855,0.7163325620103113,0.0043087450248017745,173.923273657289,4.391304347826087,389,68004,0.08438966505547536,0.001488095238095238,opinion
root,development,/etat,69,0.14522052558211618,0.21489683470811644,0.0028571428571428567,0.030555555555555565,0.21370967741935484,0.5721632473806387,0.003788087993135576,83.26086956521739,3.5652173913043477,69,5745,0.09818814753444341,0.006995581737849777,media industry
root,development,/gesundheit,87,0.09242455859727375,0.12756761115109608,0.0,0.027777777777777776,0.15386473429951691,0.6780879401569057,0.008080088032157132,102.79310344827586,3.9770114942528734,86,8943,0.09795585705997802,0.02248677248677249,/gesundheit
root,development,/immobilien,78,0.10241857811227453,0.13617223541284573,0.001263407590759076,0.03672702796595449,0.1587886313465784,0.6526029526029526,0.0037194197699162144,103.17948717948718,3.9358974358974357,78,8048,0.11679530101646732,0.03847619047619047,/immobilien
root,development,/inland,223,0.12282358432867876,0.17640568003520182,0.0,0.0297029702970297,0.1795202599388379,0.6864171827176311,0.0031469164006238813,240.34529147982062,4.313901345291479,222,53597,0.1197618022685265,0.016612200435729845,domestic
root,development,/international,200,0.11691182948406682,0.17778654277929143,0.0,0.02205339566929134,0.1978782990545324,0.6712785714285714,0.0035980879289755885,117.585,3.72,199,23517,0.10470238717764319,0.005681818181818182,international
root,development,/karriere,63,0.10706500345506545,0.1679103023845372,0.0,0.019230769230769232,0.18959371108343712,0.7142479213907785,0.007626406814868801,130.82539682539684,4.111111111111111,63,8242,0.09459215378977387,0.002380952380952385,/karriere
root,development,/kultur,95,0.1344839054930504,0.16480620425358158,0.0005813953488372093,0.045238095238095244,0.21825396825396826,0.5898621553884712,0.001109571108831035,78.09473684210526,3.357894736842105,94,7419,0.10091501072670213,0.00946969696969697,culture
root,development,/lifestyle,263,0.08647652021196885,0.14316138615212598,0.0,0.022887323943661973,0.11258223684210526,0.6634256744522904,0.004674012109830266,126.61596958174906,4.20532319391635,263,33300,0.06689811426215436,0.012396694214876033,lifestyle
root,development,/panorama,99,0.1252855549456125,0.20616683757546228,0.0,0.019047619047619042,0.1945292996978058,0.6837741046831955,0.001043227837362287,133.9090909090909,3.9696969696969697,99,13257,0.12050774719058072,0.009615384615384616,human interest
root,development,/podcast,3,0.1734585675762146,0.05390624915406272,0.14254079254079255,0.14871794871794872,0.19200603318250375,0.4444444444444445,7.801852152392669e-17,51.666666666666664,2.3333333333333335,3,155,0.15454881614274402,0.14871794871794872,podcast
root,development,/recht,26,0.12248859860235627,0.15364178763314632,0.0,0.028837907375643224,0.24959150326797386,0.644551282051282,0.005067752660526255,102.3076923076923,3.269230769230769,26,2660,0.08483737207902467,0.0006849315068493157,legal
root,development,/sport,91,0.08032680162906176,0.13433770023693067,0.0,0.018055555555555554,0.08792270531400967,0.6896389324960753,0.003194632992809921,83.08791208791209,3.659340659340659,91,7561,0.07728778535740165,0.012244897959183675,sports
root,development,/video,4,0.13295502983802215,0.10363086866777577,0.07277813299232735,0.1477941176470588,0.2079710144927536,0.6708333333333333,1.4628472785736255e-17,105.25,4.25,4,421,0.14920762686981226,0.19999999999999998,video
root,development,/web,315,0.05470696757701103,0.09372894082818099,0.0,0.007731958762886598,0.05907509157509157,0.7541330309901738,0.003142254172550969,119.32380952380953,3.6444444444444444,315,37587,0.04483510188053442,0.0009881422924901185,digital
root,development,/wirtschaft,239,0.08729454925479599,0.13566424572069843,0.0,0.008620689655172414,0.1578896604938272,0.7652125257355383,0.0027112137602296102,192.3765690376569,4.01255230125523,239,45978,0.08953187436487338,0.0045871559633027525,economy
root,development,/wissenschaft,225,0.0777004866276786,0.14167128516596836,0.0,0.01176470588235294,0.09090909090909091,0.7136613756613757,0.004658312088417432,81.64888888888889,3.3866666666666667,224,18371,0.05877014168589763,0.0,science
root,development,/zukunft,46,0.06919965668326332,0.09463424943674287,0.0,0.013342287189738464,0.12344104308390023,0.7869996549344376,1.908061667704729e-17,134.2826086956522,4.391304347826087,46,6177,0.07451738159368508,0.01948051948051948,/zukunft
root,held_out_test,/diestandard,39,0.18201203169083346,0.25352756145664873,0.009252359662195725,0.058823529411764705,0.2744308859721083,0.5287545787545788,0.0027028014189473585,118.05128205128206,3.923076923076923,39,4604,0.156650324654915,0.02459016393442623,women's policy
root,held_out_test,/diskurs,378,0.08712492932403859,0.16684132326457282,0.0,0.005943562610229277,0.1083916083916084,0.733784853447552,0.0035599494942967678,185.1005291005291,4.420634920634921,377,69968,0.07795413940744467,0.002057613168724281,opinion
root,held_out_test,/etat,69,0.12034762362350371,0.15317990806039258,0.0,0.047839506172839504,0.18636363636363634,0.6619565217391304,0.00959522666792,83.47826086956522,3.347826086956522,69,5760,0.12110740758633474,0.02403846153846154,media industry
root,held_out_test,/gesundheit,108,0.05778783625877489,0.10638239003800508,0.0,0.015312500000000001,0.05815018315018315,0.6886629188712523,0.0014841661447872107,98.49074074074075,3.8333333333333335,107,10637,0.03356983620342061,0.005357142857142858,/gesundheit
root,held_out_test,/imfokus,2,0.039999999999999994,0.05656854249492379,0.019999999999999997,0.039999999999999994,0.05999999999999999,0.8999999999999999,0.0,22.5,3.0,2,45,0.02666666666666666,0.0,/imfokus
root,held_out_test,/immobilien,81,0.12419021026467399,0.1458037816747153,0.002380952380952382,0.04285714285714286,0.20042016806722687,0.6235449735449735,0.0025501124913300125,111.34567901234568,4.308641975308642,81,9019,0.12870249404286613,0.023305084745762712,/immobilien
root,held_out_test,/inland,199,0.12018315720960149,0.1732792918980764,0.0,0.03153153153153153,0.2005,0.7098805716896169,0.002435413699973425,244.05527638190955,4.135678391959799,199,48567,0.11875335361776686,0.022105263157894732,domestic
root,held_out_test,/international,174,0.09704405825437079,0.18119242353142154,0.0,0.010821623731459794,0.10063920454545454,0.6974648786717752,0.009347682645064142,117.61494252873563,3.6206896551724137,173,20465,0.07517610641798224,0.002607939727615184,international
root,held_out_test,/karriere,78,0.11650394653992308,0.179286564443848,0.0,0.031469298245614036,0.16197344322344323,0.667094017094017,0.004481915832432736,169.93589743589743,4.346153846153846,78,13255,0.07446809749829063,0.00031695721077654545,/karriere
root,held_out_test,/kultur,102,0.08791610045487594,0.12406299832281573,0.004993051419495733,0.028594771241830064,0.15033690106477374,0.5622743541861189,0.013180848875630265,74.0,3.4901960784313726,101,7548,0.06230463932811577,0.01989150090415913,culture
root,held_out_test,/lifestyle,266,0.09565087925992337,0.14342799945295343,0.0,0.022902097902097903,0.14761904761904762,0.6447947249075069,0.00481691231056051,128.21428571428572,3.943609022556391,266,34105,0.07001959447747784,0.007797270955165691,lifestyle
root,held_out_test,/panorama,99,0.11532373637255489,0.18370176885537504,0.0,0.020833333333333332,0.17690690912424,0.662982387982388,0.006435156274095359,137.03030303030303,4.101010101010101,99,13566,0.12372770883213692,0.0029761904761904773,human interest
root,held_out_test,/podcast,7,0.23109243697478993,0.2394899011510436,0.0,0.2,0.45,0.5476190476190477,8.359127306135003e-18,44.42857142857143,2.2857142857142856,7,311,0.21066767543030077,0.0,podcast
root,held_out_test,/recht,27,0.10076952028485246,0.16159334176029577,0.0,0.0046948356807511755,0.17689732142857142,0.7239858906525574,2.167181153442408e-17,91.5925925925926,3.259259259259259,27,2473,0.06587921798411886,0.004219409282700424,legal
root,held_out_test,/sport,91,0.08489211884860168,0.12647801928602018,0.0,0.025953389830508475,0.12613636363636366,0.6660779696493982,0.002272832631508797,71.43956043956044,3.67032967032967,91,6501,0.08604296169812635,0.025953389830508475,sports
root,held_out_test,/video,9,0.269795256486433,0.335987446630171,0.0,0.021428571428571432,0.4444444444444445,0.5666666666666667,0.00956292184248745,99.22222222222223,3.7777777777777777,9,893,0.21694333244173505,0.0012254901960784335,video
root,held_out_test,/web,318,0.060871331614683694,0.11557068848157678,0.0,0.00527250527250527,0.0594496365524403,0.7531117100928422,0.0038679453674159065,123.48113207547169,3.6855345911949686,318,39267,0.053248295261109316,0.0,digital
root,held_out_test,/wirtschaft,237,0.07111872751012821,0.12361478969679361,0.0,0.007246376811594203,0.0919080919080919,0.7532615485780043,0.002054918860133707,185.45569620253164,4.042194092827004,237,43953,0.07544013359090142,0.0037647058823529404,economy
root,held_out_test,/wissenschaft,224,0.0776851452502635,0.12896350293967793,0.0,0.02260536398467433,0.09629394079555967,0.682842970521542,0.006356787016264291,82.29910714285714,3.6607142857142856,224,18435,0.07871185349636754,0.013020833333333334,science
root,held_out_test,/zukunft,51,0.08238345400739013,0.12640031392209228,0.0001322751322751325,0.02536231884057971,0.11607564945297376,0.6489729225023343,0.0033751488855838186,154.35294117647058,4.196078431372549,51,7872,0.10442850543449311,0.03195488721804511,/zukunft
all,all_partitions,/diestandard,81,0.09332291348200078,0.19347075682828518,0.0006868131868131869,0.007908611599297012,0.06504065040650407,0.5790588869292573,0.004171883764767632,528.4074074074074,4.296296296296297,81,42801,0.0702626132031543,0.007050092764378478,women's policy
all,all_partitions,/diskurs,769,0.07484437924217104,0.1494757203230348,0.0,0.004430719656283565,0.07263513513513513,0.7090640850263736,0.005103823100026936,536.3055916775032,4.609882964889467,769,412419,0.07827710062933568,0.0010509926041261193,opinion
all,all_partitions,/etat,138,0.10542022521359594,0.1683254182088353,0.0009646528390255771,0.021574074074074072,0.15206866197183097,0.592256571930485,0.006163641525920088,249.44202898550725,3.550724637681159,138,34423,0.08530867672163435,0.0038709677419354834,media industry
all,all_partitions,/gesundheit,195,0.052496781469332024,0.10257361067070499,0.0,0.008928571428571428,0.042790117079889806,0.6623386243386243,0.0014653757873668734,355.7076923076923,4.076923076923077,195,69363,0.051536078311355434,0.00311332503113325,/gesundheit
all,all_partitions,/imfokus,2,0.04642857142857142,0.06565991539589369,0.02321428571428571,0.04642857142857142,0.06964285714285713,0.8999999999999999,0.0,37.0,3.0,2,74,0.023841698841698837,0.0,/imfokus
all,all_partitions,/immobilien,159,0.08249823074415755,0.12142875557908414,0.001428652949424463,0.013157894736842105,0.14534724753919068,0.6138776806701335,0.004215259412847113,392.5157232704403,4.232704402515723,159,62410,0.10376323689237456,0.009731413001167769,/immobilien
all,all_partitions,/inland,422,0.09900813777175899,0.1618894740446846,0.0,0.011953898907797815,0.16589725295581392,0.6937772785403118,0.003046865249153063,807.6421800947867,4.419431279620853,422,340825,0.1140106803021535,0.011443661971830986,domestic
all,all_partitions,/international,374,0.08787356444299553,0.17333593051925872,0.0,0.006020244382313347,0.07892402147668065,0.6679689754689755,0.008351927112700615,424.73262032085563,3.834224598930481,374,158850,0.09053765554274115,0.0016414275124430797,international
all,all_partitions,/karriere,141,0.08545705338845987,0.15670737309207775,0.0,0.007575757575757576,0.11075498575498575,0.6804362265000563,0.003620146998029787,542.7234042553191,4.397163120567376,141,76524,0.07298737917445156,0.0011737089201877935,/karriere
all,all_partitions,/kultur,197,0.07933644982949119,0.12456485738076072,0.0026168224299065426,0.020383693045563547,0.0975609756097561,0.5606889050036259,0.010244795526138908,227.7005076142132,3.5939086294416245,197,44857,0.07138815219418633,0.008641975308641974,culture
all,all_partitions,/lifestyle,529,0.06845514729491306,0.12755103533905837,0.00047687172150691484,0.00925,0.07272727272727272,0.6380163231013892,0.00489194926462409,396.07372400756145,4.209829867674858,529,209523,0.05398524842312183,0.004619758351101635,lifestyle
all,all_partitions,/panorama,198,0.09524085547248244,0.17815178493307265,0.0,0.007813222376329173,0.11055217227523859,0.657861243694577,0.001654882253910995,542.8686868686868,4.267676767676767,198,107488,0.11114263182494212,0.003301540719002201,human interest
all,all_partitions,/podcast,10,0.13667496446801408,0.13937752555334354,0.012369791666666666,0.07755091509563782,0.25948016761002146,0.4833333333333334,2.340555645717801e-17,154.7,2.4,10,1547,0.1037674187953718,0.049479166666666664,podcast
all,all_partitions,/recht,53,0.093238965991797,0.13871846915610384,0.0,0.011851851851851851,0.12162162162162163,0.647911051212938,0.0014916404057398161,431.188679245283,3.509433962264151,53,22853,0.054739688156095465,0.001890923566878981,legal
all,all_partitions,/sport,182,0.058309170627298415,0.10981297323642851,0.0,0.011541193181818182,0.05459881320949432,0.6545765742194314,0.002024395202963864,236.75824175824175,3.741758241758242,182,43090,0.07137426639358178,0.008,sports
all,all_partitions,/video,13,0.1853140670127186,0.24306120499988107,0.00021929824561403547,0.10041407867494825,0.2647058823529412,0.5961538461538461,0.012813380397871428,430.46153846153845,4.076923076923077,13,5596,0.14203625476319998,0.000985221674876847,video
all,all_partitions,/web,633,0.04454967721577013,0.09451123935403065,0.0,0.0030864197530864196,0.03042328042328042,0.7413740314451215,0.004355165941091196,388.15955766192735,3.7661927330173777,633,245705,0.050381246541208506,0.001262626262626262,digital
all,all_partitions,/wirtschaft,476,0.06936254531893109,0.12611536113582625,0.0,0.002636976776526213,0.08018066221830543,0.7488728066984369,0.003960215582232799,682.3403361344538,4.1533613445378155,476,324794,0.07808636992770956,0.0021892103205629395,economy
all,all_partitions,/wissenschaft,449,0.054248062399719126,0.11336640023676961,0.0,0.008156028368794326,0.04824561403508772,0.6636864990985258,0.007488250750508189,300.57238307349667,3.6525612472160356,449,134957,0.05064487833692398,0.0028296547821165816,science
all,all_partitions,/zukunft,97,0.06044001070080394,0.10476082852915032,0.0,0.008127438231469442,0.07044341325083785,0.7073596792668958,0.0032956166585302996,565.4948453608248,4.422680412371134,97,54853,0.07980533237922151,0.008127438231469442,/zukunft
root,all_partitions,/diestandard,81,0.1150857668593645,0.19536698926317145,0.0031999999999999993,0.029220779220779224,0.16666666666666666,0.5939814814814814,0.004215704740900994,113.5679012345679,4.0,81,9199,0.10170681790709064,0.024739583333333332,women's policy
root,all_partitions,/diskurs,769,0.08984107459201986,0.16304656339859588,0.0,0.00767543859649123,0.11363636363636363,0.7249111916114517,0.003940676480548339,179.41742522756826,4.405721716514955,766,137972,0.08112609811043281,0.001618122977346279,opinion
root,all_partitions,/etat,138,0.13278407460280994,0.18634372352387502,0.0009516460905349788,0.03935185185185186,0.1940268065268065,0.6170598845598846,0.006691657330527788,83.3695652173913,3.4565217391304346,138,11505,0.10966271840788053,0.01232876712328767,media industry
root,all_partitions,/gesundheit,195,0.073241143148259,0.11727730799434265,0.0,0.0196078431372549,0.10018716077110237,0.6839448514448514,0.004426962063767638,100.41025641025641,3.8974358974358974,193,19580,0.06297760865082576,0.008032128514056222,/gesundheit
root,all_partitions,/imfokus,2,0.039999999999999994,0.05656854249492379,0.019999999999999997,0.039999999999999994,0.05999999999999999,0.8999999999999999,0.0,22.5,3.0,2,45,0.02666666666666666,0.0,/imfokus
root,all_partitions,/immobilien,159,0.11350978694462896,0.1411376909355685,0.002094298245614035,0.03888888888888888,0.1865401698792835,0.6377998311960577,0.003123734929881734,107.33962264150944,4.1257861635220126,159,17067,0.12308761799690271,0.03847619047619047,/immobilien
root,all_partitions,/inland,422,0.12157845400475369,0.17473586664947374,0.0,0.029791724192339553,0.18961792252022136,0.6974816718300131,0.0028113973545825523,242.09478672985782,4.229857819905213,421,102164,0.11928240320798225,0.01664829106945976,domestic
root,all_partitions,/international,374,0.10766853484779114,0.179412518790658,0.0,0.014263920671243328,0.16988041160656345,0.683461505814447,0.006273033064268124,117.59893048128342,3.6737967914438503,372,43982,0.09096369098951029,0.002607939727615184,international
root,all_partitions,/karriere,141,0.11228654643817818,0.17374422261936012,0.0,0.021825396825396828,0.18170212765957447,0.688162782843634,0.005886901165010553,152.46099290780143,4.24113475177305,141,21497,0.08218370767433403,0.0007062146892655361,/karriere
root,all_partitions,/kultur,197,0.11037265618394485,0.1466351004322845,0.0035211267605633804,0.03787878787878788,0.19246031746031747,0.5755781161872532,0.007359674318036728,75.9746192893401,3.4263959390862944,195,14967,0.08144343437095082,0.014084507042253521,culture
root,all_partitions,/lifestyle,529,0.09108971398655469,0.14323336282561705,0.0,0.022887323943661973,0.12708719851576994,0.654057370900471,0.004745867409252279,127.41965973534971,4.073724007561436,529,67405,0.06847749387410611,0.01058201058201058,lifestyle
root,all_partitions,/panorama,198,0.12030464565908369,0.1948254528264951,0.0,0.019757727652464495,0.18781243887065574,0.6733782463327918,0.0037391920557288227,135.46969696969697,4.0353535353535355,198,26823,0.12213627493279268,0.005747126436781612,human interest
root,all_partitions,/podcast,10,0.21380227615521735,0.199142532989601,0.03409090909090909,0.17435897435897435,0.3588235294117647,0.5166666666666667,2.925694557147251e-17,46.6,2.3,10,466,0.19200153124667138,0.13636363636363635,podcast
root,all_partitions,/recht,53,0.11142416247834488,0.1566055570861135,0.0,0.018617021276595744,0.20452488687782808,0.6850179694519317,0.0024860673428996837,96.84905660377359,3.2641509433962264,53,5133,0.07570362669100555,0.003296703296703297,legal
root,all_partitions,/sport,182,0.08260946023883173,0.13012628699384135,0.0,0.024596774193548387,0.10408525559034976,0.6778584510727368,0.002733732812159359,77.26373626373626,3.6648351648351647,182,14062,0.08133538892666999,0.020356234096692113,sports
root,all_partitions,/video,13,0.22769057136384505,0.2868177582053373,0.0012254901960784335,0.09558823529411764,0.43412698412698414,0.5987179487179487,0.006620484352491316,101.07692307692308,3.923076923076923,13,1314,0.19524110105225295,0.09558823529411764,video
root,all_partitions,/web,633,0.057803757093566964,0.10523163353691344,0.0,0.00625,0.05999999999999999,0.7536199503498082,0.0035068194173646346,121.41232227488152,3.665086887835703,633,76854,0.04913365321781075,0.0,digital
root,all_partitions,/wirtschaft,476,0.07924062120125341,0.12992063593491707,0.0,0.007694128787878788,0.13199426509012002,0.75926214425164,0.00238444508098018,188.93067226890756,4.027310924369748,476,89931,0.08264465769611189,0.0041946308724832215,economy
root,all_partitions,/wissenschaft,449,0.07769283302291026,0.1353293946289296,0.0,0.016666666666666666,0.09397163120567376,0.6982864920281401,0.0055056581548710995,81.97327394209354,3.5233853006681515,448,36806,0.06875833538328427,0.008281573498964804,science
root,all_partitions,/zukunft,97,0.07613134393615473,0.11208532717979075,0.0,0.019021739130434784,0.12312874251497007,0.7144288987072492,0.0017745628161317077,144.83505154639175,4.288659793814433,97,14049,0.09127731944512225,0.027777777777777773,/zukunft
