scope,variant,selector,metric,estimate,conf_low,conf_high,articles,bootstrap_draws
all,full_reference,audience,ndcg_at_k,0.23835704152981,0.228921255227543,0.24720100497981,2559,1000
all,full_reference,curator,ndcg_at_k,0.230973809253609,0.221034405378483,0.240973573584571,2559,1000
all,no_author_history,audience,ndcg_at_k,0.225611843641382,0.216088077885199,0.235047786367953,2559,1000
all,no_author_history,curator,ndcg_at_k,0.223666321444383,0.214414127076642,0.233242938330674,2559,1000
all,no_aqua,audience,ndcg_at_k,0.228727570798138,0.21863588876441,0.238306339650666,2559,1000
all,no_aqua,curator,ndcg_at_k,0.217077825811233,0.207913861589342,0.226551787652015,2559,1000
all,reply_indicator_only,audience,ndcg_at_k,0.2384548855894,0.22928297344047,0.248128982762092,2559,1000
all,reply_indicator_only,curator,ndcg_at_k,0.23061200769869,0.220971561392902,0.240139998362428,2559,1000
all,reply_depth_only,audience,ndcg_at_k,0.230383475868796,0.221081115741928,0.238740692808888,2559,1000
all,reply_depth_only,curator,ndcg_at_k,0.219545474032318,0.210104640394425,0.22875075422311,2559,1000
all,reduced_activity,audience,ndcg_at_k,0.235952793329318,0.227473889988649,0.24562921745236,2559,1000
all,reduced_activity,curator,ndcg_at_k,0.228944647820976,0.219407994793325,0.238534205786421,2559,1000
all,full_reference,audience,top_k_overlap,0.228351172079191,0.220271913293601,0.237121954697424,2559,1000
all,full_reference,curator,top_k_overlap,0.220220403104342,0.211506025264085,0.229437721081185,2559,1000
all,no_author_history,audience,top_k_overlap,0.216152058180194,0.207619672482656,0.225460668624502,2559,1000
all,no_author_history,curator,top_k_overlap,0.213822349549196,0.205398250988081,0.222889157160845,2559,1000
all,no_aqua,audience,top_k_overlap,0.220883287178715,0.212613957077615,0.230278711020212,2559,1000
all,no_aqua,curator,top_k_overlap,0.206328229540422,0.197396893980276,0.21515602876022,2559,1000
all,reply_indicator_only,audience,top_k_overlap,0.227802377597219,0.218760342497154,0.236789253417331,2559,1000
all,reply_indicator_only,curator,top_k_overlap,0.220041761894048,0.209958762878605,0.229321138730576,2559,1000
all,reply_depth_only,audience,top_k_overlap,0.218293891857784,0.21000649357698,0.226783952120998,2559,1000
all,reply_depth_only,curator,top_k_overlap,0.207730052718329,0.198634973640835,0.216096521092125,2559,1000
all,reduced_activity,audience,top_k_overlap,0.227401196129215,0.218578577673683,0.235621788983454,2559,1000
all,reduced_activity,curator,top_k_overlap,0.217268467063309,0.208985992270723,0.226227173623129,2559,1000
all,full_reference,audience,jaccard,0.151558917143323,0.144990292687981,0.158655744607798,2559,1000
all,full_reference,curator,jaccard,0.147533239222884,0.14104862282232,0.154764830460678,2559,1000
all,no_author_history,audience,jaccard,0.143509244618696,0.136312748119146,0.150795653725043,2559,1000
all,no_author_history,curator,jaccard,0.142977634504586,0.136536858416244,0.14986247070134,2559,1000
all,no_aqua,audience,jaccard,0.146855186901881,0.140164794955333,0.1537859216491,2559,1000
all,no_aqua,curator,jaccard,0.137586872185173,0.130559472527134,0.144526612576524,2559,1000
all,reply_indicator_only,audience,jaccard,0.151348197709792,0.144468888421967,0.158398320558848,2559,1000
all,reply_indicator_only,curator,jaccard,0.147495093707475,0.140996319385084,0.15466225234439,2559,1000
all,reply_depth_only,audience,jaccard,0.144067320933215,0.13745054716759,0.151282305807833,2559,1000
all,reply_depth_only,curator,jaccard,0.137876908947053,0.131233034218037,0.144823626407975,2559,1000
all,reduced_activity,audience,jaccard,0.150443143381471,0.143695536832938,0.157458695873959,2559,1000
all,reduced_activity,curator,jaccard,0.145391630968085,0.138191324552587,0.153119053845925,2559,1000
