policy_id,log_words,sentiment_positive,sentiment_negative,toxicity_probability,lexdiv_length_adjusted,reading_level_length_adjusted,url_present,article_similarity_top3,novelty_prior_all_model,log_hours_since_article,prior_reply_composition,discussion_pace,vienna_overnight,vienna_weekday_shoulder_evening,vienna_weekend_day_evening,log_author_prior_30d_comments,author_prior_30d_upvote_reception,author_prior_30d_downvote_reception,log_author_prior_comments_story,is_reply,reply_depth_centered,aqua_relevance_expected,aqua_fact_expected,aqua_opinion_expected,aqua_justification_expected,aqua_solution_proposal_expected,aqua_additional_knowledge_expected,aqua_question_expected,aqua_referencing_users_expected,aqua_referencing_medium_expected,aqua_referencing_contents_expected,aqua_referencing_personal_expected,aqua_referencing_format_expected,aqua_polite_address_expected,aqua_respect_expected,aqua_screaming_expected,aqua_vulgarity_expected,aqua_insult_expected,aqua_sarcasm_expected,aqua_discrimination_expected,aqua_storytelling_expected
chronological__hidden__pinned,0.13621189185672627,-0.011172216449199109,0.03923777444271383,0.04200090738945756,0.03268698779475444,0.025290816179499576,-0.032975168438592696,0.23444562187216542,0.05332055635220323,-0.3479802306898518,-0.30763996371336083,-0.06181213109862356,-0.14824981087127423,-0.09346474506950322,-0.14411376846480264,-0.07566013705647476,0.1631597654403644,0.09968948625060255,-0.485111572084496,-0.9900498399913525,0.1074546658739326,0.05762563696198317,0.1169730213515976,0.0686399771208132,0.12252087433824618,0.09918304979754156,0.10690130859041833,-0.026274735501361415,-0.08984615019712569,0.05434573185661608,-0.1378099424680611,0.02917754937652091,0.08696806972747366,0.06561684740763168,0.02131742766156414,0.05344281864560667,0.10457406568966678,0.08026860414303882,0.04615737457643822,0.07217831339404766,0.08843136800844749
chronological__hidden__unpinned,0.1228365033959403,-0.01261420690540058,0.0399969511142645,0.04249019872248474,0.03126547752580293,0.025015473193618413,-0.04161976031495433,0.22573757043943324,0.06483989458636052,-0.3638323862110144,-0.31446261936333114,-0.08684515729821288,-0.1454997016215254,-0.09618542057016759,-0.14448299603664078,-0.07327607568997978,0.16144441463627224,0.10230101158082426,-0.4882776902577205,-0.9890825343495632,0.10826590439831695,0.04883143971264893,0.1067041139755961,0.06075419446031058,0.1067844140172671,0.08562117115418226,0.09517912453976182,-0.02210418714314985,-0.0918459037509954,0.05012811139096283,-0.13687280130730212,0.02768411726348261,0.08308389953373192,0.0580161990210213,0.018126971499749803,0.05365951297338103,0.09961770277889458,0.07661599019099015,0.047355750121054536,0.06470402554928818,0.0746937039438611
chronological__loose__pinned,-0.003508035465064671,0.007713486377755154,0.005737279142940495,0.005038346436364523,0.017891871870483203,0.021179640871607255,-0.03672185925469764,0.10150059359484595,0.2103138426894193,-0.794090035952395,-0.748853286040609,0.11933631860725467,-0.34576225842737757,-0.17575274158539503,-0.2987828846945327,-0.0004996598301294392,0.16993485302238473,0.07298274301448329,-0.3875247306931635,-0.5461737103221237,-0.18269085596688242,-0.009272602061900724,0.006365527056471268,-0.0072825173724690075,-0.004204699522248094,-0.007388049844045908,0.0035470231563443453,0.0004354550557740372,-0.06621639179480364,0.0055187196589356075,-0.07944764670320145,-0.010562377274393827,0.011686904772857129,0.007436542577868965,0.0005303815059271728,0.009493232155367445,0.02053813515756364,0.011692301259571236,0.01214076928260568,-0.007334423275103427,-0.016648519765397104
chronological__loose__unpinned,-0.04182267780577935,0.018007497144671352,-0.0013117478019572465,-0.01419766731463499,0.012813708116349654,0.020834492764813587,-0.06355346282575179,0.07137607706305737,0.2578967134553867,-1.0,-0.9382929706407235,0.21884671189625415,-0.38441679071179974,-0.18686339448575187,-0.356913653419339,0.015642815920507234,0.18608801260005145,0.07220425353144129,-0.4338147454718726,-0.37746608323013536,-0.2636423979567878,-0.01594838035066864,-0.01954609431488007,-0.026149050862147437,-0.03873328602242702,-0.03851695243190408,-0.030971239964788604,-0.0002363054222471746,-0.0730346185958971,-0.01311956351733468,-0.07111699225216313,-0.029331403947544188,-0.01418491315644449,-0.014421156278706477,-0.0042254086530992135,-0.0005222344844849328,-0.005567975687217778,-0.007299384085982822,0.004448048652451476,-0.024641986043213063,-0.05114498164522579
chronological__trees__pinned,-0.02001895303836922,0.005770038042452716,-0.0020122264994954005,-0.010231483017336451,0.005835393579986927,0.006161488384851454,-0.038649827071872145,0.02294256173197282,0.17530799584233725,-0.6102693973534516,-0.6225590284638115,0.02489196469128367,-0.2452680856141087,-0.1067649570556,-0.20410918754315227,0.03191073074109186,0.10034165913006429,0.029868349044841806,-0.11319470580339483,-0.23926671032003066,-0.03667509051633277,-0.01900694315144188,-0.016005874677578826,-0.005836717221667063,-0.016963751680730013,-0.02080843141248746,-0.017169889502415707,-0.0011366165801433156,-0.018416545503556633,-0.004890112244857331,-0.02325827072246467,-0.006573087484817935,-0.0013186731695333355,0.003410883479699723,0.004394987717944108,-0.015464033963394845,-0.001297267614043525,-0.0022894238132224578,-0.0017735492662865825,-0.014504807551171294,-0.01976025611911983
chronological__trees__unpinned,-0.06422709192851099,0.009208478767120259,-0.012787117432981925,-0.04167200066023172,-0.009286560181749516,-0.005344215263756504,-0.0690641474689068,-0.06044067476344948,0.1858538484392173,-0.6197500212093524,-0.6824822301779705,0.011083417030572229,-0.1848186453211278,-0.07355097551511243,-0.17335191640238007,0.05746817770482881,0.059193642658641396,-0.0023367998197414575,-0.02012028890131709,0.20285980133762205,-0.012016927691447259,-0.02482025804790151,-0.05261103338136926,-0.019753227406148065,-0.05477492679194556,-0.05587067144004528,-0.06431636072524412,-0.004478304629345911,0.0028210032251000192,-0.031120285779303872,0.02335321563486016,-0.02674645444273112,-0.03835690629283033,-0.029376753061305324,-0.0016388025517708675,-0.038739589302426124,-0.04293928869854059,-0.030023729815808746,-0.017788835746127763,-0.03136192244420341,-0.05748570199376713
neural_metadata_audience__hidden__pinned,0.1938049905203922,-0.023445458691483054,0.053814392001237665,0.047902600550397134,0.03719079440060885,0.02941355484027484,-0.04275963585259627,0.2702812304423112,0.0166175289047666,-0.3271969443882848,-0.2885008703396357,-0.04276993204833351,-0.1460934243778229,-0.085465402490868,-0.1420023385085337,-0.0806125141842439,0.182898540748956,0.09076132161961808,-0.4858146884944703,-0.997529121714584,0.11001624893383564,0.09581224384979789,0.17087326089596666,0.1018084085200327,0.18861659649395607,0.14531101787496417,0.1462171835935329,-0.04063260367545823,-0.07680674079052612,0.0688131947089148,-0.1349174043520598,0.04096951239597822,0.10685858224388006,0.0850166671332156,0.025843497867890673,0.05122560961002523,0.12330092514029059,0.1003764913366557,0.04915209825834634,0.10984946137598772,0.1265920523439272
neural_metadata_audience__hidden__unpinned,0.19694833444483598,-0.026537375763975423,0.05901566438871942,0.05144064010716041,0.038285084150235196,0.028939521094476495,-0.05325546762781318,0.2716124099528061,0.018600394214433894,-0.337817295988449,-0.29393069612855127,-0.05756230118015783,-0.14438022263230382,-0.08544084586272598,-0.14225960662073367,-0.07998838798601327,0.18698388172910277,0.09087952986940402,-0.4869217721591514,-0.9975493608970506,0.1109903095258957,0.09658096459175643,0.17360271350330875,0.10508556248613751,0.1921995387576429,0.1469508631161614,0.14817631195568354,-0.04004321393061198,-0.0734576040659358,0.06966901814551982,-0.13211921077044278,0.042839064465389286,0.10866045071147319,0.08623995073717347,0.02644697871655925,0.05141905867564815,0.12457602606198372,0.10210435541704344,0.049885894911007075,0.11180063635499318,0.12825629097448393
neural_metadata_audience__loose__pinned,0.203745594720582,-0.04064177368908847,0.05586994407829286,0.06544589709357336,0.038495388748218215,0.06561403152575745,0.037945046271811986,0.2761656670595273,0.07847809324697771,-0.6091772238030247,-0.585690592039368,0.08127704882285304,-0.25482104832936237,-0.13711919649170357,-0.24088710487211173,-0.09279364918061277,0.23839831136436943,0.07769908865326317,-0.5892703694550779,-0.9011468224229842,-0.24596599925809054,0.11048303910698672,0.2071810165297335,0.07094686140819438,0.20105141913787378,0.15671552977174752,0.1740306643060981,-0.04444736320187381,-0.07299061030824115,0.07451313388881695,-0.14037124818155183,0.04791692390780521,0.11297905802078652,0.09161024632992845,0.0050733209692079406,0.03903623788574737,0.11466633318334493,0.1096418553731522,0.04562231192709904,0.12772056551917702,0.12792943230512546
neural_metadata_audience__loose__unpinned,0.241091450682424,-0.045341565239207564,0.06336863087758063,0.06943559080195888,0.04323122267186885,0.08597544807741749,0.05186437720722248,0.3091980902616251,0.08454783444278598,-0.7245745392430047,-0.7119439873183377,0.13239304728499396,-0.2705326465586776,-0.14642345371915033,-0.27734355575639036,-0.1300888142310486,0.2739161907839164,0.07544075150802847,-0.7187979248239398,-0.880935949905773,-0.41586031927033745,0.14472996619446063,0.2515986057454873,0.07102328825630205,0.2419138064852688,0.19464506566897322,0.22079073816067338,-0.05598270526494523,-0.07716108505678387,0.082322064210683,-0.15310966673964566,0.051488064334904916,0.12435777933541671,0.11858696324057583,0.004882337351750646,0.038181914493995994,0.12118244831939358,0.12255567793186806,0.04339617033753215,0.15507691107624152,0.1653530977449425
neural_metadata_audience__trees__pinned,0.10785878500938204,-0.020742804788123025,0.028165181928284863,0.003039728322780859,0.013694732474341558,0.015820020950469787,-0.05808003333964377,0.09937759410613253,0.08530363757324137,-0.5215579270282075,-0.5192513235230094,0.06259604920348488,-0.22762591196221438,-0.09187135647457657,-0.19395734623938593,0.017953890248633978,0.13328012216258345,0.006690363172351014,-0.08643324246175227,-0.23384200291620594,-0.03413824907358862,0.06595782266892262,0.09488036245522921,0.06012721761953278,0.11196697480991255,0.08930151843413697,0.08099707691797216,-0.02679422950484144,0.008788690008024607,0.03253666652139233,-0.015456203410117731,0.02019107503958686,0.044346778728667595,0.05221902796712713,0.011079428363091101,-0.02023860711379304,0.035778257237405804,0.04117926342165099,0.008271913507788968,0.07259754116168891,0.08252432865029301
neural_metadata_audience__trees__unpinned,0.11228909370755626,-0.025485672590414035,0.028364572433104633,-0.02390770176274853,0.0026466425952789735,0.0069745432165638265,-0.09032758617356705,0.04511756871861342,0.06224224355141692,-0.4809942006908867,-0.5238771455817361,0.05788169839016753,-0.16584656113659674,-0.05733574981923978,-0.1590673826889181,0.033901288446041615,0.10096269416546796,-0.03412699545764093,0.0031939646063743,0.21688070644778398,-0.008868060008030112,0.09107335183067108,0.09794745577871923,0.07186531374241284,0.12612815697645255,0.10195539288941667,0.07862536768611765,-0.04056105458585502,0.03982512068123161,0.018766719420322077,0.03183417002096455,0.008773469164020487,0.02367505829955758,0.04423949255584716,0.011917079561159635,-0.045272729751531196,0.01054816996262607,0.030267942069695002,-0.006124797659157274,0.08654711629983186,0.0974916140308284
neural_metadata_editor__hidden__pinned,0.20233590699916473,-0.004925886576479695,0.03338944354252994,0.025979641182090892,0.0365099933221743,0.03107299718504741,0.01073148707246029,0.2819927387444556,0.009434601382621343,-0.3178770338191351,-0.281117838712847,-0.040738743926240786,-0.14087390353494617,-0.08545015741198254,-0.14159475870327412,-0.08311564839679085,0.17544051122117096,0.08494147165524966,-0.47982386254074694,-0.998923861624601,0.11112725439984723,0.09613701843796116,0.17756268108804468,0.10165540642408873,0.19469598306547486,0.15373157301256654,0.15678325698473602,-0.04003187154904125,-0.07316102813386016,0.07017063656277947,-0.1306736381475976,0.04769768339770832,0.11726494779996584,0.0934546254626902,0.027981633625221294,0.046964220476285234,0.12152599170968346,0.09588144709600994,0.04182019446377076,0.10745093163363179,0.12776250610143364
neural_metadata_editor__hidden__unpinned,0.206588342834516,-0.0015385795927640438,0.031161505482428038,0.022515785197672424,0.03784629283380591,0.03039226743500448,0.011675680995946782,0.28528993372046874,0.011146214035713482,-0.32676824070601374,-0.2855303870907098,-0.05360727912287382,-0.1395358937847014,-0.0853263104645853,-0.14184633946349948,-0.08181517235284246,0.1774890127568593,0.08428102027509918,-0.4796008048327077,-0.9989931542891262,0.11212838811079232,0.0965542057357528,0.18098250444981573,0.10412569691038989,0.19890052397512734,0.1572330071977208,0.16054756676702314,-0.03958886621210092,-0.06881489737927723,0.0706926565131613,-0.12736530357662718,0.05093401285954728,0.12124992857304334,0.09721434310545699,0.029412722946398677,0.04570363169395753,0.12229924695641418,0.0967845362365998,0.04104742793007424,0.10854731648067512,0.12940874674250938
neural_metadata_editor__loose__pinned,0.27353714679294705,-0.012231203155772419,0.009057317079235176,0.03237142762023708,0.028579988024286327,0.08671287478715844,0.2656879863502692,0.3504357019970019,0.009328245364269601,-0.533681231609411,-0.5204668979176743,0.05174937009176983,-0.1939079515610988,-0.1248037086361295,-0.21819535924526637,-0.10000485928079123,0.21330408751705843,0.06788921462383557,-0.5512141080204467,-0.9597581427321656,-0.16472204300814755,0.1343522432012215,0.26005397360256266,0.09634490298998173,0.26074341616221847,0.2303232733012503,0.2518160123257374,-0.05891845383168827,-0.07931127889686265,0.10693211900996491,-0.14105327651869734,0.07716725024541626,0.17189539648986576,0.1360644465437599,0.01716570398310211,0.04394534879202657,0.12292275730840384,0.09520156615449715,0.011045154675638765,0.1364821374590377,0.1543207784342413
neural_metadata_editor__loose__unpinned,0.34830826358907185,-0.005579310511682006,-0.014304177125014864,0.02326509260773267,0.027017441806627344,0.11798299984300008,0.40160912901490226,0.41869228522959057,-0.01730355095381648,-0.6226281824525874,-0.6230870484600916,0.08874074224251441,-0.19620453787761954,-0.1362874442446519,-0.2507455714735227,-0.13193099809020695,0.2352067199060973,0.06014167281226484,-0.6493498884124848,-0.953502532282774,-0.2929271864838175,0.17794701431238893,0.3290924852218336,0.11238428027860337,0.33394050882619514,0.316299880103538,0.3483859404457233,-0.07745767274859805,-0.08428031372499509,0.13581764114039951,-0.15074018877900655,0.0967277461440607,0.21787147466774093,0.19257063181683984,0.022181509031196117,0.0415321206628347,0.1307457885478771,0.0964919245374408,-0.014611809572698564,0.16733522435722453,0.20402590698743
neural_metadata_editor__trees__pinned,0.13214944487153507,0.01226852648546218,-0.007783193319719102,-0.042743292602287264,0.012599391958040898,0.020388698371836853,0.06399394053363226,0.1322124430715776,0.06325753857508483,-0.4877262486287001,-0.48387005111368986,0.06013078270854127,-0.21641794279569054,-0.09327600311881905,-0.18669228637478186,0.011588322060603683,0.11598599809741073,-0.005314211022438365,-0.07467403502240176,-0.24932441310996037,-0.027326985424149464,0.07163662316854782,0.11348074110812156,0.0632115323458047,0.1301333480939938,0.11431335491891384,0.11169464410925928,-0.02745954301658342,0.015713041839200744,0.04044197057010499,-0.009159918991640884,0.037283209318986786,0.07217444444507226,0.08288927104853945,0.0180774126412153,-0.02604185597592507,0.03444775722055945,0.03321247942719612,-0.006534599227680299,0.07105880447024213,0.09088144715134222
neural_metadata_editor__trees__unpinned,0.14466768823312584,0.023648458749199307,-0.025119990827826275,-0.08575702393486409,0.0021239169335332693,0.01317581356750184,0.0727199799928404,0.09038638054133226,0.033910626380340404,-0.43517724991933654,-0.47157434060820463,0.05368125333982282,-0.15590484664640905,-0.06050744962102597,-0.15413483262412395,0.026608558127752775,0.07722251877771594,-0.04918976029136889,0.01886003943610082,0.189641928080644,0.0011131150206254788,0.09766567401636768,0.1218070148067779,0.07595464506332537,0.15093376115273088,0.13857682556757925,0.12379682758204054,-0.04140436124601625,0.0488572032268131,0.030902017200434936,0.04030379085493187,0.031919326978968446,0.06257767454305693,0.09017064148574461,0.022075551191132043,-0.05145991595965585,0.008707255768425246,0.018288948846012485,-0.026367014564936,0.08278660248666975,0.10956048433893323
neural_metadata_text_audience__hidden__pinned,0.19078744701266076,-0.020783655661815507,0.051928495725824794,0.05719583251403806,0.0362824311523972,0.031796576533039876,-0.048033588713528974,0.2699860137199684,0.007101174502975895,-0.3141810610767358,-0.2732958474136521,-0.029231091116320943,-0.14658509417275375,-0.08488467794778415,-0.1396988533059404,-0.08025130555603253,0.1870474316296677,0.09192627869226024,-0.48605324180887205,-0.9976561366015458,0.11015499960272739,0.09865387287548671,0.16724895719765778,0.1039795223412231,0.18582018388969904,0.14464416259960283,0.14236224295441988,-0.049972565393768556,-0.09264122076046341,0.06408357942639185,-0.14610114635814309,0.03436647306957744,0.1013053871396643,0.08127443852229935,0.027917630422581812,0.054393496100115984,0.12506369106335632,0.10109151062869277,0.048104466372781235,0.1107182522028963,0.12545875452140198
neural_metadata_text_audience__hidden__unpinned,0.1935739381785773,-0.02222080585898673,0.05580293677995367,0.06373963409353092,0.0366755510569916,0.03217974876637018,-0.059636508828535176,0.2706721659173135,0.005945397978505994,-0.32080045267639906,-0.27503120911676787,-0.03735397126221467,-0.1459273524373846,-0.08338449783568186,-0.1399486806927659,-0.07981322390543359,0.19199336342180517,0.09106490741083702,-0.4867378160881107,-0.9976744411490082,0.11113024154660167,0.10011699601198155,0.16899682574948502,0.10822183404830063,0.18864783688973863,0.14597753303814992,0.1434064294152125,-0.051948413301096105,-0.09309526304248948,0.0642262053585098,-0.14687270837292213,0.03459028444531358,0.10174166207220192,0.08095842654451764,0.02896812405805649,0.05652268027211627,0.12850644626215219,0.10385304868495836,0.049618432157261486,0.11349417395926328,0.127824181327377
neural_metadata_text_audience__loose__pinned,0.1964075629320473,-0.04239252820724005,0.06281912272319007,0.11031175632926475,0.033115970597606875,0.06304593928946513,0.023967674349735124,0.27309465637316704,0.06364441808392833,-0.5665977813288592,-0.5454905285877373,0.07569637271648764,-0.2466537979191879,-0.13291078268903045,-0.21752874474766318,-0.08529716073294175,0.2379441014893067,0.07707926590749334,-0.578730962137158,-0.9110961893112051,-0.2165340510422174,0.10713140892913264,0.18782969675175998,0.07254204143233899,0.18784149951906398,0.15068482301104832,0.15837994571459077,-0.03197772577452904,-0.0949515985715454,0.06963086624312893,-0.16496136937703934,0.03731129626384297,0.09809543231470619,0.09286345279593845,0.01317297304220569,0.0694459796042601,0.11985527799721382,0.10823335452670571,0.04023086453634573,0.12318643843894218,0.12206695214633255
neural_metadata_text_audience__loose__unpinned,0.2334718943075408,-0.0527153613846578,0.08084351315125314,0.15233202730102438,0.0342259705821976,0.07996380677031929,0.03430840223877438,0.3017875642134657,0.06423035934908698,-0.6610200244928263,-0.65376866808876,0.1200467317597002,-0.26601071687591044,-0.1397149155810444,-0.24622292307272298,-0.11488110832849123,0.2688289376674569,0.07050464589478009,-0.6948397371434586,-0.8933107653411114,-0.36253166167300926,0.13639549463295225,0.22242921231642443,0.07807136420335921,0.22398199851765585,0.1854023121801785,0.19459868906811167,-0.026778033586862496,-0.10237697695809951,0.078809618940435,-0.18940865210199068,0.039407535654176755,0.10429278915816859,0.12156899575413567,0.01621491195790402,0.08923460739403523,0.13429403329015982,0.12455172087475365,0.03863001092962082,0.15221665082582758,0.15767871370291403
neural_metadata_text_audience__trees__pinned,0.1007132223048988,-0.016834687204428937,0.02905594563048225,0.029896526212828525,0.012042454301761117,0.02018380179943157,-0.07200774075553916,0.0976664951771612,0.06319132746128978,-0.4759880303336954,-0.4541220317135171,0.09816056456287019,-0.2282946873480254,-0.09312082741053927,-0.18805103693338904,0.019065948477359956,0.1397817725629983,0.010581495402594485,-0.08698688988179923,-0.24193378298082027,-0.033001586008554726,0.0703190420200082,0.0860597415177732,0.06660749810551621,0.10560532857651835,0.08671379207225964,0.06886782732690344,-0.036545275387954226,-0.017712450115030483,0.01743872087470933,-0.03531115386526191,0.0033948804420019093,0.029040511693968526,0.0422537308634187,0.015296313032976114,-0.010045411290517427,0.040258064253479296,0.043896818462088184,0.008201724538689824,0.07743154098551686,0.07751182980483085
neural_metadata_text_audience__trees__unpinned,0.10248090784000612,-0.017756807545719858,0.028771994230674332,0.014109476699938117,4.035014266651743e-05,0.011823827081810402,-0.10726641314154982,0.042242955451735814,0.03401843782470985,-0.4219443480430523,-0.43343017234377595,0.10392947186884433,-0.17303169823396744,-0.060858384644390626,-0.1561504934507028,0.03535215008843812,0.10733394041187014,-0.030308935173409764,0.0017161049494637804,0.20220452352812987,-0.006905723006566566,0.09441150111909687,0.08399444360744616,0.08067119804697838,0.11493391332327937,0.09591692332025067,0.06050955326997361,-0.051113392307560054,0.006422690725684668,0.0007004728928524124,0.005603661493741993,-0.012051255875507268,0.0036894080509947357,0.03151011754144545,0.018637905398481893,-0.03054231136311756,0.017510293519552883,0.03489524871540289,-0.005177115415697947,0.09299087777932386,0.0905707570660623
neural_metadata_text_editor__hidden__pinned,0.20796832320335873,-0.016334032603613713,0.04403732205661355,0.03813147083340667,0.038973837886447406,0.030046902102735105,-0.017387861816457247,0.28595810993934057,-0.006959041019227657,-0.3005387724985302,-0.2614345272482747,-0.02201913127687471,-0.14122943683523034,-0.08391045424876693,-0.139454626779739,-0.08590685527643165,0.18077312508886392,0.08640145625838916,-0.4812320779284021,-0.9988475935748907,0.11112138630532926,0.11503688602231847,0.18229926509920183,0.11324879870878658,0.204642737369075,0.16243102916439733,0.15532745823945823,-0.05522033100133386,-0.08988405236031291,0.06359154587695379,-0.14086600310703667,0.03574079477433628,0.10665154835394736,0.08564685202098878,0.02908971962406586,0.05131195789095717,0.12541897806344124,0.09896386495426182,0.04196186816601595,0.11677472138145745,0.1332748030912926
neural_metadata_text_editor__hidden__unpinned,0.21381729165487953,-0.01583911802550766,0.044260638092985326,0.03815058259220905,0.04017680438511821,0.030655206525981204,-0.017736856619722595,0.2897655306953929,-0.009220162325710489,-0.3045152094016136,-0.2616968165476881,-0.026581373137058915,-0.14126047239462905,-0.0826723412592966,-0.13969321069161905,-0.08617135538424296,0.18359611806954304,0.08523623156282079,-0.48069439334071196,-0.9989083343975168,0.1121249539288944,0.1190499795362812,0.1867529578421025,0.11753666629373274,0.21056417425032575,0.16788073791074007,0.15946693240652995,-0.05708691818192692,-0.08897146190197375,0.0638238312788208,-0.14042205476266903,0.036881423258171925,0.10871802470218934,0.08810283453542786,0.030162912925255053,0.05326269760614765,0.1277141003908638,0.10008710117464255,0.04133443879434492,0.11956528040447478,0.13691168662150577
neural_metadata_text_editor__loose__pinned,0.30045746298405507,-0.045714216870569924,0.048543056195668476,0.07115806757042835,0.0331308934185216,0.07905362567403267,0.19933449051760888,0.36832762493795457,-0.021952190997885906,-0.48732615971083004,-0.4699570800603411,0.055959147148634314,-0.1963567864039802,-0.12147213429780919,-0.19522033018905843,-0.09440176916583927,0.2193168767243667,0.061237774764403265,-0.5389773484350059,-0.9547656339593353,-0.12631982831805122,0.19342034042532877,0.2825460195063196,0.13373835868158632,0.2972978343837367,0.25818263781444306,0.2584876161660129,-0.09156515945355048,-0.11646311749991967,0.0925388625645026,-0.16505823318099933,0.04331666503591635,0.14515801455089397,0.10559726587189565,0.027844634985962517,0.04242095942616659,0.13725446733808758,0.11757820995970378,0.011893216786648182,0.17363345469941893,0.1816072683299858
neural_metadata_text_editor__loose__unpinned,0.39796030751268485,-0.06368206462598855,0.06110341205746492,0.08704606804448324,0.0329566750716474,0.10867140413174638,0.3051868853953116,0.4482056844360239,-0.061364342492721165,-0.5509783673182654,-0.5459106487642142,0.08786703181997148,-0.2035016900543694,-0.13239344754896842,-0.21931723394393215,-0.12428814730813424,0.24172510285638962,0.04356474489381805,-0.6275952559913017,-0.9461128900233416,-0.22318552319310747,0.27274090633366704,0.3715539983159151,0.1755629107935002,0.4015199974959115,0.36627085937623605,0.36722941533094844,-0.12890856318881364,-0.1372643086994118,0.12006111243744162,-0.18884836195252633,0.04264302911743084,0.17490078701854012,0.13405281528047924,0.03764550021192598,0.03307254160734093,0.15766172807583542,0.14015112885743075,-0.007395074960111443,0.23349618175903467,0.26163708290208776
neural_metadata_text_editor__trees__pinned,0.14779937915789887,-0.009152190636557173,0.015160070443910056,-0.014122871114913012,0.017823860344544275,0.01684513878855642,-0.0038288029886951545,0.14504457798722703,0.021374131766748735,-0.4232568520249751,-0.39356242899785926,0.10476410240636623,-0.21317406066539596,-0.0885125467956293,-0.17891209049697446,0.005251531737498714,0.12476046446885308,-0.001636504669367092,-0.07172987609951034,-0.2562561311405822,-0.024387775603772463,0.11234779709532443,0.1262284674579473,0.0882665548297461,0.15185959235755614,0.13690797035042823,0.11007950694633775,-0.048741823432493676,-0.015865094082666613,0.01792402969812668,-0.03000669405366513,0.007759479840079529,0.04648638074432817,0.060223077505646795,0.018409569782207907,-0.015976521024436294,0.044080328693591415,0.04179054981632993,-0.003504515008301672,0.09677847675152247,0.10629558861802044
neural_metadata_text_editor__trees__unpinned,0.16657425409778098,-0.006233819813884498,0.007455422988213977,-0.05007829270526847,0.007858625552512084,0.01003306414536995,-0.006659300305140799,0.10819694222415635,-0.01963327199322764,-0.351095059386935,-0.34331725284205955,0.11077788551225361,-0.16340841881099155,-0.05997616193890449,-0.14629722341689663,0.016711587699541255,0.08614712026039828,-0.044613270267168645,0.020665548726012912,0.1782144649414697,0.004884968684224521,0.14899430849039666,0.13892626657956886,0.10793349602659211,0.179477050055999,0.1692079604619736,0.12361843656432422,-0.06583809916427368,0.009082579205667816,0.004977737025366642,0.013306972182540736,-0.006201375387594684,0.029247509025795267,0.061202457849885254,0.022496196731547707,-0.038832824496571036,0.02128623003979467,0.029732670321739714,-0.021877252146235246,0.11675529535918627,0.13324674798253688
random__hidden__pinned,0.14904376580742007,-0.01351986998908094,0.04027156469836649,0.04654914665913396,0.03422926910382805,0.02560900336692146,-0.019166847647760346,0.2385628836283014,-1.9258536880723067e-05,-0.20067419262972438,-0.1990661557047658,-0.031087707874744738,-0.07226105497190057,-0.0516240403557875,-0.10153542823488473,-0.08624522954282406,0.1461994053576791,0.09493538853239857,-0.4654513292785143,-0.9865524938627724,0.10835547561304949,0.0649297609379787,0.12804996212993788,0.07316148967015867,0.13539371089376404,0.11041533942763342,0.11778563375712059,-0.026614586188661356,-0.08773593946264845,0.05893967746233305,-0.13745382238083656,0.03312911161692663,0.09173230582732593,0.06706202058469124,0.020243292223158134,0.056426281602030476,0.11051350359859044,0.08442084506772182,0.047651805534101185,0.07887326894595799,0.0982769575351793
random__hidden__unpinned,0.13701470131880886,-0.01767457846936952,0.0423202969569773,0.049952609603720374,0.03275177094490308,0.0259368516055532,-0.023963800596513804,0.2285680640174832,0.000961128835565451,-0.18200805215128804,-0.18564898964024362,-0.030315719619202045,-0.06871787679676455,-0.0478192567350675,-0.09935513116211152,-0.08551713630677042,0.13968488981229646,0.09647686901470269,-0.4614905407689734,-0.9832734992820023,0.10929568840322088,0.055970368204657256,0.11918559331224364,0.0637252641583146,0.12086190348243767,0.09893739519675479,0.10980674648709311,-0.02010022713728704,-0.08881318342924518,0.05605027744293475,-0.13634792349063413,0.032898886724525254,0.08844505310402444,0.057993341353883565,0.015211416698729607,0.05791046489772223,0.10721918517536655,0.08113585941471103,0.05029937753111299,0.07169141031202476,0.08724118969124853
random__loose__pinned,0.030114710138340824,0.002661997439260103,0.005519352628539084,0.018053410380976548,0.011123147258181197,0.007895823541972312,0.011017917579025777,0.06317194056777845,0.0220919967690437,-0.11296607264730987,-0.12577146013966609,0.0018199153903791622,-0.03495818344348297,-0.015550602976989092,-0.03415359629705127,-0.010639653706615002,0.04972758634155491,0.025764438471170263,-0.0785014871363354,-0.3435910079869952,-0.015898029490591402,0.005276570697625779,0.02371491048848335,0.01361673943566893,0.02590478776423002,0.023425144177113767,0.028613523728171886,-0.003116509583218793,-0.017014520874640802,0.01793677119453062,-0.03379007828064691,0.0105573961741536,0.02461721860877896,0.024455594499690193,0.007277136880462089,0.012117385152378245,0.0270552038036307,0.019938220499977687,0.008481526399631957,0.013108475645067032,0.024400566100715643
random__loose__unpinned,1.0079158820970314e-05,0.00047058169236744975,-0.0002646322148978671,-0.00022722521803299593,0.00011295584318100098,-5.5603809201902394e-05,-6.159433053565362e-05,-4.134870183331722e-05,-1.703004764830607e-05,0.00017843048522271486,-5.7382416649905794e-05,-0.00019769782596430914,0.0006960639439570589,0.0004007348462588649,-0.0002812134199683764,0.0001984120064589561,0.00016445623995208714,-0.00026935087366297716,0.0003449090470747198,7.777525990250786e-05,-9.067295303434189e-05,2.1606803443215227e-05,-7.489037679465415e-05,-2.7053008487771805e-06,-1.0510282641835024e-05,-0.00013429709300759925,-9.491454916677258e-06,1.6341645037679318e-06,-9.36508485552211e-05,4.273750875073492e-05,4.232697583508744e-05,-0.00021353618140597605,-9.5141059012847e-05,-0.00031062211611626383,-0.00018134822496896017,6.2187668987798925e-06,0.00025600108483693707,0.00019289941189331257,0.00014720589105776408,5.541459916067076e-05,9.529973052510456e-05
random__trees__pinned,0.03341211288203228,-0.0005137738207999453,0.007639437066623516,0.017478827448872226,0.011787155843288082,0.008232309678398518,0.007731287066219791,0.06764667257286996,0.02285349881787631,-0.11822681918355601,-0.12620038090039867,0.003917363417698287,-0.03709473136121742,-0.01980215126896435,-0.03856219266174142,-0.01182785393640505,0.05149107775653288,0.02784078804377561,-0.09728894293979995,-0.3581014637223558,-0.027220738554413385,0.007268098081125804,0.027502591519812436,0.014115562428040204,0.0292644030195929,0.025128817959122876,0.030548351749510472,-0.0007141741573162906,-0.019995739811358593,0.017261365864693016,-0.0377493722296399,0.010611606501017506,0.025489561272914244,0.022957540245889314,0.005244569771460864,0.01244672246965109,0.029099896801504488,0.0215507655759716,0.010555018210475667,0.01528773676380937,0.02470936874976953
random__trees__unpinned,0.007264130066508442,-0.003811301583505219,0.003932545127448415,0.003807034483566435,0.0006107069897889713,0.0008554533859978593,-0.0008207731814577194,0.008547177350216853,-0.0003662275739603306,-0.004133050627560937,-0.0046151459509970166,-0.0038536701842141995,0.004864542164469461,0.0005694685151968813,0.0002840484478722881,-0.0022449616051753176,0.0023821543607717246,0.002678433689800375,-0.018749081421470526,-0.0323495164608749,-0.013080672956065855,0.0034759614337921173,0.006621268841356495,0.0015470606539851758,0.007037756413027355,0.005839865677964086,0.0065256179488791515,0.005035574921682331,-0.002947704393077399,0.00201075447912395,-0.005522094716722628,0.0010876818132789052,0.0023380291592463662,0.00022549347059963942,-0.0027230791631408127,0.0028696290006634192,0.004178664953085713,0.0029528248148320427,0.002933523931748927,0.004328043001887093,0.005074609261170283
regression_audience__hidden__pinned,0.19510202593572465,-0.0140671537062609,0.05342278033998433,0.05679423343173991,0.03545108446241231,0.028628648017897076,-0.0708087449364701,0.27471206281629484,0.013193088164496143,-0.3253197074029318,-0.2906429551917,-0.04578718720692641,-0.1391649913779989,-0.0830770543475546,-0.1370028917781967,-0.08367558197213529,0.19018167241961254,0.08805234578819648,-0.48936798788952907,-0.9988480759637066,0.1109471288404026,0.10189093268267116,0.16832528835950672,0.11344401350681958,0.19275216931418745,0.14794974351200965,0.14258784332182575,-0.05352096218034701,-0.08821602775608856,0.07046064947391839,-0.14222726465269858,0.03272295009530696,0.10072221759394162,0.08614546906616162,0.036407201527320944,0.052066539650677805,0.12437522293357908,0.10296036733984279,0.04544051195903067,0.11380322054039467,0.13105468489348301
regression_audience__hidden__unpinned,0.1979875614736214,-0.015277766268536781,0.05729508936418133,0.0615941193477431,0.03482461811369492,0.028761350865689678,-0.08586202846411159,0.2759459401051203,0.016839912626543274,-0.33639550915764055,-0.29942578093083916,-0.06083206159999189,-0.1368228266229702,-0.0831543220068453,-0.1371277622205245,-0.08360130587512013,0.19587933456749346,0.08678629003635699,-0.4920284585299631,-0.9989214942387308,0.11193783706610458,0.10363259453873412,0.1701810633595059,0.11742967843093752,0.19647349813431708,0.14943132303372067,0.14334400921712534,-0.055165548575142435,-0.08795654090002289,0.0712702538027437,-0.1422147231872161,0.03267675859983265,0.10066949794589049,0.08595918901449848,0.037741212210651444,0.05158706187136477,0.1253732379827224,0.1042738837760614,0.045293773475570696,0.11600350758239696,0.1340967621643326
regression_audience__loose__pinned,0.20714967107319945,-0.005699218837268476,0.06339376498131834,0.08390650906474849,0.035153379450953835,0.04522281580797774,-0.07512290091819314,0.3080182911549678,0.05175263544370292,-0.5707079547181156,-0.5472266731966605,0.07595058985870692,-0.20286271372445686,-0.11751175038143742,-0.20729386179541487,-0.09620630564274703,0.24933090549885223,0.07608988930084243,-0.5871732987729846,-0.9569512265007076,-0.23239313474316847,0.12865874400664604,0.19446828202474567,0.11823428069891802,0.2124139247209853,0.1642305281974063,0.15387501978276036,-0.0678444090628185,-0.10768443845517807,0.07989401856306097,-0.1586199669182586,0.01950074648538961,0.09389710117640375,0.09270309689953661,0.04108219726539672,0.05732448218121333,0.12234754780572586,0.11576283032923551,0.04451565410820836,0.13659379366869376,0.13327098783015226
regression_audience__loose__unpinned,0.2373164349120096,0.0028783392895883643,0.07529317817076496,0.09278653114281847,0.03584164042929318,0.05413623594696303,-0.11363468572940531,0.34875116852783755,0.05475569695906953,-0.6878579436847335,-0.6699990416760755,0.136458351335121,-0.2094842868785161,-0.11521764663490164,-0.23712726987939614,-0.12779013674438974,0.28811679773724225,0.07085327462890562,-0.709594281435795,-0.9501765532791187,-0.40914686562324637,0.16676137594832152,0.22771676475023764,0.14009119776006052,0.25058818869380484,0.1968120010554965,0.1778955902043367,-0.09384979590197066,-0.12724646204853796,0.08652853238919533,-0.17799467595627222,0.008358149066098728,0.09344536550170782,0.1048385515431687,0.05222758679243596,0.05953311695730473,0.13033958116656882,0.1304400765306949,0.043524196712633356,0.1653852244023203,0.15946244123479217
regression_audience__trees__pinned,0.1145470395048845,-0.004674563644705169,0.03080078256516966,0.030600924006199372,0.010724697303344728,0.013525277061293526,-0.11057537404491191,0.11248805508705495,0.07581340710064767,-0.5135258368466511,-0.5206568395350661,0.04976632581768723,-0.21171437087247955,-0.08829497804474915,-0.1815718137624444,0.010339204928002119,0.14609582649251204,0.0017217373349823924,-0.09241870595424659,-0.2431349426906945,-0.03069013318725731,0.07797077380169239,0.09300025940350279,0.08395134667375437,0.12149524691208935,0.09818703470737339,0.07501048319869756,-0.044686600653794956,-0.009344192732985104,0.03750144800727571,-0.026655450485247024,0.0037986153249670944,0.032382527475324906,0.058129884582447666,0.03417207919453096,-0.015834032920148487,0.04030700664402827,0.04843032412520504,0.0035313530945357053,0.08404360359617832,0.09527848048248463
regression_audience__trees__unpinned,0.12186948780528001,-0.003494214574059103,0.032986615912163134,0.011640804024147921,-0.002888094642535057,0.003199473790966504,-0.15722007201729082,0.06340619081092704,0.051176577047264214,-0.4698328782013478,-0.5263754643763725,0.04201692357188829,-0.14505778152609103,-0.05096575725630764,-0.1424431015983573,0.024350432613252024,0.11569242450851722,-0.04209788399646883,-0.0032899487009810957,0.2018631312283486,-0.003041937787431913,0.10715483496491673,0.09556026503934098,0.10456629498051775,0.14043465208681424,0.11506294982061743,0.0696479082419788,-0.06246582352369792,0.01566278173817598,0.025949559217885738,0.017193096994361536,-0.012391605346402783,0.007413375819694312,0.04937840243579386,0.0406411039774914,-0.040425513313396604,0.017825720844410857,0.03903463449724261,-0.011071759052524735,0.10125542918057297,0.11762780558559738
regression_editor__hidden__pinned,0.21816048244481914,-0.0038395222723594568,0.044298263902097484,0.037716157907965384,0.03976683836772341,0.02786174308329259,-0.003717721302025079,0.29249680868637756,-0.0027097568780502603,-0.30739948225597036,-0.27441602691398015,-0.035464496790671846,-0.13468064465899066,-0.08314100483016854,-0.13690866472959595,-0.08608632970824952,0.18278572520247796,0.08771079095612638,-0.48273360270972065,-0.9994455628814312,0.11145645691370208,0.1194093939215927,0.18635264215463876,0.12706864713016155,0.2178209403155631,0.17080812433835627,0.16014837205365334,-0.06472674155231538,-0.08249705771166618,0.07471297812277178,-0.137712013333803,0.03928930592712013,0.11108506408978674,0.09939288279929613,0.04117205510693015,0.049943518418557833,0.12690550407884954,0.10344985220877244,0.038551082934890075,0.12303615247927273,0.1428965037374132
regression_editor__hidden__unpinned,0.22559974546469574,-0.0022646056710685196,0.04500880296959654,0.03766841212899737,0.04020828006410827,0.027848359744010738,-0.006161614246837419,0.2969919120576068,-0.001469635274227312,-0.3154074411191525,-0.28073171119367196,-0.04649194425857983,-0.13293928225770865,-0.08250260783998775,-0.13706922431489862,-0.08633755143240125,0.1867658031535626,0.08644997174391604,-0.4839750248170942,-0.9995359559795036,0.11246236042918993,0.12394449857387306,0.1910968923493899,0.13337051794607788,0.22591052873403902,0.17723485778357775,0.16448808482969807,-0.06771264564866693,-0.0805119593818447,0.07645529999538393,-0.13678677557657218,0.040342800229163006,0.11314813474144914,0.10311979236824617,0.04354618585496175,0.0494132884109193,0.1282601376979093,0.10418787571653207,0.036502999994228263,0.12626761080239476,0.14833794413285809
regression_editor__loose__pinned,0.2772888674554952,0.015996108999847655,0.05188381836700224,0.044919982005539684,0.041718355042841444,0.0438891720362344,0.08739861855663797,0.3614552511940604,0.004747715667609377,-0.5302854391320267,-0.5055887234617552,0.08445072225277267,-0.19392236000826835,-0.11471539381405914,-0.2115591358530605,-0.09946050203730797,0.2379669250215383,0.07823918806680046,-0.563798901959918,-0.979744682967659,-0.1821435497812016,0.18215021068172782,0.24895115717954222,0.1636053032915333,0.2845823971167651,0.23360813883161194,0.20954019833030785,-0.10210162978025804,-0.09678433756117893,0.09863446291357182,-0.14718930273360747,0.03731782155233953,0.1273198200555165,0.1369533705902575,0.058988999460805644,0.053389352816589,0.1354911997043062,0.1282853332677799,0.03357920755962818,0.17431800511308532,0.17796896093287504
regression_editor__loose__unpinned,0.34442122238851586,0.03436795163747183,0.06049239698872421,0.03797492444945202,0.04442166513498004,0.05235410171131179,0.10666593101871305,0.42755647990587126,-0.012410373748720517,-0.6429167963813455,-0.6208225976235962,0.1524864180191517,-0.20820551273271323,-0.11420652776925436,-0.24758629902002038,-0.12975419166170762,0.27535304467038785,0.07226293381843536,-0.6716324295796224,-0.9774766953164201,-0.33446541799886537,0.24612662431060578,0.30920310734546724,0.21110868639604688,0.3621802472466715,0.30796639326129227,0.26774863177358965,-0.14410356568436758,-0.11081824872498428,0.11683578611416125,-0.15989919848750941,0.03271612878344698,0.14306712543260544,0.1735794487323817,0.08039538301471483,0.051732432977150064,0.15159010137470405,0.1512696066988364,0.02764824859071659,0.22372359632242617,0.23479149578138356
regression_editor__trees__pinned,0.17240442180274082,0.01223241386246598,0.018419645738767813,-0.012194289342315902,0.01913450199448587,0.012125236245611,0.022229940606964406,0.15949330744464343,0.029584591319075138,-0.44310909318629094,-0.4393809487753894,0.06638463491122139,-0.19449475124626153,-0.0868664033141649,-0.1695360486470433,0.003186871354376093,0.12643103373067033,0.0012712120823105322,-0.07091896483144612,-0.2528502169847381,-0.022675336747600413,0.11951416131217128,0.13670001420967967,0.11481827234179334,0.17722037449742306,0.15740749775609267,0.12424226375005423,-0.06137155984871733,0.001682749118456859,0.05227732561952566,-0.01963800480205307,0.020223618111684855,0.06064543513387334,0.10203546239406235,0.04561217430949487,-0.01701244585818893,0.04959184989189085,0.053476151668954613,-0.007097779862821606,0.11057028359347343,0.13492774990164538
regression_editor__trees__unpinned,0.19697400845482965,0.02185940671184872,0.014775472124982487,-0.04495326514301804,0.008623686308667585,0.0021880955241413047,0.011081325471627086,0.12610273845119585,-0.007329046001912313,-0.38073210226355925,-0.41373105863053944,0.060800307026114865,-0.13479328529316728,-0.05563989308629818,-0.13216543832222516,0.014340510569008055,0.08951445939085388,-0.04216418828442958,0.02206053545161924,0.18593787974589854,0.0070775930123947025,0.15887037992311012,0.1507650751556854,0.14424921520333298,0.21247586087549816,0.19712098977574546,0.13916586992616625,-0.08195955761078942,0.030494248581529163,0.046811671295233816,0.026395365307320423,0.008501132425348334,0.04550811008959649,0.11474442581259682,0.05643796205844828,-0.040778678558779737,0.02971190573582818,0.044634826661186795,-0.025590534544398018,0.13413421862223232,0.17464855274044003
relative_votes__hidden__pinned,0.163373508278559,-0.017919155278931086,0.04846497884510794,0.057889520369080794,0.03537657394470467,0.026886585748488796,-0.05888753658736432,0.2497684852798635,-0.0017891538232944256,-0.2518389490187466,-0.22887622955416329,-0.026535701648247163,-0.09084229867194471,-0.06585353857487983,-0.12647438981028197,-0.08391925212542115,0.17224049790274742,0.08662716243144683,-0.4762398318726337,-0.9927212633144314,0.10847577606542123,0.07449180689336045,0.14208959357843737,0.0861401363969806,0.15353247945694454,0.1195441412696564,0.12513854529855423,-0.03872701574571544,-0.08783176793948401,0.06190384603730219,-0.14104874870833398,0.03362220788126567,0.09622065900173696,0.07407498967934648,0.026168832923822532,0.058981394895786014,0.11845388401392515,0.09460258929872582,0.04987430489910955,0.09108577301234959,0.10921536744929615
relative_votes__hidden__unpinned,0.16043245563515093,-0.019158941075216915,0.05066308269378569,0.06048340341920957,0.034800433898817096,0.02657227109483626,-0.06987760195925037,0.2472304972990874,0.00024383855954547868,-0.25535411785063133,-0.23089039121986832,-0.03328504523116818,-0.08899741170207635,-0.06441977060831232,-0.1265004327759267,-0.08401778126949913,0.1731029506555544,0.08620623780337361,-0.4768125709110239,-0.9921188502434505,0.10957654136691765,0.07247124722522247,0.13998670939133584,0.0853932978927606,0.15055793352910415,0.11606464750854603,0.1222353867724599,-0.03867525438320556,-0.08854227687866482,0.06096366797221995,-0.1404659434957871,0.03331558087400504,0.09522507846273912,0.07046774998535936,0.025345056481063926,0.05917279772138795,0.11793269225647647,0.09443204574176556,0.050831798536309036,0.08965835547593333,0.10667138300343378
relative_votes__loose__pinned,0.11219286390500516,-0.0009063895889079383,0.03332120954742294,0.06626927435343119,0.02560678681271454,0.028397066142610936,-0.06959460210203026,0.1771885959555658,0.0267050754168717,-0.3544397697716858,-0.32137054958822847,0.05618790233664009,-0.11343338715319624,-0.08085554831640385,-0.1694864243687616,-0.04967160956513187,0.18709771964879304,0.008064393703433337,-0.38620748647394754,-0.6125887933104907,-0.13984745964011513,0.057313731038778556,0.10595546951225399,0.05707920317205699,0.10820088876063597,0.08385664264600465,0.0884228069519411,-0.04588218672342492,-0.05971650430555523,0.04203861936722998,-0.09992733242946059,0.019657258310679344,0.06584507781003683,0.062297110803766716,0.025579489882365816,0.0422521834556553,0.08129977815457771,0.07473957243898786,0.02894737828332465,0.06950061464304982,0.0773917214806546
relative_votes__loose__unpinned,0.11957612788894037,0.01887123545190056,0.02153630572628236,0.05162001928374422,0.02111803700909465,0.026685580739785768,-0.09714624958402342,0.16240552384955512,0.00818005982798389,-0.34827121816308276,-0.2987380678463999,0.07562220536776945,-0.10809774335707287,-0.08288134801033369,-0.18917127832961883,-0.05702519727638285,0.19271754051067372,-0.04358253040742804,-0.3884114345897457,-0.3899773097548148,-0.17492012717850045,0.07823630379024003,0.11423538016121772,0.06506187044708639,0.11837057089335407,0.09295829139339995,0.09207833627508173,-0.07305166601811611,-0.05483307228507721,0.0368271318941016,-0.08117903651815025,0.012890911950598256,0.06042674222983438,0.06696468493692197,0.036227133334842454,0.03780068185743217,0.07139129680784521,0.07338026482780038,0.01781134725784879,0.07757130955480608,0.09267310611252708
relative_votes__trees__pinned,0.046012881214632324,0.02777485155673007,0.004189470120324844,0.025888988862290137,0.01597236930896582,0.011169723962871258,-0.05962068083301764,0.07353800009939386,0.03277357030675321,-0.24005061578019327,-0.2264594662929075,0.03248720743110049,-0.079210723267018,-0.049055187878696636,-0.11123405942995514,-0.014094207570665146,0.10406498740198593,0.0013974975618930936,-0.124887708194228,-0.37262232715627014,-0.04371076699058582,0.02580204387316311,0.04084982418177358,0.037289975875456134,0.04447602510037442,0.035019459270674534,0.040357981284665216,-0.05579085542537592,-0.03157129983684924,0.01902584893199756,-0.04052213097153491,0.0008881335560595625,0.029286189754508887,0.05123100081915995,0.03679831596985201,0.017640090908387817,0.037838550343070945,0.03592593943470118,0.006677136214918797,0.027568475401153775,0.048907632331551106
relative_votes__trees__unpinned,0.034713686294855495,0.04271036697585847,-0.010992824498417661,-0.012628962786494408,0.003096598398965636,-0.0007448836713412539,-0.07908856655098224,0.014985682581212832,-0.0064955487214821295,-0.09315104120625207,-0.09517547847925871,0.0014741563357286702,-0.008826281394049375,-0.022858064429779505,-0.05494734332651117,-0.010640091664446927,0.04782888106135251,-0.04342197061191378,-0.05456377851814145,0.04640675727638101,-0.010023686909227883,0.04440543274453717,0.03177206309499139,0.039919558348115614,0.04195774427432489,0.034146870363499816,0.027550706221574656,-0.07423891057125769,-0.015199163481637985,0.0015600156837691636,-0.0011157138116780598,-0.01665060036229887,0.002967554437119277,0.039300814330035634,0.041721546594825264,-0.00440572271279216,0.009525785503833421,0.01599190897610732,-0.010987188570735126,0.026557306389075684,0.052492426435709054
reverse_chronological__hidden__pinned,0.15934276993726482,-0.016082856149862775,0.040839594318125366,0.04900834978600231,0.03560353970982817,0.0258815422376563,-0.0072227239154723484,0.24200368461911298,-0.04487513492863046,-0.059529408608442386,-0.04967210455978839,-0.023250701116150182,-0.04014674122804502,-0.04112301399446308,-0.06331570246877354,-0.09778150664582363,0.1266102513810601,0.09008852339499998,-0.44786657148763126,-0.9836778237840504,0.10986963947250628,0.07078230981887661,0.13707157524649483,0.07655168421747695,0.1451054240467776,0.11908157924552866,0.12645502367894348,-0.027059660762698782,-0.08574607390227003,0.06222128643459859,-0.13699997316433687,0.03699898134264009,0.09608189022314044,0.06785328538675213,0.019274387448435803,0.058555871563196665,0.11516979556683307,0.08771617094591118,0.04851398182012347,0.08389859247800788,0.10514142075152344
reverse_chronological__hidden__unpinned,0.1468690876174606,-0.022123492830378306,0.043210967371051165,0.0540408092159208,0.03409412423583354,0.026593779883726038,-0.009268517653342592,0.23024626492567316,-0.0521676211320729,-0.011361570618977827,0.02171136260689834,-0.021520702512287264,-0.04380612430056933,-0.04264847177370366,-0.05969016650411233,-0.0999043370636538,0.11391420256620274,0.09089901703751387,-0.4378852789361288,-0.9780486638468252,0.11160560806902524,0.0609184530875901,0.12808165782443193,0.06528884808700046,0.12954337383518397,0.10742479614841005,0.11949184461402335,-0.01878236266812556,-0.0864885921301468,0.05970984519554479,-0.13566477005043096,0.03764878407361988,0.0930550721770937,0.057250193619730286,0.012666369139620121,0.06054504972542342,0.11227652948048239,0.08412419430429256,0.05199911352350381,0.07590833417923586,0.09394521301672697
reverse_chronological__loose__pinned,0.06477650983920161,-0.00519016527381435,0.006437773109355983,0.026941065016908374,0.004511053384231012,-0.005586552864713513,0.052843476263826746,0.026123184746985724,-0.15318012101867576,0.551103103180171,0.5460977349328149,-0.16243792468988918,0.206285826874182,0.09415001141514248,0.2090992937808147,-0.02323580163778195,-0.07094873074357522,-0.019582621912724085,0.18704846034176095,-0.12457861301883194,0.1525804274567758,0.01964349496483296,0.042299536590103985,0.03671124299262149,0.058155386836438214,0.05311314141196419,0.0527252397622695,-0.008413598411703499,0.029530269943308596,0.028399372258427508,0.009303499621515788,0.031767769870381,0.03822729472709761,0.04019317834762927,0.014464360156173264,0.011757756164148073,0.03412850942014107,0.028629697408462496,0.00457869218049045,0.03371823602482209,0.061739571686641334
reverse_chronological__loose__unpinned,0.04182268116609997,-0.018007513745873827,0.0013117486227697452,0.014197681712625998,-0.012813677819686379,-0.02083450238819258,0.06355356235312169,-0.07137603249244784,-0.25789671647987095,1.0,0.9382929706407235,-0.2188467118962546,0.38441679071179974,0.1868633944857519,0.356913653419339,-0.015642826582648015,-0.186088000158842,-0.07220425705483197,0.43381473084009603,0.377466031295743,0.26364239939405815,0.01594839059061392,0.019546092771259686,0.02614906031479699,0.038733281981779805,0.03851696551249807,0.030971249322961455,0.00023633408878546167,0.07303465929854547,0.013119576326187595,0.07111702884404586,0.02933142682805115,0.014184930797842185,0.014421254501484928,0.004225413114587958,0.0005222314185791276,0.005568009649380148,0.0072994010592808654,-0.004448031846117815,0.024641980010789728,0.05114496179676781
reverse_chronological__trees__pinned,0.0872225011471317,-0.007896424938605219,0.017501521809348348,0.042800565327560686,0.017860183681022396,0.01083899036362212,0.05545321806399984,0.11377353875448382,-0.12400350700344241,0.3707827718340962,0.4162207789301858,-0.055478222339205054,0.13048543014538436,0.03948664848729816,0.12071378533795248,-0.05794054031789377,0.000366599596202503,0.026697278310394992,-0.10021606603492736,-0.4714995099827051,-0.01552168399813365,0.03358700568488951,0.07224345373841672,0.034204238400280626,0.076321865335241,0.07042607561689095,0.0777332924380052,-0.0010260834969218289,-0.022599435285387902,0.03916383279954728,-0.05395269661778231,0.028156796362963043,0.05279806073789284,0.04227116150196531,0.006426058348993667,0.03872342217898663,0.06008023849830847,0.04541341455598873,0.022734121899776066,0.04460354037409657,0.06674810160943448
reverse_chronological__trees__unpinned,0.0770842302644186,-0.015967239808194214,0.019739690065874692,0.048802984383552066,0.01025573608338089,0.006873968370606328,0.06930597507861982,0.07673046269876818,-0.18755709350065417,0.6119968295579634,0.6802189078254571,-0.024029642627197333,0.191464817927013,0.0719635679287682,0.17455698822231325,-0.06142845395330711,-0.05454693897426009,0.00875282653155603,-0.016440607085343843,-0.2632796387626153,-0.014590639234851559,0.03135778394551511,0.06450191813701696,0.022574457597158024,0.06694936860347597,0.06634576818301888,0.07530175285516678,0.01354746441006535,-0.008169126856780656,0.03436783054028689,-0.03346732211866137,0.028837920956384232,0.042531857640062475,0.03016942424941853,-0.0029067157554933777,0.04476479357807481,0.05048840083941033,0.03551166500175534,0.023468749601477153,0.039161634619519624,0.06591604079419967
upvotes__hidden__pinned,0.16576173662426655,-0.021346859636278352,0.05407900350308342,0.06681509443136603,0.03569974813000293,0.02674813156507351,-0.06855564886176577,0.25121722205798164,-0.00106442122436624,-0.25954390134322447,-0.23453432586158993,-0.026198218346810565,-0.09332797775827975,-0.06794212124056415,-0.13094904845346783,-0.0832700595226326,0.1735446764830092,0.09299952569261186,-0.47799919628362986,-0.9940736964291876,0.1086303673790527,0.07620735481221723,0.14446704772569804,0.08996174351043118,0.15700934681750353,0.12162740447348512,0.1250920170785325,-0.03776278853454585,-0.0885205203148945,0.06371272807783365,-0.14223839090152687,0.03277482900663307,0.0961696138532359,0.07511602612496619,0.026072739765548407,0.06060065037979263,0.12084358389112207,0.09763548566963959,0.052235082259265306,0.0954612505691564,0.10928168411304053
upvotes__hidden__unpinned,0.16326589924475315,-0.022804228770830028,0.056644840662192185,0.0698642769786488,0.03514848205330478,0.026411920867658745,-0.07939049206315832,0.24903647230026738,0.0009650266697847872,-0.26372177079923187,-0.23705435949327183,-0.03310500135737873,-0.09186600835700515,-0.06665311896947484,-0.13111301059295818,-0.08331584004085418,0.17451039070996435,0.09305444055484118,-0.4788498764677201,-0.9936386970325394,0.10968006040513086,0.07453634866487675,0.1427217115179094,0.08965144777585592,0.15455700233475597,0.11857768751918697,0.12235855654282396,-0.03759145839751593,-0.08924517042028036,0.06278115987102158,-0.14172288683025933,0.03243405643549582,0.09518030591796119,0.0717856301729905,0.025261995858979258,0.06098154922959072,0.12052764937645931,0.09763741328146956,0.05327918575423136,0.09444231616740328,0.10687301379800733
upvotes__loose__pinned,0.13557964119340035,-0.02003408346525147,0.06336606409874451,0.11918659725262876,0.029395019777928893,0.03197426148448173,-0.10540828930066114,0.20773862486584296,0.03373132953101184,-0.410862835406709,-0.3882980043282468,0.06840028435652182,-0.11752032214649089,-0.09065038199263657,-0.1979522545595071,-0.056811628659736366,0.20282240626356776,0.05580243311880946,-0.4454997194862374,-0.7432190379527589,-0.1653461875863394,0.07001183485870346,0.12762077896319812,0.07718371212452754,0.1328279528806175,0.10322547913874765,0.09800814914462758,-0.037720019973033286,-0.0712365437752924,0.054713024493231066,-0.12005125597049907,0.019084695849032347,0.07279586202393054,0.06749337195407862,0.02099377396490117,0.058684095687698806,0.10327333779216939,0.09739795438133511,0.048431242907448595,0.09775591919625355,0.08171279605560215
upvotes__loose__unpinned,0.15841346443856993,-0.01753203347526436,0.07591747920030738,0.13833804766575322,0.02646862816416342,0.032802866334650474,-0.1497107351936,0.21289126308926698,0.021640633207711108,-0.4557503014142191,-0.42240251504203374,0.1090534151420416,-0.11791881717573832,-0.09413257478119492,-0.2337614247482828,-0.06764600025468544,0.21779602825870983,0.036770743596820435,-0.49716223740710613,-0.6204462866203465,-0.22902723704516018,0.10034312777984895,0.1505666817431589,0.09881934839875334,0.162186370658185,0.12729914751302626,0.10909441614300472,-0.06030130454949121,-0.07425656103222826,0.0550474486311316,-0.11740835940025758,0.01103313353244128,0.07013377978911636,0.0730206474248286,0.027747727654965477,0.06127621761378396,0.1101391806434896,0.11081202383448321,0.04982904579773966,0.12446224944140674,0.09996767668953639
upvotes__trees__pinned,0.04670459575620385,0.0058390002000712786,0.027001157135591283,0.06876270454283026,0.012354574143820966,0.008794523386436168,-0.1092069744637793,0.05244572865112228,0.034129596739929366,-0.26904475835172803,-0.2506727125115688,0.049759174869641216,-0.09043437964387058,-0.050716910137693284,-0.1354922297305251,0.001181216543620711,0.103657623018278,0.013594559438310817,-0.08465093121199303,-0.24898113861115134,-0.032862434640256434,0.02218662001008795,0.03680890871961856,0.049961188313442886,0.04833490483434919,0.03319403005535298,0.025996388753665996,-0.03920735605130034,-0.01273995971565497,0.023003932459580257,-0.02775674835174035,-0.0023832126099828936,0.019857031866932464,0.041025619981702045,0.030124237857903583,0.01388235977199781,0.037662991810290945,0.042831229416354345,0.013564911935035872,0.043820837577827246,0.0384023219858259
upvotes__trees__unpinned,0.037216911500031744,0.010418277801257097,0.02277237573954413,0.04397691549303501,-0.0023476131268247305,-0.00528472376917509,-0.1444458024534922,-0.015340133726193564,-0.008035870744894055,-0.13168581158750803,-0.12243256289933915,0.03161771539287027,-0.022780919158978764,-0.02053210849773294,-0.08204805336095827,0.012138257917743051,0.04724110489539126,-0.0306557803593152,0.006260673746638889,0.24623477319379108,0.004745031013106921,0.0428511001724233,0.026953582974472954,0.060310606631420696,0.04984718326829174,0.0327477220247076,0.004689163275342094,-0.05455740145036679,0.011802351346642516,0.004198936171560783,0.018491859064029403,-0.02149980254803992,-0.010994220314582087,0.02383501590080033,0.033718796194460346,-0.010303010642483785,0.009709790526594889,0.02672108027856511,-0.001837227028651544,0.05042495914217235,0.038088374644935544
xgb_metadata_audience__hidden__pinned,0.2038789163495137,-0.007999305848074451,0.04658143646308377,0.0515110191192421,0.03924302029413632,0.027076446717048723,-0.031390680082715845,0.27931036547236593,0.01199341737343763,-0.3137327643278157,-0.28352562211793636,-0.049598282931207396,-0.12923206695955794,-0.08615662551909711,-0.13243797065149537,-0.08494450504321975,0.1846162009263101,0.09146566295608975,-0.48647060491175076,-0.9995787737231039,0.11158724012081189,0.10904856539658439,0.1752005205616876,0.11725389771325907,0.20200407792805325,0.15809965571119972,0.15221374984701172,-0.05784702672323043,-0.0840307116939518,0.07376136550075484,-0.13865629698884885,0.037790577295964356,0.1070757588517511,0.09676279594815577,0.04123313873742988,0.05647046111018667,0.12758111833747665,0.1035872865352982,0.04233605522635335,0.11603194171416428,0.13900824871259834
xgb_metadata_audience__hidden__unpinned,0.20894936629594493,-0.00706524701413148,0.04860904568889069,0.05479486759582519,0.039473922343383115,0.026565116708575743,-0.03707331309342966,0.28214446629329515,0.01465930882834773,-0.3223206889746542,-0.2902188243745357,-0.06109290673411625,-0.1273198204308412,-0.08674147688496561,-0.13261410113713126,-0.084904886925258,0.18913112431095958,0.09115865485995646,-0.48799106583129354,-0.9996672855057167,0.11259521032298044,0.11262232405824651,0.17835477245759282,0.12327864949759991,0.20828055546916752,0.16220364214679223,0.15508677246248437,-0.06088171026579834,-0.08287234863453091,0.07548485598499233,-0.1379915429697583,0.038367624802455064,0.10827313320754865,0.09909561007781266,0.04380940202522951,0.05662013016846251,0.12976909497871048,0.10550827161191913,0.04166253336468936,0.11916488448545416,0.14415707727459154
xgb_metadata_audience__loose__pinned,0.22962409685853083,-0.005677765218935312,0.053458000050827834,0.08151086292212743,0.03967379643216007,0.045148998533983124,0.03083584475425345,0.32495505220788296,0.04114115280401464,-0.5196554340295765,-0.5259356276542628,0.029746878180088893,-0.15824573919665855,-0.10668070348239804,-0.18551340922376272,-0.10022036106818304,0.23396007537870842,0.0825551816881327,-0.5739873069415767,-0.9865473956292917,-0.173611981131258,0.13561406707925583,0.20784414264131526,0.11874647743097369,0.22713865367944747,0.1908457662781924,0.18340325494352624,-0.06073964869249833,-0.10105184701055868,0.09426634812478203,-0.15928554918449733,0.03969113017217446,0.1152164570830703,0.11366711942025085,0.040887834511108556,0.07321861432996575,0.1325977765857635,0.11318315293625049,0.03892782467337247,0.13744887301018754,0.15594479095504676
xgb_metadata_audience__loose__unpinned,0.28370479802960175,0.0005462641345655737,0.06407509822950873,0.09514703872371344,0.04003991318931169,0.054067022763029625,0.03360656875486196,0.37949778412575697,0.03291141972372345,-0.6248114032521583,-0.6468096358114664,0.07999104904691777,-0.16115824761146091,-0.10619428914628253,-0.21559312554645813,-0.13153993432207262,0.27166145640207745,0.07481419242889494,-0.6753646376131086,-0.9859815945758726,-0.3024874340462996,0.18369527086102402,0.256231600182242,0.14996560299696657,0.2861681035145367,0.25156866629233604,0.2361118778861379,-0.08705459303524443,-0.11760723029709948,0.11339569672806411,-0.18070547737586154,0.037928774676440256,0.12833777677757086,0.14494999427837843,0.054446118735152677,0.08136940804464143,0.15002927537266608,0.13075818037855982,0.03412384838449653,0.1754302086560627,0.21120315001191556
xgb_metadata_audience__trees__pinned,0.1339594890856331,0.010612846140169054,0.017618676408790324,0.01704646343727997,0.018805738618190983,0.010385418546157425,-0.03918764082673406,0.12437441937367168,0.06931602625138437,-0.476013377762152,-0.4900691449140856,0.03480084126842515,-0.2002292241485578,-0.09220936456466779,-0.1683814239431479,0.004839963759700312,0.13516292383907383,0.00789854105256199,-0.08844237745077083,-0.25832685436002245,-0.0281218276692836,0.09241141022041051,0.10668174716656811,0.09213095076300809,0.14015790815901294,0.12176119435789658,0.09833981069695281,-0.05225407087289752,-0.002391730852009612,0.04642054936098597,-0.022739158730581875,0.015990274138286284,0.04877900704324789,0.09561455407817397,0.04788367063428509,-0.002367644408355172,0.04761007184052559,0.050171941193664846,-0.0030530850800603,0.08874275310607123,0.11920460035615103
xgb_metadata_audience__trees__unpinned,0.14754452827777845,0.020408139002339953,0.012396110827015007,-0.007847341866595497,0.007843591298397446,-0.00046895561331681315,-0.06302288745027086,0.08031555898584297,0.040095479635220845,-0.4127058062679497,-0.47579958358565616,0.02316650364276834,-0.1367914934390349,-0.061649055460829674,-0.13185001607337743,0.014304827116147242,0.10173673032303492,-0.03378154221799241,-0.001851211685110206,0.1759260579725716,0.0018381652974132376,0.12503564213656707,0.11267328308330543,0.11522620936674789,0.16398504641000697,0.14759386949871625,0.1036332536326773,-0.0720563824474172,0.02443928234727189,0.038341945195668914,0.02056901520152275,0.002926565095391943,0.029628328029894926,0.10654844177808924,0.0601420273886667,-0.023483235526461053,0.027584175806311607,0.0411962843736692,-0.02091827898228993,0.1071359028189483,0.1540188008444154
xgb_metadata_editor__hidden__pinned,0.21144170887386143,-0.006972718581569324,0.04528499096111591,0.04874554002744248,0.03989638699259281,0.02758788084350988,-0.020796651857772352,0.285031065920047,0.0061246931582100966,-0.3068083483925833,-0.27794549637490656,-0.04648866603721981,-0.12492689706771819,-0.08486979923876095,-0.1316386212554257,-0.08534058891359102,0.18318296487405605,0.09101354907498886,-0.48531435376207427,-0.9997241960680924,0.11170339336729007,0.11474698362100347,0.1823185249776396,0.12118529636394959,0.2104260122434223,0.1650111551291745,0.1583789037246618,-0.06045201861206957,-0.08336735599141977,0.07639573950499946,-0.13850739922981223,0.03908271433371693,0.10977592482371414,0.09997481736194082,0.04261031807038848,0.05686325833428194,0.12876630338142286,0.10455263188258762,0.04122284926783446,0.11990126401083939,0.14295241204554784
xgb_metadata_editor__hidden__unpinned,0.2178151439940655,-0.005745238218710914,0.046713243517199535,0.0513125671562593,0.04029982879579328,0.02719059054359835,-0.024000196307335388,0.2885673380600482,0.008004611549002276,-0.31416754449939893,-0.28377606100679376,-0.05642102254211103,-0.12309230171914722,-0.0851915668419944,-0.1317961400500067,-0.08519934501282263,0.18726827211374591,0.09075412793544062,-0.4864995297194138,-0.999816343096979,0.1127139775057472,0.11896066360865216,0.18644916335208717,0.1275113198392135,0.21785856470859574,0.17041216447511306,0.16245058562855252,-0.0635296639965245,-0.0818011392161624,0.07851127222383847,-0.13785749120163793,0.039976484890734194,0.1115698136636132,0.10344331698063494,0.04539275587263901,0.0575076474296208,0.13104637973729308,0.10634956029593724,0.04014551503029504,0.1233877838667606,0.14888422598385503
xgb_metadata_editor__loose__pinned,0.24783056994674665,-0.004116266885184033,0.05149645761847769,0.07231850240372616,0.040007459498758016,0.04666334405178131,0.0653612475067761,0.3401027119779687,0.025533374783432282,-0.504440909827559,-0.5086738210679849,0.03467420668231974,-0.15155313163997056,-0.10489594894968216,-0.18490712893369007,-0.09901311169611633,0.2288291895236328,0.08322798133205668,-0.5681648507311055,-0.9915959031895876,-0.16526514872511056,0.15028990052618918,0.22482993152316755,0.1284960422236686,0.24640859212950292,0.2090799864364513,0.20021795864995232,-0.0678345225373654,-0.10147016694398676,0.10137037168122034,-0.15956798727496146,0.042015015323719575,0.12180581999927277,0.12268523822436217,0.04399960965658357,0.07393570726041065,0.13471765987633613,0.11553858343369079,0.036562637573424685,0.14768177859751477,0.16592351620868165
xgb_metadata_editor__loose__unpinned,0.3106536070952455,0.003998684025114706,0.05978645103771567,0.07797220501970865,0.04042793474410401,0.05639093172638183,0.08984276307425602,0.40182145478824166,0.010674465002633152,-0.6057983332815827,-0.6247503658457673,0.08686207096368871,-0.15464516497601544,-0.1045289474407786,-0.21587751550527676,-0.12814424450591894,0.2640461317414149,0.07644825652618811,-0.665416722366518,-0.992148926058342,-0.2903244038134693,0.20546280058954935,0.2807466502288105,0.1651576575244703,0.31524450127137926,0.2810585764332855,0.2640214559673582,-0.0984837274436186,-0.1180408321749578,0.12449029169187094,-0.18019611656503046,0.04070874357938316,0.13801205898595229,0.16043475090800427,0.05980000829445316,0.08158013649413562,0.15177503793820246,0.13350417284958535,0.02954411596427992,0.19024680879575578,0.2272827591410154
xgb_metadata_editor__trees__pinned,0.15299007474771656,0.01128535980525138,0.016461333182990215,0.01232101033183872,0.020230483522746565,0.011470061940369104,-0.014243543693742337,0.13937378091329397,0.05322328891567492,-0.45059423595823755,-0.46253156850116106,0.03815810177754911,-0.18863472039562462,-0.08951285528384352,-0.16256172887450984,0.0036141009676738524,0.13061117348390008,0.0071935007328546375,-0.08282962161211654,-0.260476914666043,-0.025664418189840988,0.1058968182977322,0.1233299089722739,0.10064470403695487,0.15830034024010955,0.14006431203712785,0.11579213438733287,-0.05594277682777431,-0.0008646323831229579,0.054436627954749496,-0.022622463417966785,0.019424836420080305,0.056162789055098666,0.10611055683989457,0.050634447976978386,-0.00033356583457181944,0.05088657211642985,0.05326367674878747,-0.004149970653482292,0.09921252243537815,0.131934970819757
xgb_metadata_editor__trees__unpinned,0.17181845408030094,0.021551614560406766,0.010245539423225926,-0.0147451005499987,0.00957764614136444,0.0014831896867422236,-0.028937262878593575,0.10023936093397266,0.0199286632692939,-0.3815649250134247,-0.43832666113323543,0.027402750735056075,-0.12675528315397439,-0.060435196593152926,-0.12531724422851964,0.013272294296283365,0.09563064780193573,-0.03412552675746387,0.0050045180973690845,0.1719314299823914,0.004649856474073211,0.14109826425100622,0.13314514042007178,0.1256269698288021,0.18680381610407248,0.17245090593564516,0.12804176616595994,-0.07578778814978512,0.02663562614071953,0.049627100072007733,0.020798543005593795,0.007538785424647217,0.03971133896845322,0.12205614682242989,0.0638021901929071,-0.01964082459077613,0.03119938360321792,0.04437139465861804,-0.022595047763282982,0.11966371873432054,0.17152712464070224
xgb_metadata_text_audience__hidden__pinned,0.2074221329805406,-0.008809479936882044,0.04881439543501878,0.056258030251252394,0.03969721113837762,0.024874661799002166,-0.029014908581806696,0.2804865443923436,0.01249819322147434,-0.3119000077793754,-0.2828579641505408,-0.04975025447234708,-0.1283608136752126,-0.08598818032608899,-0.1303019713813038,-0.08289793022395935,0.18378662482417174,0.09574493426365843,-0.48627162835017806,-0.9996326155971265,0.11163884969740266,0.1089576198099344,0.17621408332851257,0.12017737060412198,0.204862679533461,0.16041826655814673,0.1534436570368726,-0.05230230266725155,-0.08247222032763338,0.07620237143354348,-0.13825179347498906,0.040121476621305115,0.10886175090664935,0.09718780745411139,0.04121522413216444,0.061150724877601474,0.1313218324734222,0.10527117143091018,0.04482430636613123,0.11773933503232437,0.14049581955663423
xgb_metadata_text_audience__hidden__unpinned,0.21286935863737713,-0.008189776387914127,0.051317139713152944,0.060155243691914814,0.0400115491573106,0.02397794610703404,-0.03370724454543184,0.2831541132993205,0.015771741311767257,-0.3205470064114103,-0.28979184610082265,-0.06085254817287659,-0.126640264913213,-0.0864540632206354,-0.1304150680071247,-0.08207597321922576,0.18792290747395532,0.09648261016909053,-0.48787337167557415,-0.999725670368664,0.11265177147439732,0.1123465189960244,0.17944742839690328,0.12646066324708682,0.21143948931187204,0.16491384290580643,0.156321965283954,-0.05390373506593781,-0.08091197446075224,0.07839829727013115,-0.13737526917900952,0.04105137717376286,0.1103204856189772,0.09975258100929778,0.04361979959054168,0.06279645835075905,0.1339300339040914,0.107021038289626,0.044550463860597064,0.12103524600806895,0.145401554936909
xgb_metadata_text_audience__loose__pinned,0.25141740014007335,-0.0023225477204611095,0.057962329884342016,0.08926087417437338,0.04241752154281939,0.03948531952351543,0.03639324732788259,0.3324501836374382,0.03985648150523178,-0.5124110418448137,-0.5236876998757957,0.020709798095947866,-0.1612182632866517,-0.10599515351250803,-0.17533455927417474,-0.09467776025243793,0.23739054664470255,0.09396957938389529,-0.5663366446782179,-0.9886515176425329,-0.15425487868129692,0.1458100315567683,0.2197456949008416,0.13533250131352562,0.24799005919713074,0.2072971677888029,0.19537850428467493,-0.05594082622682313,-0.09270424837135242,0.10236807732230477,-0.15523687396561772,0.04903643368873413,0.12435226379674501,0.12518853457484475,0.04795026508749162,0.08293650042631337,0.14432260354759008,0.12461960938590086,0.044995916225307346,0.15221785836281349,0.17642291301762958
xgb_metadata_text_audience__loose__unpinned,0.325287733716753,0.00620222157342224,0.071823181704917,0.10604987127532654,0.045443360715239196,0.04684766293717102,0.04675942195185298,0.39451904809355026,0.028784080597018383,-0.6074060795478999,-0.6384097001881563,0.06078270802720324,-0.16864406550923305,-0.10596318315108498,-0.20178817210000508,-0.12259909474911196,0.2772861546951731,0.09246927007691146,-0.6593677293298538,-0.9885976205443583,-0.27109614767194734,0.2040295441315169,0.2814605440302661,0.180102517195056,0.3306420431069027,0.288723119426304,0.2663732986264465,-0.08347847272087518,-0.10191379168662426,0.12981294925117803,-0.17068131619175478,0.05537750748536825,0.1470058783478349,0.16830613275463896,0.06675511499255982,0.09427088957632224,0.17155426592135367,0.1521111194231691,0.04437647179626285,0.20341749215536173,0.25877229836930554
xgb_metadata_text_audience__trees__pinned,0.14315292209947225,0.007895301163320944,0.022639331015399448,0.030947897570419856,0.01905778467409672,0.005761244409053111,-0.034347098604658025,0.12718753795888776,0.06879305323820994,-0.46913177209694734,-0.4842207970501293,0.03398343549257804,-0.20036764305593888,-0.09240270280314279,-0.16446468284005902,0.00981001129109869,0.13210444905762528,0.01768490123200916,-0.08539574787541968,-0.2555069045333381,-0.02645207102335049,0.09347339290474509,0.10991326213230282,0.09908985301033718,0.1473633500049161,0.1285511594925561,0.1024947014589436,-0.04285960582601229,0.0016022313329616012,0.053351611249673137,-0.02198665460329206,0.021847477257986553,0.053495056114969124,0.09719893630258479,0.04756915050278825,0.00950706181527939,0.05502960525055745,0.05433392090211515,0.0019004270132193756,0.09428204644769358,0.12500674287644475
xgb_metadata_text_audience__trees__unpinned,0.1604859069818085,0.01660289617622905,0.019995728875963015,0.009971383924027466,0.008301970654281534,-0.006459755222944306,-0.055793536365015,0.08464274340896619,0.03923649730604923,-0.4027829161925895,-0.4667380076476856,0.020913525718691314,-0.13839769890887627,-0.06064838034616746,-0.12993116492474766,0.021738458933231807,0.09746441684058546,-0.02046107154553985,0.002732984880718073,0.1795838149171822,0.004610432556893904,0.12693353822316947,0.11745970430540716,0.1256389111869465,0.17524476574184267,0.1588830071930985,0.10983596171384073,-0.06031759726495384,0.030552301266991603,0.04890128198462252,0.02225433142531326,0.010574935038928835,0.03619843462287079,0.11076908563323849,0.060555107206213654,-0.006565828252237463,0.037638388636838147,0.046346600387242365,-0.014744142481904055,0.11505660145809153,0.16316903322070916
xgb_metadata_text_editor__hidden__pinned,0.2112380284097146,-0.008746611367696609,0.048663230431112675,0.056113397634816826,0.03997190133431772,0.024998043121784337,-0.02706293926859191,0.2828474620941704,0.009906629426601126,-0.30848481840664216,-0.28021070686378774,-0.048679708433545625,-0.12586809042616054,-0.0854722602643986,-0.12993238050235634,-0.08326245562910141,0.18312208384986745,0.09531670121022667,-0.4857517303377155,-0.9997123109817774,0.11170333653838423,0.11160100987910933,0.17947002478681456,0.12238991058172759,0.20902584682694048,0.1638550371866732,0.1561260494504915,-0.05335481806708364,-0.08195842158857405,0.0773032146884716,-0.13815382168967558,0.04089737248779672,0.11019522005400287,0.09855414091485544,0.04193460705729949,0.06120312833906192,0.1322391101039323,0.10594595804515461,0.04413610338152897,0.11978227429348,0.1427047823812335
xgb_metadata_text_editor__hidden__unpinned,0.21723158174989757,-0.008081043991096711,0.05105260234315586,0.0597910052646007,0.04034772233376169,0.024119415081574357,-0.03096350747850604,0.2857852917524436,0.012830376184936754,-0.31659770439357376,-0.28674379065054906,-0.05914753596541061,-0.12417874784282318,-0.08582708885704286,-0.13004581649287653,-0.08247408409480714,0.18716052450108944,0.09593918431856839,-0.4871831808698769,-0.9998069835567782,0.1127174161987484,0.11523118341442705,0.18308293418731578,0.12895494685705125,0.21613173481038267,0.16884057061236915,0.15945084861708017,-0.05497685718009109,-0.08026002618612435,0.07964445451574921,-0.13728453644427685,0.04195988896154393,0.11187144683697119,0.1015023326858055,0.04443630465926954,0.06299969342352274,0.13499021548788012,0.10775334371021299,0.04372812160291362,0.12329591098034623,0.14797002295420303
xgb_metadata_text_editor__loose__pinned,0.2569425583958259,-0.0020426889507510217,0.05787992216372271,0.08975889135485708,0.04271314475541823,0.03965011152852142,0.0403310973876561,0.33598692892652093,0.03542004923576325,-0.5066498047472017,-0.5166769525148722,0.023949478098315293,-0.1583925888843081,-0.10531004668621473,-0.17559414446461002,-0.09519728424423451,0.23620442480186832,0.0938901920603017,-0.5653290684003589,-0.9913089050493699,-0.1502164917583232,0.1489825256521194,0.22413639091779966,0.13837941412119922,0.25351919081365426,0.21232089438637425,0.19950906191366613,-0.0569462693248353,-0.09192176746077707,0.10434219364719034,-0.15537876969134887,0.05076828294448581,0.12684249213369744,0.1282362175607932,0.04926888300405231,0.08346694270608367,0.14601163929166988,0.12593504885862503,0.0443934752782096,0.15517181270397146,0.1800208601520779
xgb_metadata_text_editor__loose__unpinned,0.3324917629642441,0.006788614425359219,0.07148572556873047,0.10673742229420925,0.04576639581289655,0.04694417111272572,0.05272148418730424,0.3990162562280472,0.023156152838156717,-0.6008128999265142,-0.6300030079998398,0.06544716318940708,-0.16627486380198803,-0.10514354999011696,-0.20264885014304929,-0.12307688845966967,0.27591631904280867,0.09239333913476808,-0.6578157371449718,-0.9918768066150816,-0.2653923672712074,0.20787162998204228,0.2869516716648246,0.18405120875832331,0.3376411142948128,0.2955470495277491,0.27202648662900253,-0.08472197150988013,-0.10079497555551829,0.13255973929947934,-0.17083810686162343,0.05775367884852203,0.15040750277124956,0.17361678826879123,0.06879316073094842,0.09508157490312345,0.1737805709934104,0.1537646642036851,0.043460012459352486,0.2071990902732038,0.2639884568806762
xgb_metadata_text_editor__trees__pinned,0.1525396771741604,0.007964326728019357,0.02295576146512813,0.03110127373944866,0.01958711315900954,0.0061553497073818225,-0.030404247481041303,0.13297437273015802,0.061594955777216284,-0.4561527519266205,-0.4708803725855062,0.033810086544280755,-0.1927813514642538,-0.09120381870842476,-0.16182151050461577,0.008489895149171103,0.12994042517050086,0.016681784694433127,-0.08295769277333993,-0.25653315700472573,-0.025588942912280022,0.09943139333396614,0.1173247887887991,0.10396229979457043,0.1561002296267432,0.13740228387544554,0.10995343209975204,-0.04458724887360408,0.0028905409747798866,0.05682035062182257,-0.02173720789269548,0.02407589183529512,0.057217106797112775,0.10196787736578718,0.04939934249024972,0.009961853365571758,0.05742021448053156,0.05644396805206989,0.0009936840258156028,0.09975143219411318,0.1319129732982249
xgb_metadata_text_editor__trees__unpinned,0.17216659054899539,0.016878053691896662,0.02021919535134184,0.009898735175242566,0.009049485473895743,-0.005868371110833047,-0.049348940085139285,0.09230615107938396,0.030251571607709176,-0.38695202654099886,-0.448424096461434,0.02074941230410755,-0.1313071328868629,-0.060507195634472245,-0.1269430724432913,0.020251811137532702,0.09466282374056022,-0.02179182145946109,0.005698442849333788,0.177455727632421,0.005677197034596397,0.1340654246884291,0.1264324877011638,0.1314690221653955,0.18586007297621912,0.17052216557010685,0.11986175170689375,-0.06201480768392702,0.031998805953525035,0.053453630852122645,0.022401321017640943,0.01344282400066012,0.04114619867039335,0.1176462842391431,0.0628179218364401,-0.005761781651976512,0.040437131198693056,0.048682956173807884,-0.016042809539656765,0.12158270095373389,0.17233853071517002
