policy_id,ordering,reply_mode,pinned,deployable,pin_state,interface,depth,umap_cluster
chronological__hidden__pinned,chronological,hidden,True,True,pinned,hidden · pinned,top10,0
chronological__hidden__unpinned,chronological,hidden,False,True,unpinned,hidden · unpinned,top10,0
chronological__loose__pinned,chronological,loose,True,True,pinned,loose · pinned,top10,0
chronological__loose__unpinned,chronological,loose,False,True,unpinned,loose · unpinned,top10,0
chronological__trees__pinned,chronological,trees,True,True,pinned,trees · pinned,top10,0
chronological__trees__unpinned,chronological,trees,False,True,unpinned,trees · unpinned,top10,1
neural_metadata_audience__hidden__pinned,neural_metadata_audience,hidden,True,True,pinned,hidden · pinned,top10,2
neural_metadata_audience__hidden__unpinned,neural_metadata_audience,hidden,False,True,unpinned,hidden · unpinned,top10,3
neural_metadata_audience__loose__pinned,neural_metadata_audience,loose,True,True,pinned,loose · pinned,top10,2
neural_metadata_audience__loose__unpinned,neural_metadata_audience,loose,False,True,unpinned,loose · unpinned,top10,3
neural_metadata_audience__trees__pinned,neural_metadata_audience,trees,True,True,pinned,trees · pinned,top10,0
neural_metadata_audience__trees__unpinned,neural_metadata_audience,trees,False,True,unpinned,trees · unpinned,top10,1
neural_metadata_editor__hidden__pinned,neural_metadata_editor,hidden,True,True,pinned,hidden · pinned,top10,2
neural_metadata_editor__hidden__unpinned,neural_metadata_editor,hidden,False,True,unpinned,hidden · unpinned,top10,3
neural_metadata_editor__loose__pinned,neural_metadata_editor,loose,True,True,pinned,loose · pinned,top10,2
neural_metadata_editor__loose__unpinned,neural_metadata_editor,loose,False,True,unpinned,loose · unpinned,top10,3
neural_metadata_editor__trees__pinned,neural_metadata_editor,trees,True,True,pinned,trees · pinned,top10,0
neural_metadata_editor__trees__unpinned,neural_metadata_editor,trees,False,True,unpinned,trees · unpinned,top10,1
neural_metadata_text_audience__hidden__pinned,neural_metadata_text_audience,hidden,True,True,pinned,hidden · pinned,top10,2
neural_metadata_text_audience__hidden__unpinned,neural_metadata_text_audience,hidden,False,True,unpinned,hidden · unpinned,top10,3
neural_metadata_text_audience__loose__pinned,neural_metadata_text_audience,loose,True,True,pinned,loose · pinned,top10,2
neural_metadata_text_audience__loose__unpinned,neural_metadata_text_audience,loose,False,True,unpinned,loose · unpinned,top10,3
neural_metadata_text_audience__trees__pinned,neural_metadata_text_audience,trees,True,True,pinned,trees · pinned,top10,0
neural_metadata_text_audience__trees__unpinned,neural_metadata_text_audience,trees,False,True,unpinned,trees · unpinned,top10,1
neural_metadata_text_editor__hidden__pinned,neural_metadata_text_editor,hidden,True,True,pinned,hidden · pinned,top10,2
neural_metadata_text_editor__hidden__unpinned,neural_metadata_text_editor,hidden,False,True,unpinned,hidden · unpinned,top10,2
neural_metadata_text_editor__loose__pinned,neural_metadata_text_editor,loose,True,True,pinned,loose · pinned,top10,2
neural_metadata_text_editor__loose__unpinned,neural_metadata_text_editor,loose,False,True,unpinned,loose · unpinned,top10,2
neural_metadata_text_editor__trees__pinned,neural_metadata_text_editor,trees,True,True,pinned,trees · pinned,top10,0
neural_metadata_text_editor__trees__unpinned,neural_metadata_text_editor,trees,False,True,unpinned,trees · unpinned,top10,1
random__hidden__pinned,random,hidden,True,False,pinned,hidden · pinned,top10,0
random__hidden__unpinned,random,hidden,False,False,unpinned,hidden · unpinned,top10,0
random__loose__pinned,random,loose,True,False,pinned,loose · pinned,top10,0
random__loose__unpinned,random,loose,False,False,unpinned,loose · unpinned,top10,1
random__trees__pinned,random,trees,True,False,pinned,trees · pinned,top10,0
random__trees__unpinned,random,trees,False,False,unpinned,trees · unpinned,top10,1
regression_audience__hidden__pinned,regression_audience,hidden,True,True,pinned,hidden · pinned,top10,2
regression_audience__hidden__unpinned,regression_audience,hidden,False,True,unpinned,hidden · unpinned,top10,3
regression_audience__loose__pinned,regression_audience,loose,True,True,pinned,loose · pinned,top10,2
regression_audience__loose__unpinned,regression_audience,loose,False,True,unpinned,loose · unpinned,top10,3
regression_audience__trees__pinned,regression_audience,trees,True,True,pinned,trees · pinned,top10,0
regression_audience__trees__unpinned,regression_audience,trees,False,True,unpinned,trees · unpinned,top10,1
regression_editor__hidden__pinned,regression_editor,hidden,True,True,pinned,hidden · pinned,top10,2
regression_editor__hidden__unpinned,regression_editor,hidden,False,True,unpinned,hidden · unpinned,top10,3
regression_editor__loose__pinned,regression_editor,loose,True,True,pinned,loose · pinned,top10,2
regression_editor__loose__unpinned,regression_editor,loose,False,True,unpinned,loose · unpinned,top10,3
regression_editor__trees__pinned,regression_editor,trees,True,True,pinned,trees · pinned,top10,0
regression_editor__trees__unpinned,regression_editor,trees,False,True,unpinned,trees · unpinned,top10,1
relative_votes__hidden__pinned,relative_votes,hidden,True,True,pinned,hidden · pinned,top10,0
relative_votes__hidden__unpinned,relative_votes,hidden,False,True,unpinned,hidden · unpinned,top10,0
relative_votes__loose__pinned,relative_votes,loose,True,True,pinned,loose · pinned,top10,0
relative_votes__loose__unpinned,relative_votes,loose,False,True,unpinned,loose · unpinned,top10,0
relative_votes__trees__pinned,relative_votes,trees,True,True,pinned,trees · pinned,top10,0
relative_votes__trees__unpinned,relative_votes,trees,False,True,unpinned,trees · unpinned,top10,1
reverse_chronological__hidden__pinned,reverse_chronological,hidden,True,True,pinned,hidden · pinned,top10,0
reverse_chronological__hidden__unpinned,reverse_chronological,hidden,False,True,unpinned,hidden · unpinned,top10,1
reverse_chronological__loose__pinned,reverse_chronological,loose,True,True,pinned,loose · pinned,top10,0
reverse_chronological__loose__unpinned,reverse_chronological,loose,False,True,unpinned,loose · unpinned,top10,1
reverse_chronological__trees__pinned,reverse_chronological,trees,True,True,pinned,trees · pinned,top10,0
reverse_chronological__trees__unpinned,reverse_chronological,trees,False,True,unpinned,trees · unpinned,top10,1
upvotes__hidden__pinned,upvotes,hidden,True,True,pinned,hidden · pinned,top10,0
upvotes__hidden__unpinned,upvotes,hidden,False,True,unpinned,hidden · unpinned,top10,0
upvotes__loose__pinned,upvotes,loose,True,True,pinned,loose · pinned,top10,0
upvotes__loose__unpinned,upvotes,loose,False,True,unpinned,loose · unpinned,top10,0
upvotes__trees__pinned,upvotes,trees,True,True,pinned,trees · pinned,top10,0
upvotes__trees__unpinned,upvotes,trees,False,True,unpinned,trees · unpinned,top10,1
xgb_metadata_audience__hidden__pinned,xgb_metadata_audience,hidden,True,True,pinned,hidden · pinned,top10,2
xgb_metadata_audience__hidden__unpinned,xgb_metadata_audience,hidden,False,True,unpinned,hidden · unpinned,top10,3
xgb_metadata_audience__loose__pinned,xgb_metadata_audience,loose,True,True,pinned,loose · pinned,top10,2
xgb_metadata_audience__loose__unpinned,xgb_metadata_audience,loose,False,True,unpinned,loose · unpinned,top10,3
xgb_metadata_audience__trees__pinned,xgb_metadata_audience,trees,True,True,pinned,trees · pinned,top10,0
xgb_metadata_audience__trees__unpinned,xgb_metadata_audience,trees,False,True,unpinned,trees · unpinned,top10,1
xgb_metadata_editor__hidden__pinned,xgb_metadata_editor,hidden,True,True,pinned,hidden · pinned,top10,2
xgb_metadata_editor__hidden__unpinned,xgb_metadata_editor,hidden,False,True,unpinned,hidden · unpinned,top10,3
xgb_metadata_editor__loose__pinned,xgb_metadata_editor,loose,True,True,pinned,loose · pinned,top10,2
xgb_metadata_editor__loose__unpinned,xgb_metadata_editor,loose,False,True,unpinned,loose · unpinned,top10,3
xgb_metadata_editor__trees__pinned,xgb_metadata_editor,trees,True,True,pinned,trees · pinned,top10,0
xgb_metadata_editor__trees__unpinned,xgb_metadata_editor,trees,False,True,unpinned,trees · unpinned,top10,1
xgb_metadata_text_audience__hidden__pinned,xgb_metadata_text_audience,hidden,True,True,pinned,hidden · pinned,top10,2
xgb_metadata_text_audience__hidden__unpinned,xgb_metadata_text_audience,hidden,False,True,unpinned,hidden · unpinned,top10,3
xgb_metadata_text_audience__loose__pinned,xgb_metadata_text_audience,loose,True,True,pinned,loose · pinned,top10,2
xgb_metadata_text_audience__loose__unpinned,xgb_metadata_text_audience,loose,False,True,unpinned,loose · unpinned,top10,3
xgb_metadata_text_audience__trees__pinned,xgb_metadata_text_audience,trees,True,True,pinned,trees · pinned,top10,0
xgb_metadata_text_audience__trees__unpinned,xgb_metadata_text_audience,trees,False,True,unpinned,trees · unpinned,top10,1
xgb_metadata_text_editor__hidden__pinned,xgb_metadata_text_editor,hidden,True,True,pinned,hidden · pinned,top10,2
xgb_metadata_text_editor__hidden__unpinned,xgb_metadata_text_editor,hidden,False,True,unpinned,hidden · unpinned,top10,3
xgb_metadata_text_editor__loose__pinned,xgb_metadata_text_editor,loose,True,True,pinned,loose · pinned,top10,2
xgb_metadata_text_editor__loose__unpinned,xgb_metadata_text_editor,loose,False,True,unpinned,loose · unpinned,top10,3
xgb_metadata_text_editor__trees__pinned,xgb_metadata_text_editor,trees,True,True,pinned,trees · pinned,top10,0
xgb_metadata_text_editor__trees__unpinned,xgb_metadata_text_editor,trees,False,True,unpinned,trees · unpinned,top10,1
chronological__hidden__pinned,chronological,hidden,True,True,pinned,hidden · pinned,full,2
chronological__hidden__unpinned,chronological,hidden,False,True,unpinned,hidden · unpinned,full,2
chronological__loose__pinned,chronological,loose,True,True,pinned,loose · pinned,full,5
chronological__loose__unpinned,chronological,loose,False,True,unpinned,loose · unpinned,full,5
chronological__trees__pinned,chronological,trees,True,True,pinned,trees · pinned,full,5
chronological__trees__unpinned,chronological,trees,False,True,unpinned,trees · unpinned,full,4
neural_metadata_audience__hidden__pinned,neural_metadata_audience,hidden,True,True,pinned,hidden · pinned,full,2
neural_metadata_audience__hidden__unpinned,neural_metadata_audience,hidden,False,True,unpinned,hidden · unpinned,full,2
neural_metadata_audience__loose__pinned,neural_metadata_audience,loose,True,True,pinned,loose · pinned,full,1
neural_metadata_audience__loose__unpinned,neural_metadata_audience,loose,False,True,unpinned,loose · unpinned,full,1
neural_metadata_audience__trees__pinned,neural_metadata_audience,trees,True,True,pinned,trees · pinned,full,5
neural_metadata_audience__trees__unpinned,neural_metadata_audience,trees,False,True,unpinned,trees · unpinned,full,4
neural_metadata_editor__hidden__pinned,neural_metadata_editor,hidden,True,True,pinned,hidden · pinned,full,0
neural_metadata_editor__hidden__unpinned,neural_metadata_editor,hidden,False,True,unpinned,hidden · unpinned,full,0
neural_metadata_editor__loose__pinned,neural_metadata_editor,loose,True,True,pinned,loose · pinned,full,1
neural_metadata_editor__loose__unpinned,neural_metadata_editor,loose,False,True,unpinned,loose · unpinned,full,1
neural_metadata_editor__trees__pinned,neural_metadata_editor,trees,True,True,pinned,trees · pinned,full,5
neural_metadata_editor__trees__unpinned,neural_metadata_editor,trees,False,True,unpinned,trees · unpinned,full,4
neural_metadata_text_audience__hidden__pinned,neural_metadata_text_audience,hidden,True,True,pinned,hidden · pinned,full,2
neural_metadata_text_audience__hidden__unpinned,neural_metadata_text_audience,hidden,False,True,unpinned,hidden · unpinned,full,2
neural_metadata_text_audience__loose__pinned,neural_metadata_text_audience,loose,True,True,pinned,loose · pinned,full,1
neural_metadata_text_audience__loose__unpinned,neural_metadata_text_audience,loose,False,True,unpinned,loose · unpinned,full,1
neural_metadata_text_audience__trees__pinned,neural_metadata_text_audience,trees,True,True,pinned,trees · pinned,full,5
neural_metadata_text_audience__trees__unpinned,neural_metadata_text_audience,trees,False,True,unpinned,trees · unpinned,full,4
neural_metadata_text_editor__hidden__pinned,neural_metadata_text_editor,hidden,True,True,pinned,hidden · pinned,full,0
neural_metadata_text_editor__hidden__unpinned,neural_metadata_text_editor,hidden,False,True,unpinned,hidden · unpinned,full,0
neural_metadata_text_editor__loose__pinned,neural_metadata_text_editor,loose,True,True,pinned,loose · pinned,full,1
neural_metadata_text_editor__loose__unpinned,neural_metadata_text_editor,loose,False,True,unpinned,loose · unpinned,full,1
neural_metadata_text_editor__trees__pinned,neural_metadata_text_editor,trees,True,True,pinned,trees · pinned,full,5
neural_metadata_text_editor__trees__unpinned,neural_metadata_text_editor,trees,False,True,unpinned,trees · unpinned,full,4
random__hidden__pinned,random,hidden,True,False,pinned,hidden · pinned,full,3
random__hidden__unpinned,random,hidden,False,False,unpinned,hidden · unpinned,full,3
random__loose__pinned,random,loose,True,False,pinned,loose · pinned,full,6
random__loose__unpinned,random,loose,False,False,unpinned,loose · unpinned,full,6
random__trees__pinned,random,trees,True,False,pinned,trees · pinned,full,6
random__trees__unpinned,random,trees,False,False,unpinned,trees · unpinned,full,6
regression_audience__hidden__pinned,regression_audience,hidden,True,True,pinned,hidden · pinned,full,2
regression_audience__hidden__unpinned,regression_audience,hidden,False,True,unpinned,hidden · unpinned,full,2
regression_audience__loose__pinned,regression_audience,loose,True,True,pinned,loose · pinned,full,1
regression_audience__loose__unpinned,regression_audience,loose,False,True,unpinned,loose · unpinned,full,1
regression_audience__trees__pinned,regression_audience,trees,True,True,pinned,trees · pinned,full,5
regression_audience__trees__unpinned,regression_audience,trees,False,True,unpinned,trees · unpinned,full,4
regression_editor__hidden__pinned,regression_editor,hidden,True,True,pinned,hidden · pinned,full,0
regression_editor__hidden__unpinned,regression_editor,hidden,False,True,unpinned,hidden · unpinned,full,0
regression_editor__loose__pinned,regression_editor,loose,True,True,pinned,loose · pinned,full,1
regression_editor__loose__unpinned,regression_editor,loose,False,True,unpinned,loose · unpinned,full,1
regression_editor__trees__pinned,regression_editor,trees,True,True,pinned,trees · pinned,full,5
regression_editor__trees__unpinned,regression_editor,trees,False,True,unpinned,trees · unpinned,full,4
relative_votes__hidden__pinned,relative_votes,hidden,True,True,pinned,hidden · pinned,full,3
relative_votes__hidden__unpinned,relative_votes,hidden,False,True,unpinned,hidden · unpinned,full,3
relative_votes__loose__pinned,relative_votes,loose,True,True,pinned,loose · pinned,full,-1
relative_votes__loose__unpinned,relative_votes,loose,False,True,unpinned,loose · unpinned,full,-1
relative_votes__trees__pinned,relative_votes,trees,True,True,pinned,trees · pinned,full,6
relative_votes__trees__unpinned,relative_votes,trees,False,True,unpinned,trees · unpinned,full,6
reverse_chronological__hidden__pinned,reverse_chronological,hidden,True,True,pinned,hidden · pinned,full,3
reverse_chronological__hidden__unpinned,reverse_chronological,hidden,False,True,unpinned,hidden · unpinned,full,3
reverse_chronological__loose__pinned,reverse_chronological,loose,True,True,pinned,loose · pinned,full,6
reverse_chronological__loose__unpinned,reverse_chronological,loose,False,True,unpinned,loose · unpinned,full,6
reverse_chronological__trees__pinned,reverse_chronological,trees,True,True,pinned,trees · pinned,full,6
reverse_chronological__trees__unpinned,reverse_chronological,trees,False,True,unpinned,trees · unpinned,full,6
upvotes__hidden__pinned,upvotes,hidden,True,True,pinned,hidden · pinned,full,3
upvotes__hidden__unpinned,upvotes,hidden,False,True,unpinned,hidden · unpinned,full,3
upvotes__loose__pinned,upvotes,loose,True,True,pinned,loose · pinned,full,-1
upvotes__loose__unpinned,upvotes,loose,False,True,unpinned,loose · unpinned,full,-1
upvotes__trees__pinned,upvotes,trees,True,True,pinned,trees · pinned,full,6
upvotes__trees__unpinned,upvotes,trees,False,True,unpinned,trees · unpinned,full,6
xgb_metadata_audience__hidden__pinned,xgb_metadata_audience,hidden,True,True,pinned,hidden · pinned,full,0
xgb_metadata_audience__hidden__unpinned,xgb_metadata_audience,hidden,False,True,unpinned,hidden · unpinned,full,0
xgb_metadata_audience__loose__pinned,xgb_metadata_audience,loose,True,True,pinned,loose · pinned,full,1
xgb_metadata_audience__loose__unpinned,xgb_metadata_audience,loose,False,True,unpinned,loose · unpinned,full,1
xgb_metadata_audience__trees__pinned,xgb_metadata_audience,trees,True,True,pinned,trees · pinned,full,5
xgb_metadata_audience__trees__unpinned,xgb_metadata_audience,trees,False,True,unpinned,trees · unpinned,full,4
xgb_metadata_editor__hidden__pinned,xgb_metadata_editor,hidden,True,True,pinned,hidden · pinned,full,0
xgb_metadata_editor__hidden__unpinned,xgb_metadata_editor,hidden,False,True,unpinned,hidden · unpinned,full,0
xgb_metadata_editor__loose__pinned,xgb_metadata_editor,loose,True,True,pinned,loose · pinned,full,1
xgb_metadata_editor__loose__unpinned,xgb_metadata_editor,loose,False,True,unpinned,loose · unpinned,full,1
xgb_metadata_editor__trees__pinned,xgb_metadata_editor,trees,True,True,pinned,trees · pinned,full,5
xgb_metadata_editor__trees__unpinned,xgb_metadata_editor,trees,False,True,unpinned,trees · unpinned,full,4
xgb_metadata_text_audience__hidden__pinned,xgb_metadata_text_audience,hidden,True,True,pinned,hidden · pinned,full,0
xgb_metadata_text_audience__hidden__unpinned,xgb_metadata_text_audience,hidden,False,True,unpinned,hidden · unpinned,full,0
xgb_metadata_text_audience__loose__pinned,xgb_metadata_text_audience,loose,True,True,pinned,loose · pinned,full,1
xgb_metadata_text_audience__loose__unpinned,xgb_metadata_text_audience,loose,False,True,unpinned,loose · unpinned,full,1
xgb_metadata_text_audience__trees__pinned,xgb_metadata_text_audience,trees,True,True,pinned,trees · pinned,full,5
xgb_metadata_text_audience__trees__unpinned,xgb_metadata_text_audience,trees,False,True,unpinned,trees · unpinned,full,4
xgb_metadata_text_editor__hidden__pinned,xgb_metadata_text_editor,hidden,True,True,pinned,hidden · pinned,full,0
xgb_metadata_text_editor__hidden__unpinned,xgb_metadata_text_editor,hidden,False,True,unpinned,hidden · unpinned,full,0
xgb_metadata_text_editor__loose__pinned,xgb_metadata_text_editor,loose,True,True,pinned,loose · pinned,full,1
xgb_metadata_text_editor__loose__unpinned,xgb_metadata_text_editor,loose,False,True,unpinned,loose · unpinned,full,1
xgb_metadata_text_editor__trees__pinned,xgb_metadata_text_editor,trees,True,True,pinned,trees · pinned,full,5
xgb_metadata_text_editor__trees__unpinned,xgb_metadata_text_editor,trees,False,True,unpinned,trees · unpinned,full,4
