doc_type,first,second,documents,first_coverage_pct,second_coverage_pct,common_documents,common_coverage_pct,assignment_agreement_pct,assigned_jaccard,ami_all,ari_all,ami_common,ari_common,ami_union,ari_union,min_cluster_size,n_neighbors,min_samples,fit_corpus
article_passage,seed_2025,seed_2026,48887,99.93658845909955,99.96522592918363,48845,99.9140875897478,99.92636079121239,0.9992635175221456,0.6138937536690813,0.4733725444164342,0.6143506760875423,0.4735122280333531,0.6139211243371311,0.47340264866553683,5,5,1,articles_comments
article_passage,seed_2025,seed_2027,48887,99.93658845909955,99.94886166056416,48841,99.90590545543805,99.92636079121239,0.9992634572498312,0.613824875743727,0.4757138892232309,0.6142906169874772,0.4758803359914658,0.6138409869028892,0.47575943571528306,5,5,1,articles_comments
article_passage,seed_2026,seed_2027,48887,99.96522592918363,99.94886166056416,48857,99.938633992677,99.9631803956062,0.9996317135549873,0.6162930610842536,0.5708287888890052,0.6164566597992885,0.5709133528415982,0.616271914289905,0.570855035656298,5,5,1,articles_comments
comment,seed_2025,seed_2026,48887,99.9815901978031,99.97340806349337,48869,99.9631803956062,99.97136252991594,0.9997136018656793,0.3821020998675366,0.11791092575875008,0.3821784995939827,0.1179126909080533,0.38209603019752564,0.11791008739623353,5,5,1,articles_comments
comment,seed_2025,seed_2027,48887,99.9815901978031,99.97136252991594,48867,99.95908932845133,99.96522592918363,0.9996522379510678,0.3716191362759703,0.09788139397986796,0.37171771872204384,0.09788396243664128,0.3716202565217312,0.0978811178089917,5,5,1,articles_comments
comment,seed_2026,seed_2027,48887,99.97340806349337,99.97136252991594,48866,99.9570437948739,99.96931699633849,0.999693132300894,0.38801348905438654,0.20846213799826865,0.3880987994290521,0.20848694823882646,0.3879925981609177,0.20846054133071082,5,5,1,articles_comments
article_passage,seed_2025,seed_2026,48887,99.91204205617035,99.93658845909955,48825,99.8731769181991,99.89772332112832,0.9989769820971867,0.6313550639007339,0.3996248395835881,0.6320360718850738,0.40041055810028847,0.6313785794571015,0.39965707206196166,5,5,3,articles_comments
article_passage,seed_2025,seed_2027,48887,99.91204205617035,99.92022419048008,48824,99.87113138462168,99.90999652259292,0.9990996152901694,0.6323854757942853,0.35893954643713083,0.6329048288573118,0.3591816328984303,0.6323693901844746,0.3589563643395894,5,5,3,articles_comments
article_passage,seed_2026,seed_2027,48887,99.93658845909955,99.92022419048008,48837,99.89772332112832,99.938633992677,0.9993860887715637,0.6334701646704254,0.4738812540311225,0.6337826579530869,0.474046495116606,0.63342449906949,0.4739103042040236,5,5,3,articles_comments
comment,seed_2025,seed_2026,48887,99.9631803956062,99.95499826129645,48855,99.93454292552212,99.95090719414159,0.999508991591481,0.45803223069830656,0.2595042618544583,0.45818134291761276,0.2595372521614349,0.4580123124019523,0.2595052148109308,5,5,3,articles_comments
comment,seed_2025,seed_2027,48887,99.9631803956062,99.95908932845133,48855,99.93454292552212,99.94681612698673,0.9994680959882163,0.4532954355998107,0.264834755638608,0.4534729883284332,0.264881365429264,0.4532898311655152,0.26483761442151355,5,5,3,articles_comments
comment,seed_2026,seed_2027,48887,99.95499826129645,99.95908932845133,48853,99.93045185836725,99.94681612698673,0.9994680742241044,0.44849878752617217,0.24622476619500253,0.448677429972646,0.24630106639638402,0.4484790013227201,0.24622599711296667,5,5,3,articles_comments
article_passage,seed_2025,seed_2026,48887,99.88545011966372,99.89363225397345,48804,99.830220713073,99.88135905250884,0.9988129835045638,0.6262405813360554,0.35230839453963264,0.6269329230077226,0.3527937572712322,0.6262038983079055,0.3523271608488697,5,5,5,articles_comments
article_passage,seed_2025,seed_2027,48887,99.88545011966372,99.85681264957964,48784,99.78931004152433,99.83635731380531,0.998362802881467,0.4876769967040864,0.030035884378778247,0.4883332550597476,0.030038265824029325,0.4875920582447013,0.030027985198375386,5,5,5,articles_comments
article_passage,seed_2026,seed_2027,48887,99.89363225397345,99.85681264957964,48793,99.80771984372123,99.86499478388939,0.9986491741541988,0.49265715611527117,0.04845466520100139,0.4931553202917868,0.04847224031353234,0.4925143308599341,0.04843963734701273,5,5,5,articles_comments
comment,seed_2025,seed_2026,48887,99.93658845909955,99.92840632478982,48832,99.88749565324115,99.90999652259292,0.9990997626647025,0.40839426676730256,0.05305688865198251,0.40861149525603035,0.05304754250934251,0.40834990684234934,0.053052127705964035,5,5,5,articles_comments
comment,seed_2025,seed_2027,48887,99.93658845909955,99.89158672039602,48821,99.86499478388939,99.90181438828319,0.9990177822341362,0.21352172077245782,0.006694045289815133,0.21338170396528902,0.00668086452887028,0.21329346735503066,0.006687861605789543,5,5,5,articles_comments
comment,seed_2026,seed_2027,48887,99.92840632478982,99.89158672039602,48820,99.86294925031194,99.90590545543805,0.9990586501862235,0.22450825445049277,0.0541213176766082,0.224353136466169,0.05402671394487592,0.22422826506129648,0.05408222486686175,5,5,5,articles_comments
article_passage,seed_2025,seed_2026,48887,99.75044490355309,99.64407715752654,48653,99.52134514288052,99.64816822468141,0.9964772145417307,0.5038354422535063,0.06214129505280352,0.5052368385347322,0.062216216721898206,0.5035102798028198,0.06209459172680881,5,5,10,articles_comments
article_passage,seed_2025,seed_2027,48887,99.75044490355309,99.75044490355309,48701,99.61953075459733,99.73817170208848,0.997378606975363,0.6541504529100768,0.5612209938800231,0.6556677403257941,0.5622846574112151,0.6540455174434345,0.5615140792866133,5,5,10,articles_comments
article_passage,seed_2026,seed_2027,48887,99.64407715752654,99.75044490355309,48657,99.52952727719025,99.66453249330087,0.9966407898240511,0.5064774708143741,0.06201603750347006,0.5077383165874767,0.06203919513230843,0.5061110069688612,0.06196043609573724,5,5,10,articles_comments
comment,seed_2025,seed_2026,48887,99.88545011966372,99.85067604884735,48788,99.79749217583407,99.85885818315707,0.9985877151687578,0.2609809408449541,0.009088614237443324,0.2607826832725889,0.009057639297386028,0.2605969492301065,0.009071448155825132,5,5,10,articles_comments
comment,seed_2025,seed_2027,48887,99.88545011966372,99.88954118681859,48806,99.83431178022786,99.89363225397345,0.9989356911867043,0.5282633235583034,0.2551433528256672,0.5284645683216395,0.25526561941821424,0.5281179303832011,0.2551251812160509,5,5,10,articles_comments
comment,seed_2026,seed_2027,48887,99.85067604884735,99.88954118681859,48786,99.7934011086792,99.84658498169247,0.9984650334622706,0.2594258451864232,0.010747540351841927,0.25933158030622466,0.010723094092733258,0.25911419870266483,0.010732301204198637,5,5,10,articles_comments
article_passage,seed_2025,seed_2026,48887,99.40884079612167,99.41906846400884,48439,99.08360095730971,99.33929265448891,0.9933759895000205,0.4857230811115523,0.20948574038636192,0.4882747338459964,0.21018898653786577,0.48498406327115334,0.20925358233959007,5,5,15,articles_comments
article_passage,seed_2025,seed_2027,48887,99.40884079612167,99.36997565815044,48439,99.08360095730971,99.38838546034732,0.9938651565513562,0.4896561325775883,0.20468144862525736,0.4918388862104235,0.20509194195413386,0.48865609836487417,0.2044031563138586,5,5,15,articles_comments
article_passage,seed_2026,seed_2027,48887,99.41906846400884,99.36997565815044,48443,99.09178309161945,99.39452206107964,0.9939268347729744,0.5201438557399853,0.28226183067552185,0.5224305395834264,0.2833163461970303,0.5192773174955376,0.2820686279504648,5,5,15,articles_comments
comment,seed_2025,seed_2026,48887,99.75862703786282,99.78521897436946,48728,99.67476016118805,99.8056743101438,0.9980541957683878,0.2967072768765098,0.2753495907080169,0.2961337069770737,0.2746428359530638,0.2955649725228532,0.2747622182141228,5,5,15,articles_comments
comment,seed_2025,seed_2027,48887,99.75862703786282,99.74635383639823,48713,99.64407715752654,99.78317344079203,0.9978287142301153,0.30212185004379116,0.268735769924966,0.3015792513253169,0.26809394995037383,0.3009582437856296,0.26815600404795403,5,5,15,articles_comments
comment,seed_2026,seed_2027,48887,99.78521897436946,99.74635383639823,48719,99.65635035899115,99.7811279072146,0.9978085446278622,0.3401122114472906,0.32095181702956355,0.3399237387860099,0.3205929133721473,0.33920043908338066,0.3205047661390725,5,5,15,articles_comments
article_passage,seed_2025,seed_2026,48887,99.93249739194468,99.93658845909955,48837,99.89772332112832,99.92636079121239,0.9992633969676509,0.6926099242026603,0.7447679080175402,0.693076522164804,0.7450726968352234,0.6926355350045084,0.7448406332126994,5,10,1,articles_comments
article_passage,seed_2025,seed_2027,48887,99.93249739194468,99.92431525763496,48832,99.88749565324115,99.91817865690265,0.9991815354395155,0.6922329120930092,0.5770815735414446,0.6927730308038744,0.577369611509792,0.6922599936839725,0.5771462251421602,5,10,1,articles_comments
article_passage,seed_2026,seed_2027,48887,99.93658845909955,99.92431525763496,48835,99.89363225397345,99.92636079121239,0.9992633668228602,0.6927162901750936,0.5668867106726623,0.6932210914826656,0.5670748614009415,0.6927335575572623,0.566941038515375,5,10,1,articles_comments
comment,seed_2025,seed_2026,48887,99.9570437948739,99.95090719414159,48855,99.93454292552212,99.96113486202876,0.9996112452428694,0.4387693111679057,0.23053508701964964,0.43882830668905726,0.2305362114621215,0.43869155276878125,0.2305194242494941,5,10,1,articles_comments
comment,seed_2025,seed_2027,48887,99.9570437948739,99.95908932845133,48856,99.93658845909955,99.9570437948739,0.9995703500624016,0.44215595842454236,0.2403724218866562,0.4422542921331179,0.2404176703849123,0.44211291607169717,0.2403675741690043,5,10,1,articles_comments
comment,seed_2026,seed_2027,48887,99.95090719414159,99.95908932845133,48856,99.93658845909955,99.9631803956062,0.9996317060195605,0.44800909523002436,0.23960944437102508,0.4480554662237053,0.23962293441610477,0.4479327605155772,0.23959414989686406,5,10,1,articles_comments
article_passage,seed_2025,seed_2026,48887,99.89772332112832,99.90181438828319,48814,99.85067604884735,99.90181438828319,0.9990176415210184,0.7096475379051119,0.5459101463438292,0.7103066986702833,0.5462533305600739,0.709652944378322,0.5459793568224838,5,10,3,articles_comments
article_passage,seed_2025,seed_2027,48887,99.89772332112832,99.87726798535398,48803,99.82817517949557,99.88135905250884,0.9988129592108226,0.7158230409378354,0.6781911305459453,0.7166711122423113,0.6785685035375085,0.7158433633305622,0.6783080298586632,5,10,3,articles_comments
article_passage,seed_2026,seed_2027,48887,99.90181438828319,99.87726798535398,48807,99.83635731380531,99.89363225397345,0.9989357129699749,0.7134922795437261,0.5520457052285621,0.7142127446654752,0.552288479158152,0.7134923885378172,0.5521207483988236,5,10,3,articles_comments
comment,seed_2025,seed_2026,48887,99.91613312332522,99.92636079121239,48834,99.89158672039602,99.94067952625443,0.9994065038986554,0.5172541853621326,0.3058748908530118,0.5173795535463225,0.3060807406303829,0.5171181390555766,0.30585205407538746,5,10,3,articles_comments
comment,seed_2025,seed_2027,48887,99.91613312332522,99.90590545543805,48828,99.87931351893141,99.93658845909955,0.9993655211936389,0.5118763466406929,0.3155543627926861,0.5119631759255859,0.3156513018538942,0.5117014714097712,0.3155190341510903,5,10,3,articles_comments
comment,seed_2026,seed_2027,48887,99.92636079121239,99.90590545543805,48830,99.88340458608627,99.93454292552212,0.9993450943473455,0.5222886598227344,0.31680775560116814,0.5224060892652376,0.31690037864670234,0.5221500343943003,0.31678613839207415,5,10,3,articles_comments
article_passage,seed_2025,seed_2026,48887,99.84044838096018,99.84453944811504,48771,99.76271810501768,99.84044838096018,0.9984032426457041,0.7334651083410619,0.7068575590746057,0.7345774609512216,0.7077003209874844,0.7334840826459623,0.7070575991999117,5,10,5,articles_comments
article_passage,seed_2025,seed_2027,48887,99.84044838096018,99.83840284738274,48768,99.75658150428539,99.83431178022786,0.9983418289013081,0.7153352751078556,0.6473522857805816,0.7164893399516634,0.6483838529241418,0.7153400193396943,0.6475332033047233,5,10,5,articles_comments
article_passage,seed_2026,seed_2027,48887,99.84453944811504,99.83840284738274,48767,99.75453597070796,99.82612964591814,0.9982600507655777,0.719554913365566,0.6132336032303655,0.7208056047303157,0.6139524207390585,0.7195805204410117,0.6134019294238553,5,10,5,articles_comments
comment,seed_2025,seed_2026,48887,99.90795098901548,99.89363225397345,48817,99.85681264957964,99.91204205617035,0.999119934506754,0.5335641422216176,0.22169180899695443,0.5338324507676189,0.22192748864480194,0.5334306773483657,0.2216673930243186,5,10,5,articles_comments
comment,seed_2025,seed_2027,48887,99.90795098901548,99.89158672039602,48813,99.8486305152699,99.89772332112832,0.9989767308597507,0.5165790348473093,0.18453812725392846,0.5168563633736488,0.1845796979940724,0.5164685949875041,0.18452102142190452,5,10,5,articles_comments
comment,seed_2026,seed_2027,48887,99.89363225397345,99.89158672039602,48813,99.8486305152699,99.91204205617035,0.9991198624529228,0.5266188383669245,0.20878552658256272,0.5267944156222849,0.2088758645063033,0.526444594206488,0.20875374847792885,5,10,5,articles_comments
article_passage,seed_2025,seed_2026,48887,99.53770941149999,99.60316648597787,48583,99.37815779246016,99.61543968744246,0.9961452502511738,0.6592257740980435,0.3008382108046176,0.6614037901088954,0.3013321880196406,0.6588918806676797,0.300712427400071,5,10,10,articles_comments
article_passage,seed_2025,seed_2027,48887,99.53770941149999,99.4599791355575,48538,99.28610878147565,99.5745290158938,0.995732983219136,0.6128156915322232,0.2478766452985094,0.614753751273055,0.24851280348679247,0.6121948921325928,0.24769265816305522,5,10,10,articles_comments
article_passage,seed_2026,seed_2027,48887,99.60316648597787,99.4599791355575,48552,99.31474625155971,99.56634688158405,0.9956525305553277,0.5918493942507772,0.11666126418344135,0.5937422439850507,0.11667226303851731,0.591288296116151,0.11645525434922567,5,10,10,articles_comments
comment,seed_2025,seed_2026,48887,99.76476363859513,99.82612964591814,48745,99.70953423200442,99.82817517949557,0.9982797108275819,0.4393840211292304,0.07253448435254546,0.4393884923965944,0.07251537371398391,0.43884151106887065,0.07246409287528577,5,10,10,articles_comments
comment,seed_2025,seed_2027,48887,99.76476363859513,99.70953423200442,48701,99.61953075459733,99.76476363859513,0.9976442150114716,0.3993515910986568,0.2778308644418961,0.3994687087733078,0.2776872181953444,0.3985338102026644,0.2775440651306002,5,10,10,articles_comments
comment,seed_2026,seed_2027,48887,99.82612964591814,99.70953423200442,48721,99.66044142614601,99.78521897436946,0.997849506410519,0.34459970503393894,0.033191532182767054,0.3444677752028272,0.033152572122526036,0.34383270300424085,0.033121135777828194,5,10,10,articles_comments
article_passage,seed_2025,seed_2026,48887,99.25542577781414,99.3740667253053,48415,99.0345081514513,99.43952379978317,0.9943724455215757,0.6647243315627727,0.35901927319537513,0.6678338119176103,0.3600361208526691,0.6641300341632759,0.3588047463100341,5,10,15,articles_comments
article_passage,seed_2025,seed_2027,48887,99.25542577781414,99.07337328942255,48284,98.7665432528075,99.2042874383783,0.9920078893842582,0.557280197721745,0.17260030074236382,0.5606800358970259,0.17310651964996454,0.5562345172592154,0.1722677769552388,5,10,15,articles_comments
article_passage,seed_2026,seed_2027,48887,99.3740667253053,99.07337328942255,48333,98.86677439810174,99.28610878147565,0.9928310258411733,0.5562649284890422,0.10096338667371006,0.5589425488951617,0.10087640195496031,0.5551772262611215,0.10060231097049176,5,10,15,articles_comments
comment,seed_2025,seed_2026,48887,99.70748869842699,99.77908237363717,48717,99.65225929183627,99.81794751160841,0.9981764537147072,0.48532205953700236,0.14453927445380818,0.4853172712380434,0.14460549303487533,0.48455592226492394,0.1444048164794491,5,10,15,articles_comments
comment,seed_2025,seed_2027,48887,99.70748869842699,99.67885122834291,48677,99.57043794873893,99.75453597070796,0.997540832428223,0.3649293149015704,0.18692063312494045,0.36459064268114627,0.186616061190348,0.3636645796368803,0.18648326377368393,5,10,15,articles_comments
comment,seed_2026,seed_2027,48887,99.77908237363717,99.67885122834291,48699,99.61543968744246,99.77294577290486,0.9977258758451137,0.35535255040862046,0.05472760753368374,0.3551371225299685,0.054600460706010656,0.3543032262357757,0.05458821366981881,5,10,15,articles_comments
article_passage,seed_2025,seed_2026,48887,99.90590545543805,99.938633992677,48825,99.8731769181991,99.90181438828319,0.9990178626235344,0.7001061430473267,0.5593925805314625,0.7008290889807094,0.5597626145661513,0.7001463245698794,0.5594666584306618,5,15,1,articles_comments
article_passage,seed_2025,seed_2027,48887,99.90590545543805,99.90999652259292,48818,99.85885818315707,99.90181438828319,0.9990177219334506,0.6957948685583961,0.5831971809907799,0.6964272179105275,0.5834508245136686,0.6958106781075342,0.5832943331204452,5,15,1,articles_comments
article_passage,seed_2026,seed_2027,48887,99.938633992677,99.90999652259292,48831,99.88545011966372,99.92226972405753,0.9992224109353578,0.696982254347939,0.640858128860443,0.6975101094756244,0.6413472084400297,0.6969933136491109,0.6409517275796547,5,15,1,articles_comments
comment,seed_2025,seed_2026,48887,99.95090719414159,99.93045185836725,48843,99.90999652259292,99.938633992677,0.999386164139709,0.4478782364303558,0.2342388052095284,0.44805539574412284,0.23434737325517688,0.44780496966980643,0.2342291301970459,5,15,1,articles_comments
comment,seed_2025,seed_2027,48887,99.95090719414159,99.96113486202876,48854,99.93249739194468,99.95295272771902,0.9995294310207254,0.4464208437139984,0.23680616552827724,0.4465593208287058,0.23686862391770913,0.44638044278970707,0.2368023507204318,5,15,1,articles_comments
comment,seed_2026,seed_2027,48887,99.93045185836725,99.96113486202876,48843,99.90999652259292,99.92840632478982,0.9992839314210893,0.4437658036966543,0.2578209886332361,0.44401009679801984,0.25792645178763757,0.4437417418451117,0.2578285953006365,5,15,1,articles_comments
article_passage,seed_2025,seed_2026,48887,99.8486305152699,99.87522245177655,48788,99.79749217583407,99.87113138462168,0.9987103641685943,0.7264791775043213,0.5375895753149286,0.7273600537089273,0.5379112412306375,0.7264741369566983,0.5376763352382072,5,15,3,articles_comments
article_passage,seed_2025,seed_2027,48887,99.8486305152699,99.8486305152699,48781,99.78317344079203,99.86908585104425,0.9986897328283345,0.6740245909092994,0.2538734602591266,0.6746948038684862,0.2539446058009755,0.6739374177229862,0.2538256496535747,5,15,3,articles_comments
article_passage,seed_2026,seed_2027,48887,99.87522245177655,99.8486305152699,48786,99.7934011086792,99.86294925031194,0.9986285386772562,0.6736765332279595,0.28776349197247025,0.6745042649867953,0.2879753238720567,0.6736384917455251,0.2877503223135518,5,15,3,articles_comments
comment,seed_2025,seed_2026,48887,99.89363225397345,99.89567778755088,48818,99.85885818315707,99.92840632478982,0.9992835649806563,0.5188952447197835,0.26173211371654337,0.518980181400316,0.2617493616117572,0.518672510781955,0.26167629312620344,5,15,3,articles_comments
comment,seed_2025,seed_2027,48887,99.89363225397345,99.89772332112832,48821,99.86499478388939,99.938633992677,0.9993858876993306,0.36396965336881665,0.019484277260514035,0.36374800224544573,0.019466546215177703,0.36357232833013037,0.019462551196028674,5,15,3,articles_comments
comment,seed_2026,seed_2027,48887,99.89567778755088,99.89772332112832,48814,99.85067604884735,99.90795098901548,0.9990789823778629,0.3727107982404077,0.03656362782928324,0.37271827321500345,0.03656716048329322,0.37245529573215275,0.036546760747940714,5,15,3,articles_comments
article_passage,seed_2025,seed_2026,48887,99.76885470575,99.68294229549778,48694,99.6052120195553,99.75862703786282,0.9975825616651643,0.6052940441334066,0.08451572553600083,0.606382841961489,0.08443052440615129,0.6049614071436793,0.08439326921052324,5,15,5,articles_comments
article_passage,seed_2025,seed_2027,48887,99.76885470575,99.74226276924337,48713,99.64407715752654,99.77703684005974,0.9977673999426488,0.6979207380654091,0.4195087123186197,0.6993228905500954,0.4198581956295371,0.6978221741158777,0.4195361654653042,5,15,5,articles_comments
article_passage,seed_2026,seed_2027,48887,99.68294229549778,99.74226276924337,48686,99.58884775093583,99.75249043713052,0.9975208474194276,0.6186423107388103,0.1668607192746998,0.6198360974735801,0.16694073737768525,0.618314429642843,0.16674987148508544,5,15,5,articles_comments
comment,seed_2025,seed_2026,48887,99.85272158242478,99.75249043713052,48746,99.71157976558185,99.81794751160841,0.9981775366028464,0.33136262076144485,0.02078532127089363,0.33124303165705815,0.020772778258058726,0.3307381211359652,0.020744491346897112,5,15,5,articles_comments
comment,seed_2025,seed_2027,48887,99.85272158242478,99.85885818315707,48795,99.81181091087609,99.91204205617035,0.9991195380646218,0.432224940996365,0.05229050146620062,0.43194220576490866,0.05225277891331522,0.4317383689907091,0.052239753250666016,5,15,5,articles_comments
comment,seed_2026,seed_2027,48887,99.75249043713052,99.85885818315707,48752,99.72385296704645,99.83635731380531,0.9983617300131061,0.38099752026573247,0.23398170817341513,0.38086542193237777,0.23387313102297042,0.38035047315098436,0.23383070630952074,5,15,5,articles_comments
article_passage,seed_2025,seed_2026,48887,99.5254362100354,99.50498087426105,48566,99.34338372164379,99.65635035899115,0.9965527147371445,0.738323372503737,0.5008877350643419,0.7404908138709724,0.5021075587064364,0.7380373974013457,0.5009723547715493,5,15,10,articles_comments
article_passage,seed_2025,seed_2027,48887,99.5254362100354,99.4415693333606,48536,99.28201771432079,99.59702988524558,0.9959575646892249,0.7016753815391253,0.3877787952404269,0.7039671326328857,0.3887852451288214,0.7013073003802923,0.3876469950355692,5,15,10,articles_comments
article_passage,seed_2026,seed_2027,48887,99.50498087426105,99.4415693333606,48529,99.26769897927873,99.58884775093583,0.9958752308639441,0.7064326158295806,0.3538743770820761,0.7089365308866975,0.35466890992212674,0.7060709749571783,0.353618517132855,5,15,10,articles_comments
comment,seed_2025,seed_2026,48887,99.80362877656637,99.77294577290486,48751,99.72180743346902,99.86704031746682,0.9986684693543101,0.5982268638405414,0.3256960241175556,0.5984682460460379,0.3262468306486825,0.5977906771939534,0.325619878571459,5,15,10,articles_comments
comment,seed_2025,seed_2027,48887,99.80362877656637,99.74226276924337,48729,99.67680569476548,99.80771984372123,0.9980746779181943,0.4898050173529391,0.07225328096263643,0.4900525283279173,0.07237964416735189,0.4892926983478992,0.07216615601530857,5,15,10,articles_comments
comment,seed_2026,seed_2027,48887,99.77294577290486,99.74226276924337,48726,99.67066909403319,99.82612964591814,0.9982585892524226,0.49146469796154396,0.09735868241259198,0.49160773384040346,0.09744768241945023,0.4908046242182976,0.09724287505578812,5,15,10,articles_comments
article_passage,seed_2025,seed_2026,48887,99.19201423691369,99.12451162885839,48321,98.84222799517254,99.367930124573,0.9936458975940777,0.6369707279848084,0.22364056674897106,0.6398112515191428,0.22384122448136945,0.6359578985819275,0.2229081376313591,5,15,15,articles_comments
article_passage,seed_2025,seed_2027,48887,99.19201423691369,99.2104240391106,48388,98.9792787448606,99.55611921369689,0.9955354387408702,0.7224375368134405,0.4611966466689545,0.7248053184173546,0.4623525906208078,0.7216041014287374,0.4606783427118856,5,15,15,articles_comments
article_passage,seed_2026,seed_2027,48887,99.12451162885839,99.2104240391106,48337,98.87495653241149,99.41497739685397,0.9941180099952698,0.6392136896076602,0.21869613895994924,0.6415928954163159,0.21843398828088256,0.6381156101243183,0.21779287656216675,5,15,15,articles_comments
comment,seed_2025,seed_2026,48887,99.72589850062388,99.69316996338495,48695,99.60725755313274,99.79544664225664,0.9979506096936162,0.4906513380440922,0.158334004764262,0.4907455379275541,0.15831893623682886,0.4897451752098426,0.15812211210227547,5,15,15,articles_comments
comment,seed_2025,seed_2027,48887,99.72589850062388,99.76271810501768,48721,99.66044142614601,99.83226624665043,0.998319775423642,0.5839863163454807,0.2692682845645006,0.584313357737311,0.269387844154301,0.5834021109502879,0.26916179770346116,5,15,15,articles_comments
comment,seed_2026,seed_2027,48887,99.69316996338495,99.76271810501768,48704,99.62566735532964,99.79544664225664,0.9979509876239653,0.4719968760781773,0.08782249668123566,0.4720527261653176,0.08775550398060564,0.4711714849191281,0.08769126815493963,5,15,15,articles_comments
article_passage,seed_2025,seed_2026,48887,99.88749565324115,99.75249043713052,48736,99.69112442980752,99.74226276924337,0.9974213089926732,0.4042363083121289,0.01685806026510184,0.40504221677564206,0.01685376516180105,0.40411091228001245,0.016852682345415523,5,20,1,articles_comments
article_passage,seed_2025,seed_2027,48887,99.88749565324115,99.90181438828319,48811,99.84453944811504,99.89976885470575,0.9989971346704871,0.6863764174554494,0.7074548522552327,0.6869989503906194,0.7079188642825684,0.6863564923816905,0.7076075413415097,5,20,1,articles_comments
article_passage,seed_2026,seed_2027,48887,99.75249043713052,99.90181438828319,48747,99.71362529915928,99.77294577290486,0.9977281100331573,0.4003914766853747,0.016894649355153665,0.4009074292399536,0.016882350076729023,0.40019924444659233,0.016887361267422813,5,20,1,articles_comments
comment,seed_2025,seed_2026,48887,99.94067952625443,99.84044838096018,48800,99.82203857876327,99.86294925031194,0.9986289315898255,0.11056575764214024,0.00411636610773814,0.11030342339128917,0.004102981537159123,0.11026472313612393,0.004110266612920952,5,20,1,articles_comments
comment,seed_2025,seed_2027,48887,99.94067952625443,99.92431525763496,48840,99.90385992186062,99.94272505983186,0.9994270279119261,0.42790772883213735,0.17448122218607304,0.4280061876397243,0.17449614183640627,0.4277676432782668,0.17445140467213016,5,20,1,articles_comments
comment,seed_2026,seed_2027,48887,99.84044838096018,99.92431525763496,48801,99.8240841123407,99.88340458608627,0.9988333538008105,0.10386658286540858,0.0012100780581469587,0.10343722914891998,0.0012023736946143715,0.10338019540152801,0.0012055328350796834,5,20,1,articles_comments
article_passage,seed_2025,seed_2026,48887,99.80771984372123,99.80771984372123,48756,99.73203510135619,99.8486305152699,0.9984845381937334,0.694089166923213,0.45181642324321,0.695000587226759,0.4526036129866651,0.693959959259576,0.45182352910506035,5,20,3,articles_comments
article_passage,seed_2025,seed_2027,48887,99.80771984372123,99.83635731380531,48768,99.75658150428539,99.86908585104425,0.9986893840104849,0.6754812739104604,0.37102628523955705,0.6761472360894879,0.3713088270948383,0.6753107847088842,0.37097839339911026,5,20,3,articles_comments
article_passage,seed_2026,seed_2027,48887,99.80771984372123,99.83635731380531,48764,99.74839936997566,99.85272158242478,0.9985256777786878,0.7004444883894183,0.5072823302386693,0.7013166772963426,0.5079973416345152,0.7003503213831658,0.5073470965706639,5,20,3,articles_comments
comment,seed_2025,seed_2026,48887,99.85681264957964,99.89158672039602,48804,99.830220713073,99.91204205617035,0.9991197002886564,0.4191569866338975,0.2062376883903869,0.41914137091849596,0.2064327755053006,0.41877258074902823,0.2061907311428116,5,20,3,articles_comments
comment,seed_2025,seed_2027,48887,99.85681264957964,99.88340458608627,48801,99.8240841123407,99.90795098901548,0.9990787372558654,0.39191889488547815,0.03237447418938454,0.391742733578409,0.0323528305985989,0.39150405637341956,0.03233876308126635,5,20,3,articles_comments
comment,seed_2026,seed_2027,48887,99.89158672039602,99.88340458608627,48808,99.83840284738274,99.90181438828319,0.9990175208776814,0.44087712192878603,0.07767449688065749,0.4409962664870955,0.07773971092796697,0.44064564470247597,0.07764276030455192,5,20,3,articles_comments
article_passage,seed_2025,seed_2026,48887,99.7443083028208,99.70748869842699,48702,99.62157628817478,99.79135557510178,0.9979100073764445,0.7114592925117943,0.4876915885366059,0.712745760551576,0.48805507648855095,0.7112753136351038,0.487734476632289,5,20,5,articles_comments
article_passage,seed_2025,seed_2027,48887,99.7443083028208,99.73817170208848,48716,99.65021375825884,99.81794751160841,0.9981764163507837,0.7483713632750304,0.6814107485450821,0.749505297345579,0.6820828875053461,0.748244793700385,0.6816861042369871,5,20,5,articles_comments
article_passage,seed_2026,seed_2027,48887,99.70748869842699,99.73817170208848,48698,99.61339415386503,99.7811279072146,0.9978076016801557,0.7133887174310244,0.5131857353401811,0.7147670972433198,0.5141170311057603,0.7132269017931446,0.5132697311245284,5,20,5,articles_comments
comment,seed_2025,seed_2026,48887,99.8486305152699,99.82612964591814,48783,99.78726450794689,99.89976885470575,0.9989965596330275,0.46241497717626107,0.05868420104704724,0.4622431475754981,0.05863588889188448,0.4619127605515065,0.058615249379367046,5,20,5,articles_comments
comment,seed_2025,seed_2027,48887,99.8486305152699,99.85681264957964,48795,99.81181091087609,99.91817865690265,0.9991809153271219,0.5689496267372851,0.2610019982987512,0.5688652421918938,0.26095783004152207,0.5686124214353122,0.26091283995382386,5,20,5,articles_comments
comment,seed_2026,seed_2027,48887,99.82612964591814,99.85681264957964,48784,99.78931004152433,99.89567778755088,0.9989556670420805,0.46210217412234234,0.09109025508312532,0.4619886245282037,0.09102153357026951,0.4616373131258676,0.091027926993134,5,20,5,articles_comments
article_passage,seed_2025,seed_2026,48887,99.42725059831858,98.75836111849776,48213,98.6213103688097,99.05700902080308,0.9905288244237169,0.4982224176005836,0.04961769241363389,0.5014571615624716,0.04943025288506409,0.49681808192643234,0.04934269851403879,5,20,10,articles_comments
article_passage,seed_2025,seed_2027,48887,99.42725059831858,99.36997565815044,48501,99.2104240391106,99.62362182175221,0.9962206018280785,0.7387497136208947,0.5520602415709113,0.7409751562305071,0.5533279759553082,0.7382838290145705,0.5521771320130531,5,20,10,articles_comments
article_passage,seed_2026,seed_2027,48887,98.75836111849776,99.36997565815044,48213,98.6213103688097,99.11428396097122,0.9910989598322575,0.5140772210972753,0.06885522236488742,0.517005312752802,0.06851246869361491,0.5124550055137932,0.06848860403984783,5,20,10,articles_comments
comment,seed_2025,seed_2026,48887,99.76885470575,99.42520506474114,48588,99.38838546034732,99.58271115020352,0.9958189867191343,0.25328767082743153,0.011240558609587609,0.25253737043714686,0.011114272693359477,0.2516461110685143,0.011124898910920866,5,20,10,articles_comments
comment,seed_2025,seed_2027,48887,99.76885470575,99.73612616851105,48728,99.67476016118805,99.84453944811504,0.9984427505942136,0.5548034953613982,0.201146549961838,0.554984702243827,0.20128952153918334,0.5541934556192765,0.20101165092325868,5,20,10,articles_comments
comment,seed_2026,seed_2027,48887,99.42520506474114,99.73612616851105,48585,99.38224885961503,99.60316648597787,0.9960228786978003,0.2708850918142205,0.04354066354031625,0.26987525693665787,0.04319048880729547,0.269019181548358,0.04333984367820722,5,20,10,articles_comments
article_passage,seed_2025,seed_2026,48887,98.26947859349112,98.59267289872562,47865,97.9094646838628,98.95677787550883,0.9894573643410852,0.6055311158932293,0.48588211480788307,0.6100183534206387,0.48932286179485146,0.602693574493956,0.4844040416391666,5,20,15,articles_comments
article_passage,seed_2025,seed_2027,48887,98.26947859349112,99.11837502812608,47956,98.09560823940924,98.80336285720131,0.9879483323376115,0.5078452229267406,0.11105467894590017,0.5114422733035437,0.11055615707898042,0.5055402459956557,0.11034404743343293,5,20,15,articles_comments
article_passage,seed_2026,seed_2027,48887,98.59267289872562,99.11837502812608,48094,98.3778918730951,99.04473581933847,0.9903832293404172,0.5613167640954894,0.15866142249507448,0.5648765609137101,0.15856687206416636,0.5594950121469701,0.1580218729397346,5,20,15,articles_comments
comment,seed_2025,seed_2026,48887,99.34133818806636,99.4170229304314,48499,99.20633297195573,99.6543048254137,0.9965274923974685,0.42643773534030144,0.44130408416747735,0.4244857676149012,0.43833013362617507,0.42211548910127694,0.43798905701812163,5,20,15,articles_comments
comment,seed_2025,seed_2027,48887,99.34133818806636,99.65635035899115,48536,99.28201771432079,99.56634688158405,0.995651103635021,0.28490673697551344,0.05565118547388921,0.28362826832703675,0.05501340659186994,0.2822956626249427,0.055136630196821704,5,20,15,articles_comments
comment,seed_2026,seed_2027,48887,99.4170229304314,99.65635035899115,48565,99.34133818806636,99.60930308671017,0.9960825334317828,0.34162200976875345,0.07034759681048439,0.34102387225075775,0.0698168606141959,0.3395032418776133,0.06987678230108171,5,20,15,articles_comments
article_passage,seed_2025,seed_2026,48887,99.84044838096018,99.92226972405753,48783,99.78726450794689,99.81181091087609,0.9981176470588236,0.4625640483332915,0.02967453311780025,0.4633096296082335,0.029703468590562138,0.46255050827039607,0.02967211947315056,10,5,1,articles_comments
article_passage,seed_2025,seed_2027,48887,99.84044838096018,99.80976537729866,48743,99.70544316484956,99.76067257144025,0.9976054031927958,0.44970808474808105,0.2197920070740866,0.4506410716893269,0.2201605355877499,0.4495877947151449,0.21970419570749988,10,5,1,articles_comments
article_passage,seed_2026,seed_2027,48887,99.92226972405753,99.80976537729866,48776,99.77294577290486,99.81385644445353,0.9981378026070763,0.41474192622281125,0.015872897568020617,0.41520172864912114,0.015864403938148666,0.4146358410011942,0.015867862661891836,10,5,1,articles_comments
comment,seed_2025,seed_2026,48887,99.91613312332522,99.94886166056416,48832,99.88749565324115,99.90999652259292,0.9990997626647025,0.18817959528339026,0.004428912740908173,0.18815815048599868,0.004422606884697914,0.1880539708004301,0.0044258077638046,10,5,1,articles_comments
comment,seed_2025,seed_2027,48887,99.91613312332522,99.90590545543805,48813,99.8486305152699,99.87522245177655,0.9987518926218439,0.22441918094832897,0.22294369619467197,0.22437325903755184,0.22248489033595742,0.22420173636857316,0.22273126969360701,10,5,1,articles_comments
comment,seed_2026,seed_2027,48887,99.94886166056416,99.90590545543805,48828,99.87931351893141,99.90385992186062,0.9990383631713555,0.14287377117366157,0.0028980093996115153,0.14274885706185114,0.00288914121756799,0.14270618193335752,0.0028946754784689916,10,5,1,articles_comments
article_passage,seed_2025,seed_2026,48887,99.75862703786282,99.90181438828319,48748,99.71567083273672,99.77090023932743,0.9977077363896848,0.44744441983357625,0.024323245867165527,0.44820780037925967,0.024323719885045243,0.44730339884794756,0.02431478986674652,10,5,3,articles_comments
article_passage,seed_2025,seed_2027,48887,99.75862703786282,99.78726450794689,48707,99.63180395606194,99.71771636631416,0.9971747364110963,0.4796382284007006,0.2905918149408072,0.48085062990215327,0.2911003153669223,0.47942540986717896,0.2904670266542247,10,5,3,articles_comments
article_passage,seed_2026,seed_2027,48887,99.90181438828319,99.78726450794689,48759,99.73817170208848,99.78726450794689,0.9978716001882815,0.4394513014574188,0.022463077835314572,0.44019576455763276,0.022468596261248114,0.4393330560339867,0.022456368562839307,10,5,3,articles_comments
comment,seed_2025,seed_2026,48887,99.87931351893141,99.93658845909955,48813,99.8486305152699,99.88135905250884,0.998813202103497,0.19283168893490055,0.006323879721354843,0.19270294373166544,0.006307321933746811,0.19261928129950365,0.006316676788953631,10,5,3,articles_comments
comment,seed_2025,seed_2027,48887,99.87931351893141,99.87522245177655,48796,99.81385644445353,99.8731769181991,0.9987310164149167,0.26181654508835384,0.27507138217248006,0.26144759413393076,0.2743992945160839,0.2612665275502605,0.2746701721153473,10,5,3,articles_comments
comment,seed_2026,seed_2027,48887,99.93658845909955,99.87522245177655,48810,99.84249391453761,99.8731769181991,0.9987313799312489,0.18717318885278106,0.006112755534344354,0.18716584165101663,0.006098174245844097,0.1869751178322665,0.006106100242539417,10,5,3,articles_comments
article_passage,seed_2025,seed_2026,48887,99.74635383639823,99.73612616851105,48676,99.5683924151615,99.6543048254137,0.9965400757498208,0.47508902505790396,0.27783586635253626,0.476617037095331,0.27819317235923685,0.47490370679793914,0.27771753307713376,10,5,5,articles_comments
article_passage,seed_2025,seed_2027,48887,99.74635383639823,99.81385644445353,48709,99.6358950232168,99.71157976558185,0.9971136131013306,0.47462992568426443,0.041077691255728806,0.47577203012448555,0.04107118952996442,0.4744660279036789,0.04106284418755717,10,5,5,articles_comments
article_passage,seed_2026,seed_2027,48887,99.73612616851105,99.81385644445353,48701,99.61953075459733,99.68907889623007,0.99688862505885,0.4459715783440779,0.032516916227793076,0.4470670406629439,0.032524668204898,0.44581610997575294,0.032505394192731296,10,5,5,articles_comments
comment,seed_2025,seed_2026,48887,99.85067604884735,99.84044838096018,48776,99.77294577290486,99.85476711600221,0.9985464818719676,0.2804380544498005,0.29723172072884096,0.2800590968342624,0.29660025362736064,0.2796952950086224,0.29675964235350055,10,5,5,articles_comments
comment,seed_2025,seed_2027,48887,99.85067604884735,99.91613312332522,48796,99.81385644445353,99.86090371673451,0.9986083824492469,0.22098042834676151,0.006910363763682934,0.22083507370861305,0.006891457690625328,0.22066816091544342,0.0069002801559187,10,5,5,articles_comments
comment,seed_2026,seed_2027,48887,99.84044838096018,99.91613312332522,48790,99.80158324298894,99.84658498169247,0.9984651591118388,0.20339507062334505,0.0062961661690643135,0.2032750255888655,0.0062763735875976615,0.20308820002923642,0.0062867580961896204,10,5,5,articles_comments
article_passage,seed_2025,seed_2026,48887,99.66248695972344,99.68294229549778,48633,99.48043447133185,99.61543968744246,0.9961491980909855,0.5428135319294359,0.2213543305322992,0.5445875572223188,0.22172406842849524,0.5425528408864789,0.22128293828693993,10,5,10,articles_comments
article_passage,seed_2025,seed_2027,48887,99.66248695972344,99.52339067645795,48585,99.38224885961503,99.57862008304866,0.995777909860425,0.4957690338377335,0.18076929438556386,0.4972336520038592,0.18093974385074055,0.495139461203347,0.18059086696158824,10,5,10,articles_comments
article_passage,seed_2026,seed_2027,48887,99.68294229549778,99.52339067645795,48593,99.3986131282345,99.59089328451326,0.9959010513803209,0.5097702464703046,0.21922756933334975,0.5112686195286479,0.2194736233213458,0.5091863819826072,0.21908332987446705,10,5,10,articles_comments
comment,seed_2025,seed_2026,48887,99.82817517949557,99.81999304518584,48762,99.7443083028208,99.84044838096018,0.9984029484029484,0.35185243004396927,0.3011790795153429,0.3517390777362647,0.301098357354795,0.3512360756739675,0.30093098459652995,10,5,10,articles_comments
comment,seed_2025,seed_2027,48887,99.82817517949557,99.77499130648229,48745,99.70953423200442,99.81590197803098,0.9981570594860244,0.2839665960914552,0.21707258297291573,0.283496640684685,0.2165854684178355,0.2830728316120529,0.21665217239711057,10,5,10,articles_comments
comment,seed_2026,seed_2027,48887,99.81999304518584,99.77499130648229,48738,99.69521549696239,99.79544664225664,0.9979524141037717,0.2991460221020243,0.2505186721286734,0.2989597710448232,0.2499980225115737,0.29835761141954265,0.2500893991629539,10,5,10,articles_comments
article_passage,seed_2025,seed_2026,48887,99.36179352384069,99.36383905741812,48412,99.028371550719,99.3311105201792,0.9932907938201441,0.5001924836006066,0.27237707672014133,0.5027108214617702,0.27305147606362506,0.4992941338684443,0.27213756450420656,10,5,15,articles_comments
article_passage,seed_2025,seed_2027,48887,99.36179352384069,99.19815083764601,48361,98.9240493382699,99.28815431505308,0.9928555297788909,0.4919333302324291,0.24714452473118698,0.4943591229287273,0.24807614135213774,0.4907383892053125,0.2468199558978783,10,5,15,articles_comments
article_passage,seed_2026,seed_2027,48887,99.36383905741812,99.19815083764601,48357,98.91586720396015,99.26974451285618,0.9926715112698609,0.48610401433906597,0.2795463468953417,0.48855452621379525,0.2808373565786718,0.48493728539566894,0.279192177432558,10,5,15,articles_comments
comment,seed_2025,seed_2026,48887,99.77908237363717,99.7197618998916,48708,99.63384948963937,99.76885470575,0.9976854222568157,0.3295904892691577,0.28736713678793974,0.32930309771945415,0.2868208521229718,0.3285472013165368,0.28684754862659123,10,5,15,articles_comments
comment,seed_2025,seed_2027,48887,99.77908237363717,99.74839936997566,48714,99.64612269110398,99.76476363859513,0.9976448422044277,0.3099051064978351,0.2703869770818783,0.3094395819359822,0.26946293846692465,0.30893808502143877,0.26985514137030103,10,5,15,articles_comments
comment,seed_2026,seed_2027,48887,99.7197618998916,99.74839936997566,48698,99.61339415386503,99.75862703786282,0.9975827597509014,0.32283164096647166,0.3234755253618346,0.32246374230671115,0.3226510860713182,0.3215385385462533,0.3226597043994802,10,5,15,articles_comments
article_passage,seed_2025,seed_2026,48887,99.86294925031194,99.77294577290486,48740,99.69930656411725,99.76271810501768,0.9976256754543966,0.5619036021867728,0.06847024528550714,0.5630569159773708,0.06854845818106692,0.5618387295284499,0.06845674086149958,10,10,1,articles_comments
article_passage,seed_2025,seed_2027,48887,99.86294925031194,99.84658498169247,48776,99.77294577290486,99.83635731380531,0.9983625347961356,0.6955528190570843,0.47774226146936855,0.6966583974262268,0.47843325332941916,0.6955650818887211,0.4778426576066074,10,10,1,articles_comments
article_passage,seed_2026,seed_2027,48887,99.77294577290486,99.84658498169247,48737,99.69316996338495,99.76680917217257,0.9976663732574563,0.5484480723412796,0.05993806237338813,0.5494903886861238,0.05999482296632203,0.5483371169603561,0.059920491145460025,10,10,1,articles_comments
comment,seed_2025,seed_2026,48887,99.94067952625443,99.86908585104425,48814,99.85067604884735,99.89158672039602,0.998915423496429,0.23608074885274377,0.008681393475507785,0.23606633539224933,0.008669479305991306,0.23581127456292486,0.00867264041575186,10,10,1,articles_comments
comment,seed_2025,seed_2027,48887,99.94067952625443,99.88954118681859,48824,99.87113138462168,99.91204205617035,0.9991200605725745,0.5124303108148693,0.2564142018312653,0.5126453842824591,0.256631083987377,0.5123438460937798,0.2564064401948543,10,10,1,articles_comments
comment,seed_2026,seed_2027,48887,99.86908585104425,99.88954118681859,48789,99.7995377094115,99.84044838096018,0.9984038308060654,0.22878360966040412,0.004863909359855289,0.22881337543441443,0.004856007656587012,0.22856621076393258,0.004858768009575532,10,10,1,articles_comments
article_passage,seed_2025,seed_2026,48887,99.77294577290486,99.78726450794689,48722,99.66248695972344,99.76476363859513,0.9976452280033581,0.6776515515123177,0.3369931605165148,0.6791622435162988,0.3379512646176773,0.6776061814467149,0.33701409014670924,10,10,3,articles_comments
article_passage,seed_2025,seed_2027,48887,99.77294577290486,99.77703684005974,48724,99.66657802687831,99.78317344079203,0.997829203358591,0.6790116061088071,0.42056408549515784,0.6803140357281895,0.42174325206054186,0.678920143022578,0.42060869446054455,10,10,3,articles_comments
article_passage,seed_2026,seed_2027,48887,99.78726450794689,99.77703684005974,48731,99.68089676192035,99.79749217583407,0.9979725578537784,0.7162786429848365,0.6013785746050981,0.71763002255731,0.6023744535203895,0.716229840462922,0.6016054915676408,10,10,3,articles_comments
comment,seed_2025,seed_2026,48887,99.85885818315707,99.89158672039602,48800,99.82203857876327,99.89363225397345,0.9989355604683534,0.44625397741346556,0.05102291575630053,0.4463249224167939,0.05105424899205095,0.44596609509169327,0.05099042188618303,10,10,3,articles_comments
comment,seed_2025,seed_2027,48887,99.85885818315707,99.84249391453761,48782,99.78521897436946,99.86908585104425,0.9986897596527863,0.4368148315293442,0.042082968059443185,0.4369402406609921,0.04216405817248524,0.43647273695361677,0.042048034918364785,10,10,3,articles_comments
comment,seed_2026,seed_2027,48887,99.89158672039602,99.84249391453761,48795,99.81181091087609,99.88954118681859,0.9988945526008721,0.558683553938743,0.28578743810374213,0.5589660048128597,0.286341469156764,0.5584818907109271,0.28575867900581864,10,10,3,articles_comments
article_passage,seed_2025,seed_2026,48887,99.70953423200442,99.72385296704645,48680,99.57657454947123,99.7197618998916,0.9971936005899584,0.7108056022811154,0.5751929932375456,0.7126700557523731,0.5763645038500738,0.7107524458194738,0.5754773252509734,10,10,5,articles_comments
article_passage,seed_2025,seed_2027,48887,99.70953423200442,99.68498782907521,48671,99.55816474727432,99.72180743346902,0.9972135144548938,0.7221847670381828,0.6238687101880808,0.7239395911580595,0.6256857328427633,0.7221081399096275,0.6242296473111841,10,10,5,articles_comments
article_passage,seed_2026,seed_2027,48887,99.72385296704645,99.68498782907521,48676,99.5683924151615,99.72794403420131,0.9972750927083119,0.7264784425256609,0.6505435307210388,0.7283538054946288,0.6519379909145159,0.7264123201890106,0.6509678311715835,10,10,5,articles_comments
comment,seed_2025,seed_2026,48887,99.8240841123407,99.86090371673451,48779,99.77908237363717,99.8731769181991,0.9987305747220573,0.502843165799087,0.09935542312472267,0.5029826655932848,0.0994457002302479,0.5025128759525938,0.0993009598996298,10,10,5,articles_comments
comment,seed_2025,seed_2027,48887,99.8240841123407,99.830220713073,48773,99.76680917217257,99.87931351893141,0.9987917758846658,0.524462691110275,0.1288629100301531,0.5245912812794938,0.1289284911404613,0.5240603297242487,0.12879020285589501,10,10,5,articles_comments
comment,seed_2026,seed_2027,48887,99.86090371673451,99.830220713073,48779,99.77908237363717,99.86704031746682,0.9986692326590779,0.582194151045393,0.287786576944394,0.5825879240161741,0.2881848311243325,0.5819880390473591,0.28775683677133856,10,10,5,articles_comments
article_passage,seed_2025,seed_2026,48887,99.56430134800662,99.0345081514513,48337,98.87495653241149,99.15110356536503,0.9914875287167706,0.47015289490226597,0.07091695048505689,0.4733834025814865,0.0708599634119321,0.46931007712067463,0.07076751344218024,10,10,10,articles_comments
article_passage,seed_2025,seed_2027,48887,99.56430134800662,99.52952727719025,48558,99.32701945302432,99.56021028085176,0.9955918233448834,0.6768749836275078,0.3611373894813732,0.6795575804618055,0.36247840663588976,0.6766644604433057,0.3611450138827736,10,10,10,articles_comments
article_passage,seed_2026,seed_2027,48887,99.0345081514513,99.52952727719025,48347,98.89541186818582,99.22678830773008,0.9922421754746024,0.47690927086684454,0.07541625744901932,0.4797472921743561,0.07536750893725701,0.47576523161989975,0.07521877292391753,10,10,10,articles_comments
comment,seed_2025,seed_2026,48887,99.79749217583407,99.5683924151615,48640,99.49475320637389,99.62362182175221,0.9962313616254301,0.24438733763136164,0.05333197754292008,0.24399879823095771,0.05281466228612868,0.24332781231823028,0.05313368472169959,10,10,10,articles_comments
comment,seed_2025,seed_2027,48887,99.79749217583407,99.7443083028208,48737,99.69316996338495,99.84453944811504,0.9984430377153627,0.4806244436415602,0.17086433754969058,0.4806116209241861,0.17085659553156052,0.47990818646023037,0.1707026058714234,10,10,10,articles_comments
comment,seed_2026,seed_2027,48887,99.5683924151615,99.7443083028208,48637,99.48861660564158,99.66453249330087,0.9966394131267802,0.26367550741516693,0.11069547542460811,0.2629393292222463,0.11009639341081458,0.2621127094763339,0.11022583572331213,10,10,10,articles_comments
article_passage,seed_2025,seed_2026,48887,98.94655020762166,98.31243479861722,47909,97.99946816126986,98.73995131630086,0.9873055126223597,0.49037575518632753,0.2865677164081317,0.49478053677786704,0.2864298741332701,0.4877255402585124,0.2849450077902785,10,10,15,articles_comments
article_passage,seed_2025,seed_2027,48887,98.94655020762166,99.03246261787388,48173,98.53948902571236,99.09996522592918,0.9909489231275584,0.5712524318669848,0.3061554283062752,0.5751042812719749,0.3074788887744288,0.5699164879523588,0.3056227838595377,10,10,15,articles_comments
article_passage,seed_2026,seed_2027,48887,98.31243479861722,99.03246261787388,47913,98.00765029557961,98.67040317466811,0.9866153244239442,0.4824426772049548,0.19586457978841362,0.48711926995043153,0.19585860701510197,0.4802809495726784,0.19498634488432884,10,10,15,articles_comments
comment,seed_2025,seed_2026,48887,99.58271115020352,99.39452206107964,48532,99.27383558001105,99.57043794873893,0.9956916006729309,0.3366444910732107,0.3184938203217094,0.33522401634660254,0.3145579612664311,0.3334510968946175,0.3158811505926166,10,10,15,articles_comments
comment,seed_2025,seed_2027,48887,99.58271115020352,99.66657802687831,48633,99.48043447133185,99.71157976558185,0.9971091155123631,0.4069770618072764,0.3739343125699841,0.40646956555545455,0.37286669623372154,0.40520034858895193,0.37293276545466814,10,10,15,articles_comments
comment,seed_2026,seed_2027,48887,99.39452206107964,99.66657802687831,48551,99.31270071798228,99.56430134800662,0.995632023623985,0.31417086176146913,0.24072917919442133,0.3131403112872493,0.23806462989646304,0.3115971310750434,0.23904703932132204,10,10,15,articles_comments
article_passage,seed_2025,seed_2026,48887,99.65021375825884,99.83635731380531,48677,99.57043794873893,99.6543048254137,0.9965401465831388,0.49052747301359284,0.025795471085462915,0.4919729522603825,0.025798492920743897,0.4903530732657276,0.0257782189047799,10,15,1,articles_comments
article_passage,seed_2025,seed_2027,48887,99.65021375825884,99.62771288890707,48611,99.4354327326283,99.5929388180907,0.9959229666052039,0.5603331817089928,0.38503590015199174,0.5624476018597167,0.3861250112026334,0.5600255963767427,0.3848189812318205,10,15,1,articles_comments
article_passage,seed_2026,seed_2027,48887,99.83635731380531,99.62771288890707,48665,99.54589154580972,99.62771288890707,0.9962740802915225,0.4770575918205404,0.027953645930891547,0.4785057361213902,0.02798063623838502,0.47688515128107944,0.02793901690528248,10,15,1,articles_comments
comment,seed_2025,seed_2026,48887,99.79544664225664,99.91613312332522,48769,99.75862703786282,99.8056743101438,0.998055828421742,0.20341370412272478,0.009216492942970483,0.20346678213788363,0.009188094256187903,0.20310069548825918,0.009205098398671391,10,15,1,articles_comments
comment,seed_2025,seed_2027,48887,99.79544664225664,99.70135209769468,48695,99.60725755313274,99.71771636631416,0.9971740421436324,0.34948032697385806,0.3862079661268328,0.34967891867688955,0.3856142075002289,0.34862457732463575,0.38537502669756535,10,15,1,articles_comments
comment,seed_2026,seed_2027,48887,99.91613312332522,99.70135209769468,48726,99.67066909403319,99.72385296704645,0.9972370602320869,0.1819009593403999,0.008080152681484395,0.18165442112181132,0.00803930931502276,0.18152281980448903,0.008067144768799184,10,15,1,articles_comments
article_passage,seed_2025,seed_2026,48887,99.75453597070796,99.76885470575,48716,99.65021375825884,99.77703684005974,0.9977675371223759,0.7301667484904374,0.49519501176926034,0.73162833511425,0.49595231659529515,0.730134549412971,0.49534065826866536,10,15,3,articles_comments
article_passage,seed_2025,seed_2027,48887,99.75453597070796,99.7197618998916,48704,99.62566735532964,99.77703684005974,0.9977669883022965,0.7314182442263654,0.6092975078242582,0.732760256146434,0.6102787803034563,0.7313353768689368,0.6095776404567488,10,15,3,articles_comments
article_passage,seed_2026,seed_2027,48887,99.76885470575,99.7197618998916,48704,99.62566735532964,99.76271810501768,0.997623924621057,0.7439345114140391,0.6106448187737326,0.7455305925095693,0.6116540808106361,0.7439156508612923,0.6109220684233468,10,15,3,articles_comments
comment,seed_2025,seed_2026,48887,99.86294925031194,99.85885818315707,48799,99.81999304518584,99.91817865690265,0.9991809824115973,0.589583600478265,0.33040752441866106,0.5896890555149673,0.33050890346279005,0.5893034052689611,0.3303529654815754,10,15,3,articles_comments
comment,seed_2025,seed_2027,48887,99.86294925031194,99.85067604884735,48793,99.80771984372123,99.90181438828319,0.9990172191396572,0.5740535483395548,0.30897859186403626,0.5742183763945438,0.3093445987943895,0.5737872083556326,0.30893808256562255,10,15,3,articles_comments
comment,seed_2026,seed_2027,48887,99.85885818315707,99.85067604884735,48795,99.81181091087609,99.9140875897478,0.99913999631427,0.5710671795524629,0.24085514695190613,0.5711237797458202,0.24104156366295934,0.5707498320077612,0.24078651751231112,10,15,3,articles_comments
article_passage,seed_2025,seed_2026,48887,99.67680569476548,99.65839589256858,48657,99.52952727719025,99.72385296704645,0.9972331529758977,0.7289429367525606,0.4415799473369913,0.7307652452207732,0.44238024617143573,0.7288167353589139,0.4416206303520125,10,15,5,articles_comments
article_passage,seed_2025,seed_2027,48887,99.67680569476548,99.63384948963937,48644,99.50293534068362,99.69521549696239,0.9969462832783391,0.7340788667220437,0.5551235582305041,0.736042859799945,0.5561459786080885,0.7339937854171924,0.5554192221526713,10,15,5,articles_comments
article_passage,seed_2026,seed_2027,48887,99.65839589256858,99.63384948963937,48648,99.51111747499336,99.72998956777876,0.9972939729397294,0.7309198038376473,0.45701680366541936,0.7326011963482636,0.4577744301691286,0.7307358673238161,0.4570360253505769,10,15,5,articles_comments
comment,seed_2025,seed_2026,48887,99.830220713073,99.78931004152433,48764,99.74839936997566,99.87726798535398,0.9987710961822055,0.5716580530191762,0.33674353948826197,0.5718203518352204,0.3371464007431857,0.5712303497294204,0.33668238798276945,10,15,5,articles_comments
comment,seed_2025,seed_2027,48887,99.830220713073,99.85885818315707,48788,99.79749217583407,99.90590545543805,0.9990580333374288,0.5781781292194442,0.27191665872122045,0.5782148083355888,0.27200960844380034,0.5778283212469181,0.27186156570324044,10,15,5,articles_comments
comment,seed_2026,seed_2027,48887,99.78931004152433,99.85885818315707,48771,99.76271810501768,99.87726798535398,0.9987712723474842,0.5508080085473593,0.20240553256135124,0.5508962984457526,0.20247071805331474,0.5504137518268448,0.20234104259643546,10,15,5,articles_comments
article_passage,seed_2025,seed_2026,48887,99.46407020271238,99.45179700124778,48538,99.28610878147565,99.65635035899115,0.996550732969244,0.7624539045071616,0.6161272065150922,0.7647405914387856,0.6178938626004092,0.7621555452229527,0.6164862016520214,10,15,10,articles_comments
article_passage,seed_2025,seed_2027,48887,99.46407020271238,99.25133471065928,48455,99.11632949454865,99.51725407572566,0.9951531083773182,0.6949102193346327,0.3363312521979835,0.6974655642448919,0.33725184168387295,0.6943597449059624,0.3359759261887355,10,15,10,articles_comments
article_passage,seed_2026,seed_2027,48887,99.45179700124778,99.25133471065928,48458,99.12246609528096,99.54180047865485,0.9953987099954809,0.6955790021443546,0.3424842819966411,0.6978816848253797,0.34338860984301395,0.6949534822434802,0.3420566842401833,10,15,10,articles_comments
comment,seed_2025,seed_2026,48887,99.79544664225664,99.78726450794689,48756,99.73203510135619,99.88135905250884,0.9988118162822142,0.6455559465483909,0.4499197060963839,0.6458552231281787,0.4504369346668372,0.6451548042876265,0.44987132013344566,10,15,10,articles_comments
comment,seed_2025,seed_2027,48887,99.79544664225664,99.70135209769468,48711,99.63998609037166,99.78317344079203,0.9978286252739824,0.47731281080731036,0.0769708078679143,0.47761115365846113,0.07697586325051513,0.47669037156910604,0.07687877149729554,10,15,10,articles_comments
comment,seed_2026,seed_2027,48887,99.78726450794689,99.70135209769468,48716,99.65021375825884,99.81181091087609,0.9981150631044091,0.4971550454402302,0.11972948991742242,0.4972492884834021,0.11975018053488383,0.4964293279188105,0.11960747961111602,10,15,10,articles_comments
article_passage,seed_2025,seed_2026,48887,98.69699511117474,99.14292143105529,48159,98.51085155562829,99.18178656902653,0.9917625980765666,0.6198437998191667,0.13942457777038506,0.6231338543396104,0.13890742764059041,0.6183968308141983,0.1383992004498621,10,15,15,articles_comments
article_passage,seed_2025,seed_2027,48887,98.69699511117474,99.14701249821016,48152,98.49653282058625,99.14905803178759,0.9914346895074947,0.598477700367013,0.1359815843777248,0.601725773004227,0.13554539794662265,0.5969682702163092,0.13500788624214508,10,15,15,articles_comments
article_passage,seed_2026,seed_2027,48887,99.14292143105529,99.14701249821016,48334,98.86881993167917,99.44770593409291,0.9944449016541849,0.7136556111282628,0.47765714480868715,0.7166971153964619,0.4791613704032424,0.712930971816018,0.4774744765869198,10,15,15,articles_comments
comment,seed_2025,seed_2026,48887,99.59089328451326,99.72794403420131,48656,99.52748174361282,99.73612616851105,0.9973557445936251,0.4371457903422787,0.05878983147937827,0.43716006819532677,0.0586771616468803,0.43595983842606284,0.05859165218666621,10,15,15,articles_comments
comment,seed_2025,seed_2027,48887,99.59089328451326,99.74021723566592,48660,99.53566387792256,99.74021723566592,0.997396847520856,0.42457577686182896,0.07242942744000914,0.42441186311315715,0.0722776877761924,0.4233500806447702,0.07221572782218717,10,15,15,articles_comments
comment,seed_2026,seed_2027,48887,99.72794403420131,99.74021723566592,48724,99.66657802687831,99.86499478388939,0.9986472637835622,0.5946691095205912,0.3250607699823805,0.5947229793563816,0.32531087465137676,0.5939170602303536,0.3249291181357049,10,15,15,articles_comments
article_passage,seed_2025,seed_2026,48887,99.56634688158405,99.5683924151615,48571,99.35361138953095,99.57248348231637,0.9957154571545715,0.551403152076931,0.37494125483895957,0.5534379304375417,0.37619759905036504,0.5508262004399985,0.37465024863256013,10,20,1,articles_comments
article_passage,seed_2025,seed_2027,48887,99.56634688158405,99.77703684005974,48627,99.46816126986725,99.5929388180907,0.9959243026256502,0.49312094026386993,0.032876331294103445,0.4946469543244905,0.032880235090448684,0.492803547054179,0.0328430451882355,10,20,1,articles_comments
article_passage,seed_2026,seed_2027,48887,99.5683924151615,99.77703684005974,48635,99.48452553848671,99.62362182175221,0.9962309756447285,0.49657521006988786,0.036531090376225275,0.49789987911250666,0.036541170264309863,0.4961751446053319,0.036489767698699785,10,20,1,articles_comments
comment,seed_2025,seed_2026,48887,99.69726103053982,99.75658150428539,48689,99.59498435166813,99.73612616851105,0.9973575320578475,0.36492089072142536,0.3911576012063322,0.36490285681946216,0.39051713968583907,0.3637903134970039,0.39017810011835247,10,20,1,articles_comments
comment,seed_2025,seed_2027,48887,99.69726103053982,99.88954118681859,48725,99.66862356045574,99.75044490355309,0.9975024054701415,0.21765697685191848,0.01876871141715258,0.21731724088288762,0.018714228363377973,0.21703787198519406,0.01873144236639349,10,20,1,articles_comments
comment,seed_2026,seed_2027,48887,99.75658150428539,99.88954118681859,48749,99.71771636631416,99.78931004152433,0.9978915909277,0.2119549176630248,0.01680079832614034,0.2117715474102318,0.01676009950692045,0.21142553907051045,0.016768585975876948,10,20,1,articles_comments
article_passage,seed_2025,seed_2026,48887,99.72589850062388,99.42520506474114,48568,99.34747478879866,99.5438460122323,0.9954294849459941,0.5422430154176439,0.06486056517418431,0.5440371929732267,0.0648149741033479,0.5417247273379552,0.06477196760905939,10,20,3,articles_comments
article_passage,seed_2025,seed_2027,48887,99.72589850062388,99.67885122834291,48685,99.5868022173584,99.76885470575,0.9976843313250543,0.7422914187602629,0.6631327288246278,0.7438037074973328,0.6644127889910878,0.7421715362850603,0.6635352312315252,10,20,3,articles_comments
article_passage,seed_2026,seed_2027,48887,99.42520506474114,99.67885122834291,48557,99.32497391944689,99.54589154580972,0.9954488611902663,0.5442021921754535,0.0601809127515232,0.5459743727568752,0.06014496788540783,0.5436022514014253,0.060070985361060925,10,20,3,articles_comments
comment,seed_2025,seed_2026,48887,99.86294925031194,99.68294229549778,48716,99.65021375825884,99.75453597070796,0.9975427962978131,0.2600545733867333,0.014405211110555127,0.2597641131175339,0.014343955816534972,0.2592879858808234,0.014368706827582957,10,20,3,articles_comments
comment,seed_2025,seed_2027,48887,99.86294925031194,99.83635731380531,48790,99.80158324298894,99.90385992186062,0.9990376149231116,0.579699051069803,0.3107213344526466,0.5798599051033976,0.31101071208674214,0.5794021139979726,0.31066895283109164,10,20,3,articles_comments
comment,seed_2026,seed_2027,48887,99.68294229549778,99.83635731380531,48712,99.64203162394911,99.76476363859513,0.9976447457349418,0.2742729202451917,0.01724777472118566,0.2738524104138306,0.01717864640586755,0.2733592860667629,0.017190167709336335,10,20,3,articles_comments
article_passage,seed_2025,seed_2026,48887,99.60316648597787,99.51725407572566,48582,99.37611225888273,99.63180395606194,0.9963086009597637,0.7134957028981895,0.45453123038730786,0.7157225842175005,0.4554846296192231,0.713275704415446,0.4546170264114463,10,20,5,articles_comments
article_passage,seed_2025,seed_2027,48887,99.60316648597787,99.58475668378097,48605,99.4231595311637,99.65839589256858,0.9965759042073321,0.7215601301747097,0.5211553886765374,0.7237500112265112,0.5222944343657949,0.721391789655512,0.5213472027918914,10,20,5,articles_comments
article_passage,seed_2026,seed_2027,48887,99.51725407572566,99.58475668378097,48567,99.34542925522123,99.58884775093583,0.9958784448818898,0.7062433598536387,0.43919661805339716,0.7088037880842762,0.4408828101492835,0.7060741190330422,0.4393089583301621,10,20,5,articles_comments
comment,seed_2025,seed_2026,48887,99.81181091087609,99.72385296704645,48728,99.67476016118805,99.81385644445353,0.998135971650382,0.4956331848027587,0.11620613712270209,0.49587291109092335,0.11633955756989597,0.4950661128588443,0.11611606563833354,10,20,5,articles_comments
comment,seed_2025,seed_2027,48887,99.81181091087609,99.75862703786282,48746,99.71157976558185,99.85272158242478,0.9985251341718219,0.5150114171348124,0.1350152343995779,0.5151293114419325,0.1350997839823658,0.5144421128111315,0.13491601308648724,10,20,5,articles_comments
comment,seed_2026,seed_2027,48887,99.72385296704645,99.75862703786282,48715,99.64816822468141,99.81385644445353,0.9981354751464984,0.5087974079209983,0.28081732333615506,0.5089803537289223,0.2810375999290879,0.5081016254157609,0.28066087874636925,10,20,5,articles_comments
article_passage,seed_2025,seed_2026,48887,99.32701945302432,98.5906273651482,48137,98.46584981692475,99.01405281567696,0.9900861802998827,0.4951574454895224,0.05274672818870901,0.4979441185190316,0.05236681821168321,0.4932324093459264,0.05231784650005691,10,20,10,articles_comments
article_passage,seed_2025,seed_2027,48887,99.32701945302432,99.34542925522123,48465,99.136784830323,99.60112095240044,0.9959926017262639,0.7596147048000417,0.6424443839979338,0.7622353132021757,0.6445083270222128,0.7591958311034765,0.6429131850713178,10,20,10,articles_comments
article_passage,seed_2026,seed_2027,48887,98.5906273651482,99.34542925522123,48130,98.4515310818827,98.967005543396,0.989616531304616,0.5071422193402051,0.058450800186720865,0.5105633646961174,0.05807888597467373,0.5055118272772477,0.05805623927133548,10,20,10,articles_comments
comment,seed_2025,seed_2026,48887,99.74226276924337,99.44361486693805,48589,99.39043099392477,99.59498435166813,0.9959415418041692,0.25250498236056046,0.02482676442684288,0.25164224044017636,0.024584398908578272,0.250634027050842,0.024630696432854152,10,20,10,articles_comments
comment,seed_2025,seed_2027,48887,99.74226276924337,99.71157976558185,48725,99.66862356045574,99.88340458608627,0.9988315362223771,0.622627857379767,0.38643889468619164,0.6225726477515028,0.38650745089691224,0.6218687472973358,0.38630536661950265,10,20,10,articles_comments
comment,seed_2026,seed_2027,48887,99.44361486693805,99.71157976558185,48584,99.3802033260376,99.6052120195553,0.996043217090022,0.26255962897444396,0.03710534658926829,0.2614857788351023,0.03664251017144362,0.26049805060961373,0.036836815191967506,10,20,10,articles_comments
article_passage,seed_2025,seed_2026,48887,98.56198989506413,98.83813692801768,48049,98.28584286211058,99.17155890113936,0.9916415569406034,0.6413501012336261,0.3793412617493062,0.6451003203178115,0.3811674241679796,0.6394144897487688,0.3784750093956737,10,20,15,articles_comments
article_passage,seed_2025,seed_2027,48887,98.56198989506413,99.02223494998671,48095,98.37993740667254,99.17564996829424,0.9916903789847004,0.6076499192215753,0.15216133111750427,0.6107015471146808,0.1514398052366123,0.6056679883520949,0.1510053009108261,10,20,15,articles_comments
article_passage,seed_2026,seed_2027,48887,98.83813692801768,99.02223494998671,48193,98.58039969726103,99.30042751651769,0.9929535386834243,0.6492042295372568,0.2478298221717941,0.652408246519898,0.247816188509334,0.6477718659610504,0.2468816239342795,10,20,15,articles_comments
comment,seed_2025,seed_2026,48887,99.50293534068362,99.61339415386503,48610,99.43338719905087,99.75044490355309,0.9974965115324632,0.513102520965592,0.42819729386359595,0.5127795595104293,0.42798487185329964,0.5111987078403708,0.42739143412697167,10,20,15,articles_comments
comment,seed_2025,seed_2027,48887,99.50293534068362,99.67271462761062,48617,99.44770593409291,99.7197618998916,0.9971899741559667,0.4288119309443951,0.08272680333402645,0.4282629532680667,0.08252072616755794,0.42703798838469065,0.08235439081700295,10,20,15,articles_comments
comment,seed_2026,seed_2027,48887,99.61339415386503,99.67271462761062,48656,99.52748174361282,99.76885470575,0.997682954335746,0.4656808117426211,0.10976370706575687,0.46545115825137856,0.10972067585713906,0.46429786609884105,0.10945524205070176,10,20,15,articles_comments
article_passage,seed_2025,seed_2026,48887,99.68294229549778,99.80158324298894,48678,99.57248348231637,99.66044142614601,0.9966014249447219,0.449754003377008,0.06418065269830896,0.4510674397123229,0.06421779312499189,0.4495213829952085,0.06414257247849128,15,5,1,articles_comments
article_passage,seed_2025,seed_2027,48887,99.68294229549778,99.68089676192035,48639,99.49270767279646,99.62157628817478,0.9962108798951336,0.46525468753363136,0.22750236007164343,0.46669331062238256,0.22806421925940235,0.46485939461584197,0.22731191267543804,15,5,1,articles_comments
article_passage,seed_2026,seed_2027,48887,99.80158324298894,99.68089676192035,48683,99.58271115020352,99.68294229549778,0.996826241860846,0.48347123721589585,0.09661916400774521,0.48473134005638363,0.09673596975039023,0.4832149229620773,0.09657471745416775,15,5,1,articles_comments
comment,seed_2025,seed_2026,48887,99.85681264957964,99.90795098901548,48796,99.81385644445353,99.86294925031194,0.9986288193520659,0.21402701355302317,0.08047598504828314,0.21388531489339085,0.0802944155531187,0.21362002152760615,0.08033630977170775,15,5,1,articles_comments
comment,seed_2025,seed_2027,48887,99.85681264957964,99.88340458608627,48783,99.78726450794689,99.83431178022786,0.9983423379174853,0.25295053933896217,0.2647950198824851,0.2527680233157527,0.26410003598891024,0.2525147241062981,0.26440913614596834,15,5,1,articles_comments
comment,seed_2026,seed_2027,48887,99.90795098901548,99.88340458608627,48802,99.82612964591814,99.86090371673451,0.9986085533046859,0.22396302996553497,0.08694397121244492,0.22402639600782692,0.08683179106667496,0.22371892841390337,0.08684676946154181,15,5,1,articles_comments
article_passage,seed_2025,seed_2026,48887,99.47838893775442,99.46816126986725,48467,99.14087589747786,99.33520158733405,0.9933390719790129,0.43202385332401916,0.290246004477711,0.4345447056655721,0.29154919997577816,0.43136738576250094,0.289797011784438,15,5,3,articles_comments
article_passage,seed_2025,seed_2027,48887,99.47838893775442,99.67885122834291,48557,99.32497391944689,99.49270767279646,0.9949185534269029,0.42629458566610967,0.08646652895291308,0.42793234291337134,0.08657916416537008,0.4256880357424468,0.08633827581236818,15,5,3,articles_comments
article_passage,seed_2026,seed_2027,48887,99.46816126986725,99.67885122834291,48553,99.31679178513716,99.48657107206415,0.9948569789361528,0.42441904742687314,0.08603541479373251,0.42595785302991523,0.08612606267916595,0.4237997160627284,0.08590520881762718,15,5,3,articles_comments
comment,seed_2025,seed_2026,48887,99.79135557510178,99.75044490355309,48711,99.63998609037166,99.73817170208848,0.9973791437171113,0.2603304149369655,0.29792137424796616,0.26015430952325935,0.29682577405753635,0.25925061603608,0.2969082223842803,15,5,3,articles_comments
comment,seed_2025,seed_2027,48887,99.79135557510178,99.86704031746682,48753,99.72589850062388,99.7934011086792,0.9979326155483687,0.22738008436844534,0.14187527155208587,0.2272244267899279,0.1413089846536547,0.22677467642267704,0.14157352914498908,15,5,3,articles_comments
comment,seed_2026,seed_2027,48887,99.75044490355309,99.86704031746682,48738,99.69521549696239,99.77294577290486,0.9977276914573482,0.22181505681262226,0.1366159481340504,0.22145857899412297,0.13601772531800985,0.22109169110454654,0.1362669554751061,15,5,3,articles_comments
article_passage,seed_2025,seed_2026,48887,99.60725755313274,99.72794403420131,48636,99.48657107206415,99.63794055679423,0.9963739167844632,0.4960014754053656,0.05078331108773332,0.49730094303198735,0.05076131221318376,0.49556033045686976,0.050709508018594696,15,5,5,articles_comments
article_passage,seed_2025,seed_2027,48887,99.60725755313274,99.56634688158405,48573,99.35770245668583,99.54180047865485,0.9954095538660164,0.4828669651518616,0.23746344881116302,0.484562832194865,0.23805279346364472,0.4822984614478272,0.23728097613529195,15,5,5,articles_comments
article_passage,seed_2026,seed_2027,48887,99.72794403420131,99.56634688158405,48608,99.42929613189601,99.56430134800662,0.995637123369042,0.4732801965848203,0.046063353038072984,0.4749366239031791,0.04607642992742973,0.4729122427497001,0.04601917831829089,15,5,5,articles_comments
comment,seed_2025,seed_2026,48887,99.83431178022786,99.88545011966372,48785,99.79135557510178,99.86294925031194,0.9986285106034554,0.2888001960590351,0.01205567302792412,0.2886989542258168,0.01205294401517437,0.28834062974958036,0.01203420348824797,15,5,5,articles_comments
comment,seed_2025,seed_2027,48887,99.83431178022786,99.8240841123407,48757,99.73408063493362,99.80976537729866,0.9980962128966223,0.29633697018942645,0.24645067522127542,0.2963494877277696,0.24632945017204103,0.2957609164143817,0.24611230982209242,15,5,5,articles_comments
comment,seed_2026,seed_2027,48887,99.88545011966372,99.8240841123407,48779,99.77908237363717,99.8486305152699,0.9984852516733875,0.24459002938986368,0.008752413956602912,0.24436237427162366,0.008741652924776057,0.2440842279127667,0.008732931375434242,15,5,5,articles_comments
article_passage,seed_2025,seed_2026,48887,99.31679178513716,99.66453249330087,48483,99.1736044347168,99.36588459099556,0.9936466296394975,0.43439266239017627,0.03435268087014756,0.4363433538866324,0.03431883729806723,0.4337508733959663,0.03428021301809925,15,5,10,articles_comments
article_passage,seed_2025,seed_2027,48887,99.31679178513716,99.41293186327653,48407,99.01814388283184,99.30656411724999,0.9930455832273417,0.4697337051543562,0.26269492641243414,0.4721714272548808,0.26388416104689916,0.4687745588563071,0.2623577901158592,15,5,10,articles_comments
article_passage,seed_2026,seed_2027,48887,99.66453249330087,99.41293186327653,48538,99.28610878147565,99.49475320637389,0.9949369683304294,0.4996781286569435,0.06282410311114836,0.5014452164510141,0.0628704565489322,0.4990642165803349,0.06270226171936913,15,5,10,articles_comments
comment,seed_2025,seed_2026,48887,99.70748869842699,99.85067604884735,48718,99.6543048254137,99.75044490355309,0.9975020475020475,0.222428993622325,0.014300300545888142,0.22206107760467397,0.014232965814950756,0.22163840156361392,0.014253863750508357,15,5,10,articles_comments
comment,seed_2025,seed_2027,48887,99.70748869842699,99.7995377094115,48704,99.62566735532964,99.7443083028208,0.997440045874378,0.30774959744340113,0.3049731175217375,0.30764819863376897,0.3045397150148868,0.30669378135338454,0.3042506113934279,15,5,10,articles_comments
comment,seed_2026,seed_2027,48887,99.85067604884735,99.7995377094115,48752,99.72385296704645,99.79749217583407,0.997973429407791,0.2810661501608326,0.019954639985578563,0.28104835174140996,0.019901218649335136,0.2805983349940406,0.019919780869646044,15,5,10,articles_comments
article_passage,seed_2025,seed_2026,48887,99.27792664716591,99.34542925522123,48383,98.96905107697343,99.31474625155971,0.9931236914487458,0.5059579472703953,0.24971752427282137,0.5085417663727456,0.2505250725703099,0.5049074930400531,0.24941238339096214,15,5,15,articles_comments
article_passage,seed_2025,seed_2027,48887,99.27792664716591,99.1797410354491,48329,98.858592263792,99.25951684496901,0.9925653611550389,0.5202654260258148,0.29677745954567386,0.5230002325513018,0.29799044379096495,0.5190882584850326,0.29646695891293096,15,5,15,articles_comments
article_passage,seed_2026,seed_2027,48887,99.34542925522123,99.1797410354491,48341,98.88313866672121,99.2411070427721,0.9923838068648382,0.5019172854969313,0.30516343928483414,0.5048383044241973,0.3066699028118363,0.5008432102318581,0.3048456529254308,15,5,15,articles_comments
comment,seed_2025,seed_2026,48887,99.73612616851105,99.74839936997566,48701,99.61953075459733,99.75453597070796,0.9975420413346715,0.34188427593096726,0.27414624687039857,0.3418074812856302,0.2735227621307704,0.34087348137247403,0.27359571782812003,15,5,15,articles_comments
comment,seed_2025,seed_2027,48887,99.73612616851105,99.75249043713052,48706,99.6297584224845,99.77090023932743,0.9977057642672784,0.3336399952906525,0.2790216883894988,0.3332098247471205,0.2784284277116226,0.3324776539139864,0.2783834808992363,15,5,15,articles_comments
comment,seed_2026,seed_2027,48887,99.74839936997566,99.75249043713052,48714,99.64612269110398,99.79135557510178,0.9979105211406096,0.3370069061094026,0.33546900866697543,0.33651299126679673,0.3349589585604921,0.3357015538518267,0.33469197734860495,15,5,15,articles_comments
article_passage,seed_2025,seed_2026,48887,99.70748869842699,99.47838893775442,48577,99.36588459099556,99.54589154580972,0.9954507264493125,0.5081094651372374,0.042003881143041315,0.5097687358186517,0.0419605349421676,0.5076051056347162,0.04192705659244138,15,10,1,articles_comments
article_passage,seed_2025,seed_2027,48887,99.70748869842699,99.66657802687831,48651,99.51725407572566,99.66044142614601,0.9965995452403875,0.6736555951307956,0.48765333633989244,0.6758150783295283,0.4897988822561304,0.6735760739072965,0.48788192624583954,15,10,1,articles_comments
article_passage,seed_2026,seed_2027,48887,99.47838893775442,99.66657802687831,48568,99.34747478879866,99.5499826129646,0.9954906944330573,0.5280698264163536,0.0700263630427848,0.5298581691673804,0.07006744316565618,0.5275254776897984,0.0699204538403091,15,10,1,articles_comments
comment,seed_2025,seed_2026,48887,99.91204205617035,99.78931004152433,48763,99.74635383639823,99.79135557510178,0.9979126163921007,0.24069671220251826,0.005555524276549803,0.24082205074874058,0.005544090800038,0.24042969011210674,0.005548028662705541,15,10,1,articles_comments
comment,seed_2025,seed_2027,48887,99.91204205617035,99.86908585104425,48806,99.83431178022786,99.88749565324115,0.9988743578723317,0.4471606384014556,0.04049672378274336,0.4474116839091664,0.040529674508070705,0.44698058594088097,0.04048270674570833,15,10,1,articles_comments
comment,seed_2026,seed_2027,48887,99.78931004152433,99.86908585104425,48755,99.72998956777876,99.80158324298894,0.9980144108736592,0.2909762004073381,0.11197276483083353,0.2910778965427016,0.11192555881736195,0.29049292895433215,0.11182818620720811,15,10,1,articles_comments
article_passage,seed_2025,seed_2026,48887,99.57657454947123,99.136784830323,48380,98.96291447624112,99.21246957268804,0.9921049933353839,0.4462987570399694,0.03237568232869643,0.44897385633551395,0.032368288698288505,0.44548132513687905,0.032274194953669816,15,10,3,articles_comments
article_passage,seed_2025,seed_2027,48887,99.57657454947123,99.62157628817478,48598,99.40884079612167,99.61953075459733,0.9961872745162348,0.6747884896138843,0.41207475593662,0.677137934028134,0.4144477400112692,0.6745799320359331,0.4121419188365234,15,10,3,articles_comments
article_passage,seed_2026,seed_2027,48887,99.136784830323,99.62157628817478,48397,98.9976885470575,99.23701597561724,0.9923518556489646,0.45648927183333415,0.05275475454609678,0.4590964466125471,0.05276172177924091,0.4557125421508258,0.052628994875033905,15,10,3,articles_comments
comment,seed_2025,seed_2026,48887,99.79749217583407,99.65225929183627,48673,99.5622558144292,99.67476016118805,0.9967439384010485,0.22335236559752272,0.05092437188283111,0.22315133599240916,0.05074855915524267,0.2224020046624499,0.05073117882066505,15,10,3,articles_comments
comment,seed_2025,seed_2027,48887,99.79749217583407,99.80771984372123,48749,99.71771636631416,99.830220713073,0.9983002948885976,0.4852663289750374,0.24966591248588035,0.4856523801335387,0.25029344618254135,0.4848092731766686,0.24955461950063423,15,10,3,articles_comments
comment,seed_2026,seed_2027,48887,99.65225929183627,99.80771984372123,48686,99.58884775093583,99.71771636631416,0.9971735212190725,0.24734540583295606,0.10600030904325275,0.24693347106658714,0.10546345393401702,0.24615405035712082,0.10560382742827207,15,10,3,articles_comments
article_passage,seed_2025,seed_2026,48887,99.58884775093583,99.56430134800662,48585,99.38224885961503,99.6113486202876,0.9961045617631984,0.7059243933028433,0.5555070965182558,0.7083902511958321,0.5574771797735686,0.7057654894361612,0.5559239047292601,15,10,5,articles_comments
article_passage,seed_2025,seed_2027,48887,99.58884775093583,99.5929388180907,48587,99.38633992676989,99.59089328451326,0.9959005472769386,0.7163822272665549,0.5905069457913589,0.7191535772668274,0.5928508654714498,0.7163191143895832,0.5910279952760711,15,10,5,articles_comments
article_passage,seed_2026,seed_2027,48887,99.56430134800662,99.5929388180907,48585,99.38224885961503,99.60725755313274,0.9960637185558767,0.7159473482388405,0.5594708614808017,0.7184795191418903,0.5615771474618951,0.7158299723935991,0.5598681133772424,15,10,5,articles_comments
comment,seed_2025,seed_2026,48887,99.83840284738274,99.85681264957964,48780,99.7811279072146,99.86704031746682,0.9986692599037773,0.5835546843347085,0.27057429075435824,0.5839853784660202,0.2709217631773087,0.5833428134607869,0.2705448172673071,15,10,5,articles_comments
comment,seed_2025,seed_2027,48887,99.83840284738274,99.83840284738274,48782,99.78521897436946,99.89363225397345,0.9989351681205717,0.6000072943359146,0.29313697982567344,0.6002254624150749,0.2934915156859169,0.5997016969164944,0.2930810152522445,15,10,5,articles_comments
comment,seed_2026,seed_2027,48887,99.85681264957964,99.83840284738274,48784,99.78931004152433,99.88340458608627,0.998832947728343,0.5997734730957689,0.2984383100199939,0.600133686102113,0.29881471111090746,0.5995290245857415,0.29840260243786004,15,10,5,articles_comments
article_passage,seed_2025,seed_2026,48887,98.78904412215927,99.10405629308406,48144,98.48016855196678,99.06723668869024,0.9906172839506173,0.566820648223962,0.35822080756200003,0.5709097832376004,0.360590936652741,0.5653295664199794,0.3576594998458639,15,10,10,articles_comments
article_passage,seed_2025,seed_2027,48887,98.78904412215927,98.88722973387608,48068,98.32470800008181,98.9731421441283,0.9896644018941734,0.5815555222789529,0.44729902821994766,0.5865674580738026,0.4508781321903702,0.5800692234860085,0.44660398593306416,15,10,10,articles_comments
article_passage,seed_2026,seed_2027,48887,99.10405629308406,98.88722973387608,48180,98.5538077607544,99.11632949454865,0.9911133053567021,0.5721841340521132,0.3649282541892609,0.5760724697486389,0.3676705840691156,0.5707919005742115,0.36441146683170045,15,10,10,articles_comments
comment,seed_2025,seed_2026,48887,99.54793707938717,99.68907889623007,48621,99.45588806840264,99.67476016118805,0.996740467404674,0.4128698837716023,0.39888235539396777,0.41281011449059285,0.3981105982725039,0.4112305675320551,0.39784032269783476,15,10,10,articles_comments
comment,seed_2025,seed_2027,48887,99.54793707938717,99.5745290158938,48596,99.4047497289668,99.68703336265264,0.9968614740815196,0.41266081148433553,0.4287996132154893,0.41205392644937733,0.427279685867826,0.4100704305044934,0.42675481612417143,15,10,10,articles_comments
comment,seed_2026,seed_2027,48887,99.68907889623007,99.5745290158938,48632,99.47838893775442,99.69316996338495,0.996925095322045,0.39820369755582363,0.35966682602094646,0.39793453668162737,0.35829325304295023,0.39643335134814467,0.35845617032147276,15,10,10,articles_comments
article_passage,seed_2025,seed_2026,48887,99.07337328942255,98.31448033219465,47933,98.04856096712827,98.70926831263935,0.9870068363396755,0.4607638030283413,0.087907345094279,0.46462142051339705,0.08758839361519993,0.4584115327283106,0.0872375777952978,15,10,15,articles_comments
article_passage,seed_2025,seed_2027,48887,99.07337328942255,98.69904064475217,48101,98.39221060813713,99.01200728209953,0.9900584554585872,0.5542017505746617,0.17555194628525575,0.557905540114663,0.17657281973115058,0.5526239752206601,0.17494125042625774,15,10,15,articles_comments
article_passage,seed_2026,seed_2027,48887,98.31448033219465,98.69904064475217,47854,97.88696381451102,98.76040665207519,0.9874948411060669,0.5107183255441812,0.3171458311890197,0.5147877057310445,0.3188032769777636,0.5077322843596084,0.3154037871430473,15,10,15,articles_comments
comment,seed_2025,seed_2026,48887,99.68703336265264,99.48043447133185,48592,99.39656759465707,99.62566735532964,0.9962480779087647,0.29496971901692004,0.15571379861614207,0.29390187751076136,0.15426201400209857,0.29278620669524746,0.1547836754321462,15,10,15,articles_comments
comment,seed_2025,seed_2027,48887,99.68703336265264,99.57043794873893,48624,99.46202466913493,99.66657802687831,0.9966589460307049,0.3971339665430498,0.2564792989443598,0.39719326065453686,0.25591747933476416,0.3957365586671118,0.25582134533980755,15,10,15,articles_comments
comment,seed_2026,seed_2027,48887,99.48043447133185,99.57043794873893,48572,99.3556569231084,99.66044142614601,0.996594033403094,0.3693032828685625,0.35512922121063073,0.3678565765127923,0.35274438713329304,0.3661782184264812,0.3528146846970944,15,10,15,articles_comments
article_passage,seed_2025,seed_2026,48887,99.38633992676989,99.70953423200442,48540,99.29019984863051,99.48452553848671,0.9948352188883424,0.5221663395372249,0.0467663176648939,0.5242360873555247,0.04675214112953187,0.5216516470287945,0.04668168312932233,15,15,1,articles_comments
article_passage,seed_2025,seed_2027,48887,99.38633992676989,99.25338024423671,48391,98.9854153455929,99.3311105201792,0.9932879018022086,0.5316579782792263,0.35456784185888074,0.5343756801878073,0.3562240692933545,0.5306319956953646,0.3540481525922542,15,15,1,articles_comments
article_passage,seed_2026,seed_2027,48887,99.70953423200442,99.25338024423671,48484,99.17564996829424,99.38838546034732,0.9938708156529938,0.4507806718567842,0.025517356936457094,0.4525081397546479,0.02544112626876629,0.44999841595802936,0.025439652633499496,15,15,1,articles_comments
comment,seed_2025,seed_2026,48887,99.70339763127211,99.86294925031194,48723,99.66453249330087,99.76271810501768,0.9976248489936321,0.2754641047111977,0.01692631437855171,0.27530578253351773,0.016884993599939425,0.2747671930799197,0.016886505170461953,15,15,1,articles_comments
comment,seed_2025,seed_2027,48887,99.70339763127211,99.70544316484956,48676,99.5683924151615,99.72794403420131,0.9972750927083119,0.3459641357484364,0.3517484157040803,0.3456600755295158,0.35059163610612193,0.3444763510769876,0.3505491987626466,15,15,1,articles_comments
comment,seed_2026,seed_2027,48887,99.86294925031194,99.70544316484956,48716,99.65021375825884,99.73203510135619,0.9973181566933487,0.19616372267326485,0.009126476119882484,0.19582535674272702,0.009074053943405252,0.1954952122619023,0.009094935657991922,15,15,1,articles_comments
article_passage,seed_2025,seed_2026,48887,99.6052120195553,99.5499826129646,48580,99.37202119172787,99.58884775093583,0.9958795432647958,0.7232534504322545,0.5509111498408968,0.7260623804996466,0.5528023361306897,0.7231855660848319,0.5513241956581256,15,15,3,articles_comments
article_passage,seed_2025,seed_2027,48887,99.6052120195553,99.55611921369689,48599,99.4108863296991,99.66044142614601,0.9965959192043474,0.730594546628297,0.6154706428124691,0.7327877616794137,0.6170196453022235,0.730416078433849,0.6159057379809645,15,15,3,articles_comments
article_passage,seed_2026,seed_2027,48887,99.5499826129646,99.55611921369689,48571,99.35361138953095,99.60112095240044,0.9960013123897797,0.7229182743140283,0.5826246856684643,0.7256005918469183,0.5846032091684903,0.7227797282875373,0.5831151266221507,15,15,3,articles_comments
comment,seed_2025,seed_2026,48887,99.83635731380531,99.78931004152433,48764,99.74839936997566,99.87113138462168,0.9987097302721855,0.543289627300223,0.13795152709445038,0.5434408243204188,0.13802304086368042,0.5428551174385247,0.1378720980829467,15,15,3,articles_comments
comment,seed_2025,seed_2027,48887,99.83635731380531,99.85681264957964,48782,99.78521897436946,99.87726798535398,0.9987715490766144,0.5849477255020107,0.2551716590769088,0.5852674825624578,0.2553076828094449,0.5847109515642344,0.2551310906420541,15,15,3,articles_comments
comment,seed_2026,seed_2027,48887,99.78931004152433,99.85681264957964,48764,99.74839936997566,99.85067604884735,0.9985052316890882,0.5435767920669403,0.14994168421167778,0.5437959901242205,0.1499759004687693,0.5432539813864242,0.14988220355144177,15,15,3,articles_comments
article_passage,seed_2025,seed_2026,48887,99.45179700124778,99.47020680344468,48525,99.25951684496901,99.59702988524558,0.9959566520257789,0.7089667100160489,0.42556654946867223,0.7112531149557311,0.4265892391714675,0.7085831174231092,0.4254804097296572,15,15,5,articles_comments
article_passage,seed_2025,seed_2027,48887,99.45179700124778,99.4599791355575,48521,99.25133471065928,99.59089328451326,0.995894993945116,0.7258646398645263,0.4667736309136102,0.7283905111994823,0.4682752388708589,0.7255537430034242,0.46680925805386914,15,15,5,articles_comments
article_passage,seed_2026,seed_2027,48887,99.47020680344468,99.4599791355575,48529,99.26769897927873,99.6052120195553,0.9960387504618037,0.7474184782874534,0.647287014113994,0.7499654045592999,0.6495703023561453,0.7471846564979648,0.6478903731651566,15,15,5,articles_comments
comment,seed_2025,seed_2026,48887,99.77499130648229,99.78726450794689,48750,99.7197618998916,99.87726798535398,0.9987707437000615,0.5638098273082003,0.19639408595876817,0.5638108378081519,0.1964876316285135,0.5632056067489019,0.19628589577896494,15,15,5,articles_comments
comment,seed_2025,seed_2027,48887,99.77499130648229,99.81181091087609,48752,99.72385296704645,99.86090371673451,0.9986071282261368,0.5893800624613943,0.31714857677276487,0.5896102470335168,0.3173300007100297,0.5889375215210328,0.31707770900310844,15,15,5,articles_comments
comment,seed_2026,seed_2027,48887,99.78726450794689,99.81181091087609,48761,99.74226276924337,99.88545011966372,0.9988528586353115,0.623158631521982,0.34107157580585734,0.6233866786428943,0.3412918207860169,0.6227376683806607,0.3409994686920851,15,15,5,articles_comments
article_passage,seed_2025,seed_2026,48887,98.9792787448606,99.32497391944689,48287,98.77267985353978,99.2411070427721,0.9923753545151877,0.5979075973733137,0.12827573320089924,0.6012899876912242,0.12861938952334792,0.5969364186531341,0.12780974651329446,15,15,10,articles_comments
article_passage,seed_2025,seed_2027,48887,98.9792787448606,98.82995479370794,48165,98.52312475709289,99.23701597561724,0.9923152993530842,0.6265827790328741,0.4117179238578989,0.6299942476237798,0.41345618239048787,0.6249361657809972,0.41105282656471204,15,15,10,articles_comments
article_passage,seed_2026,seed_2027,48887,99.32497391944689,98.82995479370794,48250,98.69699511117474,99.23906150919467,0.9923491423635391,0.563088954705444,0.08825243395220789,0.5655444253860205,0.08800083759993482,0.5615299503381003,0.08772019948895268,15,15,10,articles_comments
comment,seed_2025,seed_2026,48887,99.65839589256858,99.74839936997566,48686,99.58884775093583,99.77090023932743,0.9977048239681954,0.39235649945006185,0.061293336898494734,0.3920780933847984,0.06116639131825888,0.39115288069558557,0.06112300075840149,15,15,10,articles_comments
comment,seed_2025,seed_2027,48887,99.65839589256858,99.54793707938717,48629,99.47225233702211,99.73817170208848,0.9973747359353529,0.5178605938861454,0.49204866685499443,0.517974181468826,0.4917722230070814,0.5162587480184075,0.49116597371696774,15,15,10,articles_comments
comment,seed_2026,seed_2027,48887,99.74839936997566,99.54793707938717,48635,99.48452553848671,99.67271462761062,0.9967209755097859,0.37198858206348456,0.05327062100197889,0.3718343114292592,0.05310358322759044,0.3707648272630438,0.0530933871194772,15,15,10,articles_comments
article_passage,seed_2025,seed_2026,48887,98.43721234684068,99.08155542373228,48003,98.19174831754863,98.86472886452431,0.9885703694550847,0.5026182374862964,0.06719594111060868,0.506168891892796,0.06683054748063301,0.5004848368314011,0.0666025673683475,15,15,15,articles_comments
article_passage,seed_2025,seed_2027,48887,98.43721234684068,98.63153803669688,47918,98.01787796346677,98.967005543396,0.9895710715982075,0.6227010317385552,0.5194079424720857,0.6280631258166727,0.5220133286644,0.6205162904402545,0.5182628924043025,15,15,15,articles_comments
article_passage,seed_2026,seed_2027,48887,99.08155542373228,98.63153803669688,48105,98.40039274244687,99.08769202446457,0.9908137834442133,0.5516671870115772,0.09276503153471628,0.5546613436441518,0.09229556492098204,0.5496880576774688,0.0920278404571859,15,15,15,articles_comments
comment,seed_2025,seed_2026,48887,99.48452553848671,99.65635035899115,48576,99.36383905741812,99.5868022173584,0.9958587887982288,0.2919275305830776,0.03092140812067856,0.29119512244504847,0.030531515309303116,0.2900816464492961,0.03061641146066168,15,15,15,articles_comments
comment,seed_2025,seed_2027,48887,99.48452553848671,99.46611573628981,48540,99.29019984863051,99.6297584224845,0.9962849695203301,0.4657512209371835,0.44583718701829683,0.46563267853707796,0.44388440295836473,0.4630454740258792,0.4436329107029075,15,15,15,articles_comments
comment,seed_2026,seed_2027,48887,99.65635035899115,99.46611573628981,48580,99.37202119172787,99.62157628817478,0.9962062954988209,0.34532723122541464,0.04518102596685651,0.3445555935803722,0.04486083176826081,0.3434104150131985,0.04484096579059984,15,15,15,articles_comments
article_passage,seed_2025,seed_2026,48887,98.88109313314378,99.65635035899115,48292,98.78290752142696,99.028371550719,0.9902598068365903,0.39926470751067245,0.019093249427730087,0.4018385241446733,0.018979644464640955,0.3983053172142366,0.01901961354990097,15,20,1,articles_comments
article_passage,seed_2025,seed_2027,48887,98.88109313314378,99.64816822468141,48282,98.76245218565262,98.99564301348006,0.9899329547085478,0.3926390766160034,0.017561567872833684,0.3951081241053849,0.01746790529708563,0.3917646726194816,0.017503859129628558,15,20,1,articles_comments
article_passage,seed_2026,seed_2027,48887,99.65635035899115,99.64816822468141,48645,99.50498087426105,99.70544316484956,0.9970485150341265,0.7158265744891745,0.6290971042528242,0.7176304897532055,0.6304948733586632,0.715668407384066,0.6295741972378323,15,20,1,articles_comments
comment,seed_2025,seed_2026,48887,99.51929960930309,99.86499478388939,48639,99.49270767279646,99.60112095240044,0.996006880452144,0.15794328416284545,0.004057318755719517,0.15721084344593556,0.004057082306760525,0.15688861247677208,0.004026867366136522,15,20,1,articles_comments
comment,seed_2025,seed_2027,48887,99.51929960930309,99.85476711600221,48636,99.48657107206415,99.599075418823,0.9959862385321101,0.15124928625061398,0.002896522541012638,0.15037302975411249,0.0028689522170030316,0.15018399842658356,0.0028748287572380165,15,20,1,articles_comments
comment,seed_2026,seed_2027,48887,99.86499478388939,99.85476711600221,48795,99.81181091087609,99.90385992186062,0.9990377134433479,0.5646763920326426,0.3037296425560928,0.5648678796181591,0.30401117460462085,0.5644198155558233,0.3036717268737703,15,20,1,articles_comments
article_passage,seed_2025,seed_2026,48887,99.51929960930309,99.51725407572566,48572,99.3556569231084,99.67476016118805,0.9967371898791324,0.7365786802805393,0.6308194679693946,0.7385104732773036,0.6324758580974278,0.7362547101325897,0.6312288824756813,15,20,3,articles_comments
article_passage,seed_2025,seed_2027,48887,99.51929960930309,99.22678830773008,48443,99.09178309161945,99.43747826620573,0.9943552690997167,0.5590383472291608,0.08568555012852695,0.5610222040346446,0.08562086173018477,0.5580852539032568,0.08541400225310249,15,20,3,articles_comments
article_passage,seed_2026,seed_2027,48887,99.51725407572566,99.22678830773008,48438,99.08155542373228,99.41906846400884,0.9941710110422396,0.566192154667763,0.1029609830041772,0.5684677423934427,0.1029601092030706,0.565330181660813,0.10270939112286104,15,20,3,articles_comments
comment,seed_2025,seed_2026,48887,99.79544664225664,99.80362877656637,48764,99.74839936997566,99.89772332112832,0.9989757036915639,0.6168277175603843,0.34826869856489023,0.6168314446464581,0.34838823407298275,0.6163777043789377,0.34817234008529535,15,20,3,articles_comments
comment,seed_2025,seed_2027,48887,99.79544664225664,99.60930308671017,48674,99.56430134800662,99.72385296704645,0.9972341166588129,0.32233213893983276,0.0270802195368534,0.3220397898147238,0.026979188317147115,0.3212257547564304,0.026994476982515204,15,20,3,articles_comments
comment,seed_2026,seed_2027,48887,99.80362877656637,99.60930308671017,48672,99.56021028085176,99.70748869842699,0.9970705725699068,0.3197190165475139,0.01668772783662355,0.3194344600091571,0.016611480793342147,0.3187239067685776,0.01661876046734038,15,20,3,articles_comments
article_passage,seed_2025,seed_2026,48887,99.41906846400884,97.84809867653978,47786,97.74786753124552,98.22856792194243,0.9822001151031817,0.3865113421576402,0.024164553465033038,0.39111604809131634,0.02379361231948362,0.3845388376998132,0.023951987627566305,15,20,5,articles_comments
article_passage,seed_2025,seed_2027,48887,99.41906846400884,99.41293186327653,48515,99.23906150919467,99.64612269110398,0.996446763062767,0.7525956564430724,0.5900151695442691,0.7547545076278421,0.5913787871462667,0.7521928531418539,0.590207550487569,15,20,5,articles_comments
article_passage,seed_2026,seed_2027,48887,97.84809867653978,99.41293186327653,47782,97.7396853969358,98.21834025405526,0.9820977123712823,0.3853914483118443,0.025465512921876533,0.389981815761976,0.024982620646457263,0.3834364665803947,0.025221255691831507,15,20,5,articles_comments
comment,seed_2025,seed_2026,48887,99.76680917217257,99.10814736023892,48434,99.07337328942255,99.27179004643362,0.9927034228325476,0.15065628618391125,0.005568309542941313,0.14871756270786587,0.005476978844861043,0.14851967646286587,0.005458634223049817,15,20,5,articles_comments
comment,seed_2025,seed_2027,48887,99.76680917217257,99.77090023932743,48742,99.70339763127211,99.86908585104425,0.9986886858173175,0.6197315561062257,0.3124919144619542,0.6199250130920332,0.31287400444293273,0.6192327984677964,0.31238648238571864,15,20,5,articles_comments
comment,seed_2026,seed_2027,48887,99.10814736023892,99.77090023932743,48437,99.07950989015485,99.27997218074334,0.9927852589723093,0.1581608095444447,0.009697612165886575,0.15618169096995105,0.00942208661637018,0.15595866525362748,0.009554423253345951,15,20,5,articles_comments
article_passage,seed_2025,seed_2026,48887,99.01405281567696,97.97492175834066,47806,97.7887782027942,98.58858183157076,0.98577202243484,0.4505052870025261,0.12748265551389631,0.4539786192086882,0.12638912350324827,0.4472012868633481,0.12647750280445733,15,20,10,articles_comments
article_passage,seed_2025,seed_2027,48887,99.01405281567696,99.19610530406857,48318,98.83609139444025,99.46202466913493,0.9945863609229946,0.6610807685264101,0.25022550337292704,0.663177366349018,0.25033994717346175,0.6597833263780447,0.24923546165383814,15,20,10,articles_comments
article_passage,seed_2026,seed_2027,48887,97.97492175834066,99.19610530406857,47821,97.8194612064557,98.46789535050218,0.9845789582046531,0.4170811311959449,0.036254719795856954,0.42082564364837616,0.035696477059332356,0.4144264312023324,0.03584134056778859,15,20,10,articles_comments
comment,seed_2025,seed_2026,48887,99.59702988524558,99.33520158733405,48517,99.24315257634953,99.55407368011946,0.9955268287678259,0.24867072947178787,0.13444984346611386,0.24584387543005484,0.13140328178868624,0.24491543967839366,0.13281076607634792,15,20,10,articles_comments
comment,seed_2025,seed_2027,48887,99.59702988524558,99.73408063493362,48663,99.54180047865485,99.75249043713052,0.997519678583142,0.4666684224356749,0.07769610624647383,0.46667341307001026,0.07761885748672724,0.46555136189268015,0.07750354884372547,15,20,10,articles_comments
comment,seed_2026,seed_2027,48887,99.33520158733405,99.73408063493362,48541,99.29224538220794,99.51520854214822,0.9951412522038624,0.179406380900535,0.010327142378244216,0.1774509659195951,0.010051596944451704,0.1767957315612866,0.01012094641930674,15,20,10,articles_comments
article_passage,seed_2025,seed_2026,48887,98.39221060813713,97.94219322110173,47687,97.5453597070796,98.75631558492033,0.9874107050419298,0.5743157998980629,0.3867798314347265,0.5787811814514574,0.3882009956043377,0.570739857385414,0.384574002705186,15,20,15,articles_comments
article_passage,seed_2025,seed_2027,48887,98.39221060813713,98.10788144087385,47729,97.6312721173318,98.76245218565262,0.9874829312699135,0.5732594356069559,0.3804854215474824,0.5780501649928762,0.38156367086294735,0.570009574991838,0.37837480870895385,15,20,15,articles_comments
article_passage,seed_2026,seed_2027,48887,97.94219322110173,98.10788144087385,47611,97.38989915519464,98.7297236484137,0.9871247304693979,0.615305209717602,0.561896303824936,0.6211301733693411,0.5649273652598769,0.6118257114115703,0.5594563621269967,15,20,15,articles_comments
comment,seed_2025,seed_2026,48887,99.42725059831858,99.26974451285618,48470,99.14701249821016,99.59702988524558,0.9959520825199827,0.4294900109316281,0.37330371703074877,0.4276247722620698,0.36948093928641695,0.42522788843081794,0.3701587187446302,15,20,15,articles_comments
comment,seed_2025,seed_2027,48887,99.42725059831858,99.24928917708185,48459,99.12451162885839,99.57248348231637,0.9957055971069286,0.42229734066513613,0.35801463375142045,0.4203340964899547,0.35352466721684844,0.41792576570791967,0.35467434395181047,15,20,15,articles_comments
comment,seed_2026,seed_2027,48887,99.26974451285618,99.24928917708185,48435,99.07541882299998,99.63180395606194,0.9962974390620178,0.505409517392652,0.5638187583609308,0.5031119579257648,0.559118582328603,0.4995799142063815,0.5584055744174888,15,20,15,articles_comments
