run_id,split_role,doc_type,fit_corpus,label_source,training_documents,min_cluster_size,n_neighbors,min_samples,seed,raw_hdbscan_clusters,fitted_substantive_topics,fit_seconds,raw_coverage_pct,reassigned_documents,documents,assigned_documents,outlier_documents,coverage_pct,substantive_topics
articles_comments_mcs5_nn5_ms1_seed2025_f4ea9e47aead4f80,paper2_test,article_passage,articles_comments,fit,97774,5,5,1,2025,6276,5340,248.6372404322028,75.40859533209237,11991,48887,48856,31,99.93658845909955,4716
articles_comments_mcs5_nn5_ms1_seed2025_f4ea9e47aead4f80,paper2_test,comment,articles_comments,fit,97774,5,5,1,2025,6276,5340,248.6372404322028,62.30286170147483,18420,48887,48878,9,99.9815901978031,4445
articles_comments_mcs5_nn5_ms1_seed2026_dfba8fd4c52f1019,paper2_test,article_passage,articles_comments,fit,97774,5,5,1,2026,6345,5419,230.6387995928526,75.66224149569415,11881,48887,48870,17,99.96522592918365,4732
articles_comments_mcs5_nn5_ms1_seed2026_dfba8fd4c52f1019,paper2_test,comment,articles_comments,fit,97774,5,5,1,2026,6345,5419,230.6387995928526,62.15353775032217,18489,48887,48874,13,99.97340806349337,4449
articles_comments_mcs5_nn5_ms1_seed2027_700a513e8268aafb,paper2_test,article_passage,articles_comments,fit,97774,5,5,1,2027,6356,5475,230.91501096636057,75.43518726859901,11984,48887,48862,25,99.94886166056416,4854
articles_comments_mcs5_nn5_ms1_seed2027_700a513e8268aafb,paper2_test,comment,articles_comments,fit,97774,5,5,1,2027,6356,5475,230.91501096636057,62.61991940597705,18260,48887,48873,14,99.97136252991594,4509
articles_comments_mcs5_nn5_ms3_seed2025_8176a8a4ffe43d06,paper2_test,article_passage,articles_comments,fit,97774,5,5,3,2025,4349,3821,187.5217262879014,71.03319900996175,14118,48887,48844,43,99.91204205617035,3546
articles_comments_mcs5_nn5_ms3_seed2025_8176a8a4ffe43d06,paper2_test,comment,articles_comments,fit,97774,5,5,3,2025,4349,3821,187.5217262879014,49.63487225642809,24604,48887,48869,18,99.9631803956062,3148
articles_comments_mcs5_nn5_ms3_seed2026_fb45a0441ebfde31,paper2_test,article_passage,articles_comments,fit,97774,5,5,3,2026,4559,3986,203.00267419219017,68.7953852762493,15224,48887,48856,31,99.93658845909955,3688
articles_comments_mcs5_nn5_ms3_seed2026_fb45a0441ebfde31,paper2_test,comment,articles_comments,fit,97774,5,5,3,2026,4559,3986,203.00267419219017,48.54051179250107,25135,48887,48865,22,99.95499826129645,3271
articles_comments_mcs5_nn5_ms3_seed2027_a6dc0b01f8337e9c,paper2_test,article_passage,articles_comments,fit,97774,5,5,3,2027,4558,4017,188.10876816511154,68.64606132509665,15289,48887,48848,39,99.92022419048008,3740
articles_comments_mcs5_nn5_ms3_seed2027_a6dc0b01f8337e9c,paper2_test,comment,articles_comments,fit,97774,5,5,3,2027,4558,4017,188.10876816511154,48.62028760202099,25098,48887,48867,20,99.95908932845133,3285
articles_comments_mcs5_nn5_ms5_seed2025_1d5e6e2b492785e2,paper2_test,article_passage,articles_comments,fit,97774,5,5,5,2025,3167,2753,150.45551476627588,64.12747765254566,17481,48887,48831,56,99.88545011966372,2634
articles_comments_mcs5_nn5_ms5_seed2025_1d5e6e2b492785e2,paper2_test,comment,articles_comments,fit,97774,5,5,5,2025,3167,2753,150.45551476627588,42.38959232515801,28133,48887,48856,31,99.93658845909955,2339
articles_comments_mcs5_nn5_ms5_seed2026_ed6b9d9323d83f09,paper2_test,article_passage,articles_comments,fit,97774,5,5,5,2026,3172,2639,150.02047109231353,64.02520097367398,17535,48887,48835,52,99.89363225397345,2551
articles_comments_mcs5_nn5_ms5_seed2026_ed6b9d9323d83f09,paper2_test,comment,articles_comments,fit,97774,5,5,5,2026,3172,2639,150.02047109231353,42.461186000368194,28094,48887,48852,35,99.92840632478982,2263
articles_comments_mcs5_nn5_ms5_seed2027_d667dc1efec800f4,paper2_test,article_passage,articles_comments,fit,97774,5,5,5,2027,3145,1878,143.9973584599793,63.99656350358991,17531,48887,48817,70,99.85681264957964,1857
articles_comments_mcs5_nn5_ms5_seed2027_d667dc1efec800f4,paper2_test,comment,articles_comments,fit,97774,5,5,5,2027,3145,1878,143.9973584599793,42.41822979524209,28097,48887,48834,53,99.89158672039602,1657
articles_comments_mcs5_nn5_ms10_seed2025_e7fd2409c1b35054,paper2_test,article_passage,articles_comments,fit,97774,5,5,10,2025,1619,1408,126.3875328488648,57.60836214126455,20602,48887,48765,122,99.75044490355309,1393
articles_comments_mcs5_nn5_ms10_seed2025_e7fd2409c1b35054,paper2_test,comment,articles_comments,fit,97774,5,5,10,2025,1619,1408,126.3875328488648,36.727555382821606,30876,48887,48831,56,99.88545011966372,1303
articles_comments_mcs5_nn5_ms10_seed2026_a4e758f2a50d38d3,paper2_test,article_passage,articles_comments,fit,97774,5,5,10,2026,1618,1015,124.50859189406037,57.796551230388445,20458,48887,48713,174,99.64407715752654,1013
articles_comments_mcs5_nn5_ms10_seed2026_a4e758f2a50d38d3,paper2_test,comment,articles_comments,fit,97774,5,5,10,2026,1618,1015,124.50859189406037,36.414588745474255,31012,48887,48814,73,99.85067604884735,966
articles_comments_mcs5_nn5_ms10_seed2027_8765c575043f7d96,paper2_test,article_passage,articles_comments,fit,97774,5,5,10,2027,1607,1404,132.6532394066453,56.69400863215169,21049,48887,48765,122,99.75044490355309,1375
articles_comments_mcs5_nn5_ms10_seed2027_8765c575043f7d96,paper2_test,comment,articles_comments,fit,97774,5,5,10,2027,1607,1404,132.6532394066453,37.34530652320658,30576,48887,48833,54,99.88954118681859,1305
articles_comments_mcs5_nn5_ms15_seed2025_d49340931932dc70,paper2_test,article_passage,articles_comments,fit,97774,5,5,15,2025,1048,579,119.59915082529187,50.596273037821916,23863,48887,48598,289,99.40884079612167,576
articles_comments_mcs5_nn5_ms15_seed2025_d49340931932dc70,paper2_test,comment,articles_comments,fit,97774,5,5,15,2025,1048,579,119.59915082529187,34.00904125841226,32143,48887,48769,118,99.75862703786282,563
articles_comments_mcs5_nn5_ms15_seed2026_ea1acf3a039043bd,paper2_test,article_passage,articles_comments,fit,97774,5,5,15,2026,1004,625,120.33228758722544,51.614948759383886,23370,48887,48603,284,99.41906846400884,623
articles_comments_mcs5_nn5_ms15_seed2026_ea1acf3a039043bd,paper2_test,comment,articles_comments,fit,97774,5,5,15,2026,1004,625,120.33228758722544,34.841573424427764,31749,48887,48782,105,99.78521897436946,616
articles_comments_mcs5_nn5_ms15_seed2027_3d3ce8bbe79b870f,paper2_test,article_passage,articles_comments,fit,97774,5,5,15,2027,1019,621,119.68418854475021,49.565324114795345,24348,48887,48579,308,99.36997565815044,617
articles_comments_mcs5_nn5_ms15_seed2027_3d3ce8bbe79b870f,paper2_test,comment,articles_comments,fit,97774,5,5,15,2027,1019,621,119.68418854475021,33.14173502158038,32561,48887,48763,124,99.74635383639823,607
articles_comments_mcs5_nn10_ms1_seed2025_9a2e957fc650e7d2,paper2_test,article_passage,articles_comments,fit,97774,5,10,1,2025,5584,4743,280.1214864626527,71.10888375232679,14091,48887,48854,33,99.93249739194468,4185
articles_comments_mcs5_nn10_ms1_seed2025_9a2e957fc650e7d2,paper2_test,comment,articles_comments,fit,97774,5,10,1,2025,5584,4743,280.1214864626527,55.54850982878884,21710,48887,48866,21,99.9570437948739,4002
articles_comments_mcs5_nn10_ms1_seed2026_6f66b48dad843e6c,paper2_test,article_passage,articles_comments,fit,97774,5,10,1,2026,5563,4725,265.6059458628297,71.30320944218299,13998,48887,48856,31,99.93658845909955,4162
articles_comments_mcs5_nn10_ms1_seed2026_6f66b48dad843e6c,paper2_test,comment,articles_comments,fit,97774,5,10,1,2026,5563,4725,265.6059458628297,55.90034160410743,21535,48887,48863,24,99.95090719414159,3966
articles_comments_mcs5_nn10_ms1_seed2027_f47c722bf08d41c6,paper2_test,article_passage,articles_comments,fit,97774,5,10,1,2027,5570,4684,252.8075885027647,71.364575449506,13962,48887,48850,37,99.92431525763496,4114
articles_comments_mcs5_nn10_ms1_seed2027_f47c722bf08d41c6,paper2_test,comment,articles_comments,fit,97774,5,10,1,2027,5570,4684,252.8075885027647,54.877574815390595,22039,48887,48867,20,99.95908932845133,3942
articles_comments_mcs5_nn10_ms3_seed2025_745592aa5708a062,paper2_test,article_passage,articles_comments,fit,97774,5,10,3,2025,3496,3079,222.25040963292122,65.56957882463641,16782,48887,48837,50,99.89772332112832,2917
articles_comments_mcs5_nn10_ms3_seed2025_745592aa5708a062,paper2_test,comment,articles_comments,fit,97774,5,10,3,2025,3496,3079,222.25040963292122,40.77362079898542,28913,48887,48846,41,99.91613312332522,2565
articles_comments_mcs5_nn10_ms3_seed2026_f9e168f530bea6f8,paper2_test,article_passage,articles_comments,fit,97774,5,10,3,2026,3506,3035,209.12555358931422,63.85133061959212,17624,48887,48839,48,99.90181438828319,2873
articles_comments_mcs5_nn10_ms3_seed2026_f9e168f530bea6f8,paper2_test,comment,articles_comments,fit,97774,5,10,3,2026,3506,3035,209.12555358931422,39.4849346452022,29548,48887,48851,36,99.92636079121239,2556
articles_comments_mcs5_nn10_ms3_seed2027_1694e52a4c70ab6d,paper2_test,article_passage,articles_comments,fit,97774,5,10,3,2027,3438,3039,231.8399332910776,65.91118293206783,16605,48887,48827,60,99.87726798535398,2869
articles_comments_mcs5_nn10_ms3_seed2027_1694e52a4c70ab6d,paper2_test,comment,articles_comments,fit,97774,5,10,3,2027,3438,3039,231.8399332910776,39.6853969357907,29440,48887,48841,46,99.90590545543805,2535
articles_comments_mcs5_nn10_ms5_seed2025_26d7be9ddaab67c7,paper2_test,article_passage,articles_comments,fit,97774,5,10,5,2025,2370,2087,190.79646560922265,61.17372716673144,18903,48887,48809,78,99.84044838096018,2040
articles_comments_mcs5_nn10_ms5_seed2025_26d7be9ddaab67c7,paper2_test,comment,articles_comments,fit,97774,5,10,5,2025,2370,2087,190.79646560922265,33.2644670362264,32580,48887,48842,45,99.90795098901548,1816
articles_comments_mcs5_nn10_ms5_seed2026_b8b4f789139691e6,paper2_test,article_passage,articles_comments,fit,97774,5,10,5,2026,2356,2068,200.75745200365782,60.39437887372922,19286,48887,48811,76,99.84453944811504,1999
articles_comments_mcs5_nn10_ms5_seed2026_b8b4f789139691e6,paper2_test,comment,articles_comments,fit,97774,5,10,5,2026,2356,2068,200.75745200365782,32.718309571051606,32840,48887,48835,52,99.89363225397345,1815
articles_comments_mcs5_nn10_ms5_seed2027_217eb3a6b6aa4c9a,paper2_test,article_passage,articles_comments,fit,97774,5,10,5,2027,2370,2027,189.38618606328964,59.25297113752123,19841,48887,48808,79,99.83840284738274,1978
articles_comments_mcs5_nn10_ms5_seed2027_217eb3a6b6aa4c9a,paper2_test,comment,articles_comments,fit,97774,5,10,5,2027,2370,2027,189.38618606328964,32.52602941477284,32933,48887,48834,53,99.89158672039602,1772
articles_comments_mcs5_nn10_ms10_seed2025_138269bdb034d001,paper2_test,article_passage,articles_comments,fit,97774,5,10,10,2025,1244,993,181.040384657681,53.924356168306495,22299,48887,48661,226,99.53770941149999,986
articles_comments_mcs5_nn10_ms10_seed2025_138269bdb034d001,paper2_test,comment,articles_comments,fit,97774,5,10,10,2025,1244,993,181.040384657681,30.177756867878987,34019,48887,48772,115,99.76476363859513,954
articles_comments_mcs5_nn10_ms10_seed2026_e61b39fea36dbe47,paper2_test,article_passage,articles_comments,fit,97774,5,10,10,2026,1270,1100,181.14450727775693,51.96882606827992,23287,48887,48693,194,99.60316648597787,1085
articles_comments_mcs5_nn10_ms10_seed2026_e61b39fea36dbe47,paper2_test,comment,articles_comments,fit,97774,5,10,10,2026,1270,1100,181.14450727775693,29.67864667498517,34293,48887,48802,85,99.82612964591814,1030
articles_comments_mcs5_nn10_ms10_seed2027_4d1bdf6c864c4bb8,paper2_test,article_passage,articles_comments,fit,97774,5,10,10,2027,1232,865,180.69058287143707,55.253952993638386,21611,48887,48623,264,99.4599791355575,860
articles_comments_mcs5_nn10_ms10_seed2027_4d1bdf6c864c4bb8,paper2_test,comment,articles_comments,fit,97774,5,10,10,2027,1232,865,180.69058287143707,30.572544848323684,33799,48887,48745,142,99.70953423200442,832
articles_comments_mcs5_nn10_ms15_seed2025_b4d00855d70f0a9d,paper2_test,article_passage,articles_comments,fit,97774,5,10,15,2025,764,611,185.78897515684366,49.96829422954978,24095,48887,48523,364,99.25542577781414,606
articles_comments_mcs5_nn10_ms15_seed2025_b4d00855d70f0a9d,paper2_test,comment,articles_comments,fit,97774,5,10,15,2025,764,611,185.78897515684366,29.81160635751836,34170,48887,48744,143,99.70748869842699,599
articles_comments_mcs5_nn10_ms15_seed2026_d9a3f677fea3b2d7,paper2_test,article_passage,articles_comments,fit,97774,5,10,15,2026,767,662,186.09507239982486,48.783930288215686,24732,48887,48581,306,99.3740667253053,656
articles_comments_mcs5_nn10_ms15_seed2026_d9a3f677fea3b2d7,paper2_test,comment,articles_comments,fit,97774,5,10,15,2026,767,662,186.09507239982486,30.18184793503385,34024,48887,48779,108,99.77908237363717,644
articles_comments_mcs5_nn10_ms15_seed2027_50a5876d803abd41,paper2_test,article_passage,articles_comments,fit,97774,5,10,15,2027,737,497,186.36133972927928,51.62517642727106,23196,48887,48434,453,99.07337328942255,492
articles_comments_mcs5_nn10_ms15_seed2027_50a5876d803abd41,paper2_test,comment,articles_comments,fit,97774,5,10,15,2027,737,497,186.36133972927928,30.439585165790493,33849,48887,48730,157,99.67885122834291,485
articles_comments_mcs5_nn15_ms1_seed2025_fddc7d0c83138b26,paper2_test,article_passage,articles_comments,fit,97774,5,15,1,2025,5296,4508,272.7830623090267,68.99584756683781,15111,48887,48841,46,99.90590545543805,4000
articles_comments_mcs5_nn15_ms1_seed2025_fddc7d0c83138b26,paper2_test,comment,articles_comments,fit,97774,5,15,1,2025,5296,4508,272.7830623090267,53.427291508990116,22744,48887,48863,24,99.95090719414159,3864
articles_comments_mcs5_nn15_ms1_seed2026_b3ea74540cb019e8,paper2_test,article_passage,articles_comments,fit,97774,5,15,1,2026,5292,4429,246.10164042934775,69.45200155460552,14904,48887,48857,30,99.938633992677,3961
articles_comments_mcs5_nn15_ms1_seed2026_b3ea74540cb019e8,paper2_test,comment,articles_comments,fit,97774,5,15,1,2026,5292,4429,246.10164042934775,52.23269989976885,23318,48887,48853,34,99.93045185836725,3759
articles_comments_mcs5_nn15_ms1_seed2027_0b0d02e829135f61,paper2_test,article_passage,articles_comments,fit,97774,5,15,1,2027,5326,4528,259.87675131484866,70.04316075848385,14601,48887,48843,44,99.90999652259292,3985
articles_comments_mcs5_nn15_ms1_seed2027_0b0d02e829135f61,paper2_test,comment,articles_comments,fit,97774,5,15,1,2027,5326,4528,259.87675131484866,53.245239020598525,22838,48887,48868,19,99.96113486202876,3866
articles_comments_mcs5_nn15_ms3_seed2025_81b3f8fff72bbf1c,paper2_test,article_passage,articles_comments,fit,97774,5,15,3,2025,3205,2754,227.66916838288307,60.697117843189396,19140,48887,48813,74,99.8486305152699,2607
articles_comments_mcs5_nn15_ms3_seed2025_81b3f8fff72bbf1c,paper2_test,comment,articles_comments,fit,97774,5,15,3,2025,3205,2754,227.66916838288307,35.2261337369853,31614,48887,48835,52,99.89363225397345,2356
articles_comments_mcs5_nn15_ms3_seed2026_ee49321c188dd3c5,paper2_test,article_passage,articles_comments,fit,97774,5,15,3,2026,3138,2660,215.9031040109694,62.664921144680584,18191,48887,48826,61,99.87522245177655,2544
articles_comments_mcs5_nn15_ms3_seed2026_ee49321c188dd3c5,paper2_test,comment,articles_comments,fit,97774,5,15,3,2026,3138,2660,215.9031040109694,35.54728250864238,31458,48887,48836,51,99.89567778755088,2277
articles_comments_mcs5_nn15_ms3_seed2027_5902380467be632a,paper2_test,article_passage,articles_comments,fit,97774,5,15,3,2027,3169,2283,217.5117141082883,61.989895064127474,18508,48887,48813,74,99.8486305152699,2235
articles_comments_mcs5_nn15_ms3_seed2027_5902380467be632a,paper2_test,comment,articles_comments,fit,97774,5,15,3,2027,3169,2283,217.5117141082883,36.025937365761855,31225,48887,48837,50,99.89772332112832,1964
articles_comments_mcs5_nn15_ms5_seed2025_a39376b20d355c3b,paper2_test,article_passage,articles_comments,fit,97774,5,15,5,2025,2087,1769,202.60320618748665,58.735451142430506,20060,48887,48774,113,99.76885470575,1728
articles_comments_mcs5_nn15_ms5_seed2025_a39376b20d355c3b,paper2_test,comment,articles_comments,fit,97774,5,15,5,2025,2087,1769,202.60320618748665,28.77656636733692,34747,48887,48815,72,99.85272158242478,1568
articles_comments_mcs5_nn15_ms5_seed2026_1d9889797fbb6680,paper2_test,article_passage,articles_comments,fit,97774,5,15,5,2026,2099,1428,177.67896446958184,56.13966903266717,21287,48887,48732,155,99.68294229549778,1420
articles_comments_mcs5_nn15_ms5_seed2026_1d9889797fbb6680,paper2_test,comment,articles_comments,fit,97774,5,15,5,2026,2099,1428,177.67896446958184,28.43087119275063,34867,48887,48766,121,99.75249043713052,1296
articles_comments_mcs5_nn15_ms5_seed2027_fa11bf93d984ae89,paper2_test,article_passage,articles_comments,fit,97774,5,15,5,2027,2120,1609,202.0700189806521,58.510442448912805,20157,48887,48761,126,99.74226276924337,1588
articles_comments_mcs5_nn15_ms5_seed2027_fa11bf93d984ae89,paper2_test,comment,articles_comments,fit,97774,5,15,5,2027,2120,1609,202.0700189806521,28.90952604987011,34685,48887,48818,69,99.85885818315707,1436
articles_comments_mcs5_nn15_ms10_seed2025_758e583b307343f1,paper2_test,article_passage,articles_comments,fit,97774,5,15,10,2025,1040,912,195.78909564390779,54.908257819052096,21812,48887,48655,232,99.5254362100354,903
articles_comments_mcs5_nn15_ms10_seed2025_758e583b307343f1,paper2_test,comment,articles_comments,fit,97774,5,15,10,2025,1040,912,195.78909564390779,28.175179495571417,35017,48887,48791,96,99.80362877656637,864
articles_comments_mcs5_nn15_ms10_seed2026_78a3a33f427c5f33,paper2_test,article_passage,articles_comments,fit,97774,5,15,10,2026,1082,950,177.92542326822877,51.394031133021045,23520,48887,48645,242,99.50498087426105,943
articles_comments_mcs5_nn15_ms10_seed2026_78a3a33f427c5f33,paper2_test,comment,articles_comments,fit,97774,5,15,10,2026,1082,950,177.92542326822877,26.75353365925502,35697,48887,48776,111,99.77294577290486,914
articles_comments_mcs5_nn15_ms10_seed2027_469aa67697c67bd1,paper2_test,article_passage,articles_comments,fit,97774,5,15,10,2027,1068,874,195.68666805699468,52.081330415038764,23153,48887,48614,273,99.4415693333606,870
articles_comments_mcs5_nn15_ms10_seed2027_469aa67697c67bd1,paper2_test,comment,articles_comments,fit,97774,5,15,10,2027,1068,874,195.68666805699468,27.6392496982838,35249,48887,48761,126,99.74226276924337,840
articles_comments_mcs5_nn15_ms15_seed2025_0634e8367dfa2c0d,paper2_test,article_passage,articles_comments,fit,97774,5,15,15,2025,652,544,188.0586963146925,51.71108883752326,23212,48887,48492,395,99.19201423691369,541
articles_comments_mcs5_nn15_ms15_seed2025_0634e8367dfa2c0d,paper2_test,comment,articles_comments,fit,97774,5,15,15,2025,652,544,188.0586963146925,29.103851739726306,34525,48887,48753,134,99.72589850062388,533
articles_comments_mcs5_nn15_ms15_seed2026_3a8d059c13997a4d,paper2_test,article_passage,articles_comments,fit,97774,5,15,15,2026,676,520,176.67144303768873,47.82457504039929,25079,48887,48459,428,99.12451162885839,520
articles_comments_mcs5_nn15_ms15_seed2026_3a8d059c13997a4d,paper2_test,comment,articles_comments,fit,97774,5,15,15,2026,676,520,176.67144303768873,27.101274367418743,35488,48887,48737,150,99.69316996338495,510
articles_comments_mcs5_nn15_ms15_seed2027_a04401fae6d98041,paper2_test,article_passage,articles_comments,fit,97774,5,15,15,2027,656,556,183.49979440495372,49.908973755804205,24102,48887,48501,386,99.2104240391106,551
articles_comments_mcs5_nn15_ms15_seed2027_a04401fae6d98041,paper2_test,comment,articles_comments,fit,97774,5,15,15,2027,656,556,183.49979440495372,25.12324339804038,36489,48887,48771,116,99.76271810501768,538
articles_comments_mcs5_nn20_ms1_seed2025_b1c5a81732e401ea,paper2_test,article_passage,articles_comments,fit,97774,5,20,1,2025,5138,4262,243.35243126004934,67.32873770122937,15917,48887,48832,55,99.88749565324115,3804
articles_comments_mcs5_nn20_ms1_seed2025_b1c5a81732e401ea,paper2_test,comment,articles_comments,fit,97774,5,20,1,2025,5138,4262,243.35243126004934,51.43289627099229,23714,48887,48858,29,99.94067952625443,3691
articles_comments_mcs5_nn20_ms1_seed2026_8ddd85ff89d82e7c,paper2_test,article_passage,articles_comments,fit,97774,5,20,1,2026,5259,1537,252.3747755549848,67.525108924663,15755,48887,48766,121,99.75249043713052,1522
articles_comments_mcs5_nn20_ms1_seed2026_8ddd85ff89d82e7c,paper2_test,comment,articles_comments,fit,97774,5,20,1,2026,5259,1537,252.3747755549848,52.019964407715754,23378,48887,48809,78,99.84044838096018,1338
articles_comments_mcs5_nn20_ms1_seed2027_a71fb28c1f739266,paper2_test,article_passage,articles_comments,fit,97774,5,20,1,2027,5242,4375,251.77352310717106,67.07918260478246,16046,48887,48839,48,99.90181438828319,3888
articles_comments_mcs5_nn20_ms1_seed2027_a71fb28c1f739266,paper2_test,comment,articles_comments,fit,97774,5,20,1,2027,5242,4375,251.77352310717106,51.40221326733079,23721,48887,48850,37,99.92431525763496,3737
articles_comments_mcs5_nn20_ms3_seed2025_0b51066371b2ee9f,paper2_test,article_passage,articles_comments,fit,97774,5,20,3,2025,2921,2133,207.9590841382742,59.16296766011414,19870,48887,48793,94,99.80771984372123,2081
articles_comments_mcs5_nn20_ms3_seed2025_0b51066371b2ee9f,paper2_test,comment,articles_comments,fit,97774,5,20,3,2025,2921,2133,207.9590841382742,33.33401517785914,32521,48887,48817,70,99.85681264957964,1854
articles_comments_mcs5_nn20_ms3_seed2026_fd318dcea02f0a73,paper2_test,article_passage,articles_comments,fit,97774,5,20,3,2026,2962,2327,221.06460325792432,57.80268783112075,20535,48887,48793,94,99.80771984372123,2260
articles_comments_mcs5_nn20_ms3_seed2026_fd318dcea02f0a73,paper2_test,comment,articles_comments,fit,97774,5,20,3,2026,2962,2327,221.06460325792432,33.196964428171086,32605,48887,48834,53,99.89158672039602,2010
articles_comments_mcs5_nn20_ms3_seed2027_1559b3d789b9205c,paper2_test,article_passage,articles_comments,fit,97774,5,20,3,2027,2943,2492,208.72575102746487,58.59840039274245,20160,48887,48807,80,99.83635731380531,2392
articles_comments_mcs5_nn20_ms3_seed2027_1559b3d789b9205c,paper2_test,comment,articles_comments,fit,97774,5,20,3,2027,2943,2492,208.72575102746487,33.52220426698304,32442,48887,48830,57,99.88340458608627,2159
articles_comments_mcs5_nn20_ms5_seed2025_2393a41b3fc9100c,paper2_test,article_passage,articles_comments,fit,97774,5,20,5,2025,1915,1669,198.2296472080052,55.16394951623131,21794,48887,48762,125,99.7443083028208,1643
articles_comments_mcs5_nn20_ms5_seed2025_2393a41b3fc9100c,paper2_test,comment,articles_comments,fit,97774,5,20,5,2025,1915,1669,198.2296472080052,27.003088755701928,35612,48887,48813,74,99.8486305152699,1491
articles_comments_mcs5_nn20_ms5_seed2026_202506dfbe76e4cc,paper2_test,article_passage,articles_comments,fit,97774,5,20,5,2026,1918,1520,189.25756845623255,56.23785464438399,21251,48887,48744,143,99.70748869842699,1498
articles_comments_mcs5_nn20_ms5_seed2026_202506dfbe76e4cc,paper2_test,comment,articles_comments,fit,97774,5,20,5,2026,1918,1520,189.25756845623255,27.238325117106797,35486,48887,48802,85,99.82612964591814,1363
articles_comments_mcs5_nn20_ms5_seed2027_7243528d75ea6964,paper2_test,article_passage,articles_comments,fit,97774,5,20,5,2027,1884,1624,188.88581555709243,56.59377748685744,21092,48887,48759,128,99.73817170208848,1585
articles_comments_mcs5_nn20_ms5_seed2027_7243528d75ea6964,paper2_test,comment,articles_comments,fit,97774,5,20,5,2027,1884,1624,188.88581555709243,27.4694704113568,35388,48887,48817,70,99.85681264957964,1441
articles_comments_mcs5_nn20_ms10_seed2025_bf86c43ce6527555,paper2_test,article_passage,articles_comments,fit,97774,5,20,10,2025,961,845,188.16459122300148,51.929960930308674,23220,48887,48607,280,99.42725059831858,835
articles_comments_mcs5_nn20_ms10_seed2025_bf86c43ce6527555,paper2_test,comment,articles_comments,fit,97774,5,20,10,2025,961,845,188.16459122300148,26.2544234663612,35939,48887,48774,113,99.76885470575,800
articles_comments_mcs5_nn20_ms10_seed2026_77214f4c34136e65,paper2_test,article_passage,articles_comments,fit,97774,5,20,10,2026,930,535,188.01368727907538,51.79291018062061,22960,48887,48280,607,98.75836111849776,533
articles_comments_mcs5_nn20_ms10_seed2026_77214f4c34136e65,paper2_test,comment,articles_comments,fit,97774,5,20,10,2026,930,535,188.01368727907538,25.8412256837196,35973,48887,48606,281,99.42520506474114,521
articles_comments_mcs5_nn20_ms10_seed2027_2671844f1f92ca13,paper2_test,article_passage,articles_comments,fit,97774,5,20,10,2027,954,815,187.93428321927786,52.50475586556753,22911,48887,48579,308,99.36997565815044,806
articles_comments_mcs5_nn20_ms10_seed2027_2671844f1f92ca13,paper2_test,comment,articles_comments,fit,97774,5,20,10,2027,954,815,187.93428321927786,25.305295886431978,36387,48887,48758,129,99.73612616851105,776
articles_comments_mcs5_nn20_ms15_seed2025_86824eaf4b9af82b,paper2_test,article_passage,articles_comments,fit,97774,5,20,15,2025,602,346,181.73175402730703,50.19943952379978,23500,48887,48041,846,98.26947859349112,346
articles_comments_mcs5_nn20_ms15_seed2025_86824eaf4b9af82b,paper2_test,comment,articles_comments,fit,97774,5,20,15,2025,602,346,181.73175402730703,26.019187104956327,35845,48887,48565,322,99.34133818806636,339
articles_comments_mcs5_nn20_ms15_seed2026_2026055139145c21,paper2_test,article_passage,articles_comments,fit,97774,5,20,15,2026,582,382,182.05824123695493,51.43085073741486,23056,48887,48199,688,98.59267289872562,381
articles_comments_mcs5_nn20_ms15_seed2026_2026055139145c21,paper2_test,comment,articles_comments,fit,97774,5,20,15,2026,582,382,182.05824123695493,30.10002659193651,33887,48887,48602,285,99.4170229304314,373
articles_comments_mcs5_nn20_ms15_seed2027_11fa5f466ae87916,paper2_test,article_passage,articles_comments,fit,97774,5,20,15,2027,567,460,182.2891815006733,51.59858449076442,23231,48887,48456,431,99.11837502812608,459
articles_comments_mcs5_nn20_ms15_seed2027_11fa5f466ae87916,paper2_test,comment,articles_comments,fit,97774,5,20,15,2027,567,460,182.2891815006733,27.449015075582466,35300,48887,48719,168,99.65635035899115,446
articles_comments_mcs10_nn5_ms1_seed2025_814109051b92da60,paper2_test,article_passage,articles_comments,fit,97774,10,5,1,2025,2645,1336,144.5187959894538,72.26461022357682,13481,48887,48809,78,99.84044838096018,1323
articles_comments_mcs10_nn5_ms1_seed2025_814109051b92da60,paper2_test,comment,articles_comments,fit,97774,10,5,1,2025,2645,1336,144.5187959894538,56.495591875140626,21227,48887,48846,41,99.91613312332522,1230
articles_comments_mcs10_nn5_ms1_seed2026_fee3b8a7d45137a2,paper2_test,article_passage,articles_comments,fit,97774,10,5,1,2026,2652,2180,150.15268779918551,70.9452410661321,14166,48887,48849,38,99.92226972405753,2119
articles_comments_mcs10_nn5_ms1_seed2026_fee3b8a7d45137a2,paper2_test,comment,articles_comments,fit,97774,10,5,1,2026,2652,2180,150.15268779918551,55.84920326467159,21559,48887,48862,25,99.94886166056416,1988
articles_comments_mcs10_nn5_ms1_seed2027_f5c3923f2fa24da4,paper2_test,article_passage,articles_comments,fit,97774,10,5,1,2027,2648,1089,142.97528150305152,69.83860740074049,14652,48887,48794,93,99.80976537729866,1082
articles_comments_mcs10_nn5_ms1_seed2027_f5c3923f2fa24da4,paper2_test,comment,articles_comments,fit,97774,10,5,1,2027,2648,1089,142.97528150305152,57.59404340622252,20685,48887,48841,46,99.90590545543805,1006
articles_comments_mcs10_nn5_ms3_seed2025_9d0f27186876797a,paper2_test,article_passage,articles_comments,fit,97774,10,5,3,2025,2093,1080,131.31820429861546,67.01372553030458,16008,48887,48769,118,99.75862703786282,1075
articles_comments_mcs10_nn5_ms3_seed2025_9d0f27186876797a,paper2_test,comment,articles_comments,fit,97774,10,5,3,2025,2093,1080,131.31820429861546,47.10454722114263,25800,48887,48828,59,99.87931351893141,1009
articles_comments_mcs10_nn5_ms3_seed2026_02f60ba5ff0dfa2f,paper2_test,article_passage,articles_comments,fit,97774,10,5,3,2026,2181,1810,136.06268199905753,65.23615685151472,16947,48887,48839,48,99.90181438828319,1788
articles_comments_mcs10_nn5_ms3_seed2026_02f60ba5ff0dfa2f,paper2_test,comment,articles_comments,fit,97774,10,5,3,2026,2181,1810,136.06268199905753,45.96313948493464,26386,48887,48856,31,99.93658845909955,1650
articles_comments_mcs10_nn5_ms3_seed2027_fdeaaa15ea500e49,paper2_test,article_passage,articles_comments,fit,97774,10,5,3,2027,2131,1065,135.26771971955895,66.46961359870723,16288,48887,48783,104,99.78726450794689,1062
articles_comments_mcs10_nn5_ms3_seed2027_fdeaaa15ea500e49,paper2_test,comment,articles_comments,fit,97774,10,5,3,2027,2131,1065,135.26771971955895,46.95931433714484,25869,48887,48826,61,99.87522245177655,1005
articles_comments_mcs10_nn5_ms5_seed2025_d427050c7a94b4c6,paper2_test,article_passage,articles_comments,fit,97774,10,5,5,2025,1820,995,131.19042585790157,64.20111686133328,17377,48887,48763,124,99.74635383639823,991
articles_comments_mcs10_nn5_ms5_seed2025_d427050c7a94b4c6,paper2_test,comment,articles_comments,fit,97774,10,5,5,2025,1820,995,131.19042585790157,41.7022930431403,28427,48887,48814,73,99.85067604884735,942
articles_comments_mcs10_nn5_ms5_seed2026_939994ad10f3f732,paper2_test,article_passage,articles_comments,fit,97774,10,5,5,2026,1837,938,126.48915475606918,63.47699797492176,17726,48887,48758,129,99.73612616851105,935
articles_comments_mcs10_nn5_ms5_seed2026_939994ad10f3f732,paper2_test,comment,articles_comments,fit,97774,10,5,5,2026,1837,938,126.48915475606918,40.63861558287479,28942,48887,48809,78,99.84044838096018,890
articles_comments_mcs10_nn5_ms5_seed2027_b926747b6ee9b21f,paper2_test,article_passage,articles_comments,fit,97774,10,5,5,2027,1847,1590,131.3176855146885,63.05766359154785,17969,48887,48796,91,99.81385644445353,1564
articles_comments_mcs10_nn5_ms5_seed2027_b926747b6ee9b21f,paper2_test,comment,articles_comments,fit,97774,10,5,5,2027,1847,1590,131.3176855146885,41.338188066357105,28637,48887,48846,41,99.91613312332522,1457
articles_comments_mcs10_nn5_ms10_seed2025_2265763e39555961,paper2_test,article_passage,articles_comments,fit,97774,10,5,10,2025,1382,948,125.21179159358144,57.180845623580915,20768,48887,48722,165,99.66248695972344,943
articles_comments_mcs10_nn5_ms10_seed2025_2265763e39555961,paper2_test,comment,articles_comments,fit,97774,10,5,10,2025,1382,948,125.21179159358144,36.220263055618055,31096,48887,48803,84,99.82817517949557,904
articles_comments_mcs10_nn5_ms10_seed2026_f32e2e14ce76e5c3,paper2_test,article_passage,articles_comments,fit,97774,10,5,10,2026,1353,935,125.12656205147505,58.14838300570704,20305,48887,48732,155,99.68294229549778,931
articles_comments_mcs10_nn5_ms10_seed2026_f32e2e14ce76e5c3,paper2_test,comment,articles_comments,fit,97774,10,5,10,2026,1353,935,125.12656205147505,36.88915253543887,30765,48887,48799,88,99.81999304518584,890
articles_comments_mcs10_nn5_ms10_seed2027_a631372720191c34,paper2_test,article_passage,articles_comments,fit,97774,10,5,10,2027,1334,756,124.4031280092895,57.1317528177225,20724,48887,48654,233,99.52339067645795,754
articles_comments_mcs10_nn5_ms10_seed2027_a631372720191c34,paper2_test,comment,articles_comments,fit,97774,10,5,10,2027,1334,756,124.4031280092895,38.134882484095975,30134,48887,48777,110,99.77499130648229,729
articles_comments_mcs10_nn5_ms15_seed2025_ab5d1047b3c51c3b,paper2_test,article_passage,articles_comments,fit,97774,10,5,15,2025,900,584,120.94373670965433,51.48608014400556,23405,48887,48575,312,99.36179352384069,581
articles_comments_mcs10_nn5_ms15_seed2025_ab5d1047b3c51c3b,paper2_test,comment,articles_comments,fit,97774,10,5,15,2025,900,584,120.94373670965433,34.81498148792112,31759,48887,48779,108,99.77908237363717,573
articles_comments_mcs10_nn5_ms15_seed2026_3a52156966a77b57,paper2_test,article_passage,articles_comments,fit,97774,10,5,15,2026,875,511,120.64890670031309,52.077239347883896,23117,48887,48576,311,99.36383905741812,510
articles_comments_mcs10_nn5_ms15_seed2026_3a52156966a77b57,paper2_test,comment,articles_comments,fit,97774,10,5,15,2026,875,511,120.64890670031309,33.98654038906049,32135,48887,48750,137,99.7197618998916,503
articles_comments_mcs10_nn5_ms15_seed2027_4c5590d369ef319d,paper2_test,article_passage,articles_comments,fit,97774,10,5,15,2027,880,490,121.24871646612883,47.80616523820239,25124,48887,48495,392,99.19815083764601,488
articles_comments_mcs10_nn5_ms15_seed2027_4c5590d369ef319d,paper2_test,comment,articles_comments,fit,97774,10,5,15,2027,880,490,121.24871646612883,36.18139791764682,31076,48887,48764,123,99.74839936997566,480
articles_comments_mcs10_nn10_ms1_seed2025_dd3a793e74fc5fdf,paper2_test,article_passage,articles_comments,fit,97774,10,10,1,2025,2272,1872,202.69685446843505,67.63761327142184,15754,48887,48820,67,99.86294925031194,1832
articles_comments_mcs10_nn10_ms1_seed2025_dd3a793e74fc5fdf,paper2_test,comment,articles_comments,fit,97774,10,10,1,2025,2272,1872,202.69685446843505,49.75146767034181,24536,48887,48858,29,99.94067952625443,1729
articles_comments_mcs10_nn10_ms1_seed2026_84736b5ecdede85d,paper2_test,article_passage,articles_comments,fit,97774,10,10,1,2026,2229,1180,203.19564547389746,68.62969705647718,15225,48887,48776,111,99.77294577290486,1172
articles_comments_mcs10_nn10_ms1_seed2026_84736b5ecdede85d,paper2_test,comment,articles_comments,fit,97774,10,10,1,2026,2229,1180,203.19564547389746,49.24212980956082,24750,48887,48823,64,99.86908585104425,1108
articles_comments_mcs10_nn10_ms1_seed2027_d71fbc47bfa4833b,paper2_test,article_passage,articles_comments,fit,97774,10,10,1,2027,2274,1899,202.8280665576458,66.55961707611431,16273,48887,48812,75,99.84658498169247,1849
articles_comments_mcs10_nn10_ms1_seed2027_d71fbc47bfa4833b,paper2_test,comment,articles_comments,fit,97774,10,10,1,2027,2274,1899,202.8280665576458,49.13576206353427,24812,48887,48833,54,99.88954118681859,1741
articles_comments_mcs10_nn10_ms3_seed2025_bc359b8ddb18bf5e,paper2_test,article_passage,articles_comments,fit,97774,10,10,3,2025,1701,1299,188.33043121546507,61.75670423630004,18585,48887,48776,111,99.77294577290486,1292
articles_comments_mcs10_nn10_ms3_seed2025_bc359b8ddb18bf5e,paper2_test,comment,articles_comments,fit,97774,10,10,3,2025,1701,1299,188.33043121546507,38.582854337553954,29956,48887,48818,69,99.85885818315707,1201
articles_comments_mcs10_nn10_ms3_seed2026_9ecc589a6b5211e0,paper2_test,article_passage,articles_comments,fit,97774,10,10,3,2026,1692,1420,204.57053134962916,62.92265837543724,18022,48887,48783,104,99.78726450794689,1392
articles_comments_mcs10_nn10_ms3_seed2026_9ecc589a6b5211e0,paper2_test,comment,articles_comments,fit,97774,10,10,3,2026,1692,1420,204.57053134962916,38.10829054758934,30204,48887,48834,53,99.89158672039602,1309
articles_comments_mcs10_nn10_ms3_seed2027_10390ab0bddfedbb,paper2_test,article_passage,articles_comments,fit,97774,10,10,3,2027,1654,1396,188.58924712613225,63.1333483339129,17914,48887,48778,109,99.77703684005974,1379
articles_comments_mcs10_nn10_ms3_seed2027_10390ab0bddfedbb,paper2_test,comment,articles_comments,fit,97774,10,10,3,2027,1654,1396,188.58924712613225,36.893243602593735,30774,48887,48810,77,99.84249391453761,1291
articles_comments_mcs10_nn10_ms5_seed2025_c9fb98b67f845e4b,paper2_test,article_passage,articles_comments,fit,97774,10,10,5,2025,1410,1163,189.96205412223935,59.218197066704846,19795,48887,48745,142,99.70953423200442,1155
articles_comments_mcs10_nn10_ms5_seed2025_c9fb98b67f845e4b,paper2_test,comment,articles_comments,fit,97774,10,10,5,2025,1410,1163,189.96205412223935,33.6715282181357,32340,48887,48801,86,99.8240841123407,1091
articles_comments_mcs10_nn10_ms5_seed2026_cb7ed225902ded3c,paper2_test,article_passage,articles_comments,fit,97774,10,10,5,2026,1431,1241,189.05062743276358,59.59252971137521,19619,48887,48752,135,99.72385296704645,1223
articles_comments_mcs10_nn10_ms5_seed2026_cb7ed225902ded3c,paper2_test,comment,articles_comments,fit,97774,10,10,5,2026,1431,1241,189.05062743276358,32.6814899666578,32842,48887,48819,68,99.86090371673451,1147
articles_comments_mcs10_nn10_ms5_seed2027_efbccc3ba92031bb,paper2_test,article_passage,articles_comments,fit,97774,10,10,5,2027,1377,1189,188.81581600010395,59.27956307402786,19753,48887,48733,154,99.68498782907521,1175
articles_comments_mcs10_nn10_ms5_seed2027_efbccc3ba92031bb,paper2_test,comment,articles_comments,fit,97774,10,10,5,2027,1377,1189,188.81581600010395,33.571297072841446,32392,48887,48804,83,99.830220713073,1109
articles_comments_mcs10_nn10_ms10_seed2025_84606c213f30cb68,paper2_test,article_passage,articles_comments,fit,97774,10,10,10,2025,1005,850,172.30656041949987,54.97780596068485,21797,48887,48674,213,99.56430134800662,843
articles_comments_mcs10_nn10_ms10_seed2025_84606c213f30cb68,paper2_test,comment,articles_comments,fit,97774,10,10,10,2025,1005,850,172.30656041949987,30.8405097469675,33711,48887,48788,99,99.79749217583407,810
articles_comments_mcs10_nn10_ms10_seed2026_4cff2b8f17fc086d,paper2_test,article_passage,articles_comments,fit,97774,10,10,10,2026,991,541,189.12262376397848,55.761245320841944,21155,48887,48415,472,99.0345081514513,539
articles_comments_mcs10_nn10_ms10_seed2026_4cff2b8f17fc086d,paper2_test,comment,articles_comments,fit,97774,10,10,10,2026,991,541,189.12262376397848,31.875549737148933,33093,48887,48676,211,99.5683924151615,524
articles_comments_mcs10_nn10_ms10_seed2027_75518595c1e7396b,paper2_test,article_passage,articles_comments,fit,97774,10,10,10,2027,1012,838,172.17983036488295,54.79575347229325,21869,48887,48657,230,99.52952727719025,833
articles_comments_mcs10_nn10_ms10_seed2027_75518595c1e7396b,paper2_test,comment,articles_comments,fit,97774,10,10,10,2027,1012,838,172.17983036488295,30.159347065682084,34018,48887,48762,125,99.7443083028208,794
articles_comments_mcs10_nn10_ms15_seed2025_dcb87e42535b70c8,paper2_test,article_passage,articles_comments,fit,97774,10,10,15,2025,612,391,170.60387172922492,53.55820565794588,22189,48887,48372,515,98.94655020762166,389
articles_comments_mcs10_nn10_ms15_seed2025_dcb87e42535b70c8,paper2_test,comment,articles_comments,fit,97774,10,10,15,2025,612,391,170.60387172922492,32.54853028412462,32771,48887,48683,204,99.58271115020352,386
articles_comments_mcs10_nn10_ms15_seed2026_b891e4bcf5208a61,paper2_test,article_passage,articles_comments,fit,97774,10,10,15,2026,616,304,180.26461048424244,53.12455253952994,22091,48887,48062,825,98.31243479861722,303
articles_comments_mcs10_nn10_ms15_seed2026_b891e4bcf5208a61,paper2_test,comment,articles_comments,fit,97774,10,10,15,2026,616,304,180.26461048424244,29.934338372164376,33957,48887,48591,296,99.39452206107964,297
articles_comments_mcs10_nn10_ms15_seed2027_0c2f97078a1d22f0,paper2_test,article_passage,articles_comments,fit,97774,10,10,15,2027,630,446,170.9958826303482,51.823593184282124,23079,48887,48414,473,99.03246261787388,443
articles_comments_mcs10_nn10_ms15_seed2027_0c2f97078a1d22f0,paper2_test,comment,articles_comments,fit,97774,10,10,15,2027,630,446,170.9958826303482,31.2537075296091,33445,48887,48724,163,99.66657802687831,438
articles_comments_mcs10_nn15_ms1_seed2025_1421399d80e315d7,paper2_test,article_passage,articles_comments,fit,97774,10,15,1,2025,2163,915,211.13628762215376,64.39544255118948,17235,48887,48716,171,99.65021375825884,912
articles_comments_mcs10_nn15_ms1_seed2025_1421399d80e315d7,paper2_test,comment,articles_comments,fit,97774,10,15,1,2025,2163,915,211.13628762215376,44.251027880622665,27154,48887,48787,100,99.79544664225664,884
articles_comments_mcs10_nn15_ms1_seed2026_58b6e8752e4a5a1b,paper2_test,article_passage,articles_comments,fit,97774,10,15,1,2026,2127,1718,198.86293675750494,64.83523227033771,17111,48887,48807,80,99.83635731380531,1683
articles_comments_mcs10_nn15_ms1_seed2026_58b6e8752e4a5a1b,paper2_test,comment,articles_comments,fit,97774,10,15,1,2026,2127,1718,198.86293675750494,43.69055168040583,27487,48887,48846,41,99.91613312332522,1602
articles_comments_mcs10_nn15_ms1_seed2027_cfb21ebb8c132fee,paper2_test,article_passage,articles_comments,fit,97774,10,15,1,2027,2129,877,195.51554738730192,66.16892016282448,16357,48887,48705,182,99.62771288890707,875
articles_comments_mcs10_nn15_ms1_seed2027_cfb21ebb8c132fee,paper2_test,comment,articles_comments,fit,97774,10,15,1,2027,2129,877,195.51554738730192,44.93423609548551,26774,48887,48741,146,99.70135209769468,849
articles_comments_mcs10_nn15_ms3_seed2025_f4d0ec0e1880dbbc,paper2_test,article_passage,articles_comments,fit,97774,10,15,3,2025,1503,1264,213.3030668720603,58.45112197516722,20192,48887,48767,120,99.75453597070796,1245
articles_comments_mcs10_nn15_ms3_seed2025_f4d0ec0e1880dbbc,paper2_test,comment,articles_comments,fit,97774,10,15,3,2025,1503,1264,213.3030668720603,33.56106940495428,32413,48887,48820,67,99.86294925031194,1180
articles_comments_mcs10_nn15_ms3_seed2026_5198c70d1e4ec780,paper2_test,article_passage,articles_comments,fit,97774,10,15,3,2026,1458,1255,205.01593950763345,62.1249002802381,18403,48887,48774,113,99.76885470575,1236
articles_comments_mcs10_nn15_ms3_seed2026_5198c70d1e4ec780,paper2_test,comment,articles_comments,fit,97774,10,15,3,2026,1458,1255,205.01593950763345,34.514288052038374,31945,48887,48818,69,99.85885818315707,1176
articles_comments_mcs10_nn15_ms3_seed2027_046b653bc5c03263,paper2_test,article_passage,articles_comments,fit,97774,10,15,3,2027,1491,1205,206.47785118594766,59.88094994579336,19476,48887,48750,137,99.7197618998916,1192
articles_comments_mcs10_nn15_ms3_seed2027_046b653bc5c03263,paper2_test,comment,articles_comments,fit,97774,10,15,3,2027,1491,1205,206.47785118594766,32.98627446969542,32688,48887,48814,73,99.85067604884735,1133
articles_comments_mcs10_nn15_ms5_seed2025_eae73e05144df8a6,paper2_test,article_passage,articles_comments,fit,97774,10,15,5,2025,1197,1013,203.9348428323865,56.56718555035081,21075,48887,48729,158,99.67680569476548,1002
articles_comments_mcs10_nn15_ms5_seed2025_eae73e05144df8a6,paper2_test,comment,articles_comments,fit,97774,10,15,5,2025,1197,1013,203.9348428323865,30.32503528545421,33979,48887,48804,83,99.830220713073,955
articles_comments_mcs10_nn15_ms5_seed2026_9a268be8d853613e,paper2_test,article_passage,articles_comments,fit,97774,10,15,5,2026,1183,994,189.40370022505522,58.33452656125351,20202,48887,48720,167,99.65839589256858,984
articles_comments_mcs10_nn15_ms5_seed2026_9a268be8d853613e,paper2_test,comment,articles_comments,fit,97774,10,15,5,2026,1183,994,189.40370022505522,30.359809356270585,33942,48887,48784,103,99.78931004152433,934
articles_comments_mcs10_nn15_ms5_seed2027_cda3fce40b9d9b01,paper2_test,article_passage,articles_comments,fit,97774,10,15,5,2027,1196,1057,191.52442396059632,56.94765479575348,20868,48887,48708,179,99.63384948963937,1045
articles_comments_mcs10_nn15_ms5_seed2027_cda3fce40b9d9b01,paper2_test,comment,articles_comments,fit,97774,10,15,5,2027,1196,1057,191.52442396059632,30.946877492994044,33689,48887,48818,69,99.85885818315707,989
articles_comments_mcs10_nn15_ms10_seed2025_8667b0de0aedfd5f,paper2_test,article_passage,articles_comments,fit,97774,10,15,10,2025,874,751,198.01411854475737,54.03276944791049,22210,48887,48625,262,99.46407020271238,743
articles_comments_mcs10_nn15_ms10_seed2025_8667b0de0aedfd5f,paper2_test,comment,articles_comments,fit,97774,10,15,10,2025,874,751,198.01411854475737,28.124041156135576,35038,48887,48787,100,99.79544664225664,714
articles_comments_mcs10_nn15_ms10_seed2026_180c1db19ad6d2b5,paper2_test,article_passage,articles_comments,fit,97774,10,15,10,2026,882,756,185.42018522322178,53.72593941129543,22354,48887,48619,268,99.45179700124778,750
articles_comments_mcs10_nn15_ms10_seed2026_180c1db19ad6d2b5,paper2_test,comment,articles_comments,fit,97774,10,15,10,2026,882,756,185.42018522322178,27.003088755701928,35582,48887,48783,104,99.78726450794689,724
articles_comments_mcs10_nn15_ms10_seed2027_e9a25ae512b77d43,paper2_test,article_passage,articles_comments,fit,97774,10,15,10,2027,844,702,186.0687008574605,53.27796755783746,22475,48887,48521,366,99.25133471065928,697
articles_comments_mcs10_nn15_ms10_seed2027_e9a25ae512b77d43,paper2_test,comment,articles_comments,fit,97774,10,15,10,2027,844,702,186.0687008574605,27.8458485896046,35128,48887,48741,146,99.70135209769468,672
articles_comments_mcs10_nn15_ms15_seed2025_d6e68f7d3ff8843b,paper2_test,article_passage,articles_comments,fit,97774,10,15,15,2025,563,419,187.69292384386063,48.323685233293105,24626,48887,48250,637,98.69699511117474,416
articles_comments_mcs10_nn15_ms15_seed2025_d6e68f7d3ff8843b,paper2_test,comment,articles_comments,fit,97774,10,15,15,2025,563,419,187.69292384386063,26.665575715425373,35651,48887,48687,200,99.59089328451326,409
articles_comments_mcs10_nn15_ms15_seed2026_903c7c10180c37f4,paper2_test,article_passage,articles_comments,fit,97774,10,15,15,2026,565,473,171.22188154235482,49.97647636385951,24036,48887,48468,419,99.14292143105529,471
articles_comments_mcs10_nn15_ms15_seed2026_903c7c10180c37f4,paper2_test,comment,articles_comments,fit,97774,10,15,15,2026,565,473,171.22188154235482,27.36105713175282,35378,48887,48754,133,99.72794403420131,462
articles_comments_mcs10_nn15_ms15_seed2027_4b693cebcca439ef,paper2_test,article_passage,articles_comments,fit,97774,10,15,15,2027,554,457,177.49520249292254,51.12197516722237,23478,48887,48470,417,99.14701249821016,454
articles_comments_mcs10_nn15_ms15_seed2027_4b693cebcca439ef,paper2_test,comment,articles_comments,fit,97774,10,15,15,2027,554,457,177.49520249292254,28.216090167120093,34966,48887,48760,127,99.74021723566592,446
articles_comments_mcs10_nn20_ms1_seed2025_62812925822d80d7,paper2_test,article_passage,articles_comments,fit,97774,10,20,1,2025,2006,850,192.53929218277335,63.677460265510256,17545,48887,48675,212,99.56634688158405,848
articles_comments_mcs10_nn20_ms1_seed2025_62812925822d80d7,paper2_test,comment,articles_comments,fit,97774,10,20,1,2025,2006,850,192.53929218277335,42.70255896250537,27863,48887,48739,148,99.69726103053982,817
articles_comments_mcs10_nn20_ms1_seed2026_9adf4d485675244a,paper2_test,article_passage,articles_comments,fit,97774,10,20,1,2026,2065,865,192.2084843069315,62.83879149876245,17956,48887,48676,211,99.5683924151615,859
articles_comments_mcs10_nn20_ms1_seed2026_9adf4d485675244a,paper2_test,comment,articles_comments,fit,97774,10,20,1,2026,2065,865,192.2084843069315,41.56524229345225,28448,48887,48768,119,99.75658150428539,828
articles_comments_mcs10_nn20_ms1_seed2027_32fd1304f2c0b124,paper2_test,article_passage,articles_comments,fit,97774,10,20,1,2027,2014,1578,193.26813428848982,63.5465461165545,17712,48887,48778,109,99.77703684005974,1550
articles_comments_mcs10_nn20_ms1_seed2027_32fd1304f2c0b124,paper2_test,comment,articles_comments,fit,97774,10,20,1,2027,2014,1578,193.26813428848982,43.36735737517131,27632,48887,48833,54,99.88954118681859,1473
articles_comments_mcs10_nn20_ms3_seed2025_5c47b682d23e700d,paper2_test,article_passage,articles_comments,fit,97774,10,20,3,2025,1395,1184,188.3505683504045,57.377216847014544,20703,48887,48753,134,99.72589850062388,1168
articles_comments_mcs10_nn20_ms3_seed2025_5c47b682d23e700d,paper2_test,comment,articles_comments,fit,97774,10,20,3,2025,1395,1184,188.3505683504045,31.259844130341403,33538,48887,48820,67,99.86294925031194,1104
articles_comments_mcs10_nn20_ms3_seed2026_62b6557df5d66a3a,paper2_test,article_passage,articles_comments,fit,97774,10,20,3,2026,1326,755,188.43844651058316,60.16732464663408,19192,48887,48606,281,99.42520506474114,752
articles_comments_mcs10_nn20_ms3_seed2026_62b6557df5d66a3a,paper2_test,comment,articles_comments,fit,97774,10,20,3,2026,1326,755,188.43844651058316,31.74259005461575,33214,48887,48732,155,99.68294229549778,723
articles_comments_mcs10_nn20_ms3_seed2027_d95e89b2ba03dd95,paper2_test,article_passage,articles_comments,fit,97774,10,20,3,2027,1396,1155,188.15744142606854,56.75128357231984,20986,48887,48730,157,99.67885122834291,1142
articles_comments_mcs10_nn20_ms3_seed2027_d95e89b2ba03dd95,paper2_test,comment,articles_comments,fit,97774,10,20,3,2027,1396,1155,188.15744142606854,31.89395953934584,33215,48887,48807,80,99.83635731380531,1089
articles_comments_mcs10_nn20_ms5_seed2025_25e5afaadddd2869,paper2_test,article_passage,articles_comments,fit,97774,10,20,5,2025,1077,907,191.82802144438028,57.628817477038886,20520,48887,48693,194,99.60316648597787,897
articles_comments_mcs10_nn20_ms5_seed2025_25e5afaadddd2869,paper2_test,comment,articles_comments,fit,97774,10,20,5,2025,1077,907,191.82802144438028,28.373596252582484,34924,48887,48795,92,99.81181091087609,856
articles_comments_mcs10_nn20_ms5_seed2026_4d35644ed8d95edb,paper2_test,article_passage,articles_comments,fit,97774,10,20,5,2026,1106,854,203.90551671758294,54.0818622537689,22212,48887,48651,236,99.51725407572566,848
articles_comments_mcs10_nn20_ms5_seed2026_4d35644ed8d95edb,paper2_test,comment,articles_comments,fit,97774,10,20,5,2026,1106,854,203.90551671758294,26.71057745412891,35694,48887,48752,135,99.72385296704645,816
articles_comments_mcs10_nn20_ms5_seed2027_7dfa86cd193367a8,paper2_test,article_passage,articles_comments,fit,97774,10,20,5,2027,1104,883,191.6380234360695,56.93538159428887,20850,48887,48684,203,99.58475668378097,877
articles_comments_mcs10_nn20_ms5_seed2027_7dfa86cd193367a8,paper2_test,comment,articles_comments,fit,97774,10,20,5,2027,1104,883,191.6380234360695,29.578415529690922,34309,48887,48769,118,99.75862703786282,833
articles_comments_mcs10_nn20_ms10_seed2025_e89724ffbde72798,paper2_test,article_passage,articles_comments,fit,97774,10,20,10,2025,775,676,194.38422576710582,52.5027103319901,22891,48887,48558,329,99.32701945302432,670
articles_comments_mcs10_nn20_ms10_seed2025_e89724ffbde72798,paper2_test,comment,articles_comments,fit,97774,10,20,10,2025,775,676,194.38422576710582,26.160328921799252,35972,48887,48761,126,99.74226276924337,640
articles_comments_mcs10_nn20_ms10_seed2026_ca1372119c7f2ce7,paper2_test,article_passage,articles_comments,fit,97774,10,20,10,2026,775,448,194.28662824630737,50.604455172131644,23459,48887,48198,689,98.5906273651482,447
articles_comments_mcs10_nn20_ms10_seed2026_ca1372119c7f2ce7,paper2_test,comment,articles_comments,fit,97774,10,20,10,2026,775,448,194.28662824630737,26.698304252664308,35563,48887,48615,272,99.44361486693805,433
articles_comments_mcs10_nn20_ms10_seed2027_01e2076459764169,paper2_test,article_passage,articles_comments,fit,97774,10,20,10,2027,748,645,194.16342677921057,53.36183443451225,22480,48887,48567,320,99.34542925522123,638
articles_comments_mcs10_nn20_ms10_seed2027_01e2076459764169,paper2_test,comment,articles_comments,fit,97774,10,20,10,2027,748,645,194.16342677921057,25.81054268005809,36128,48887,48746,141,99.71157976558185,618
articles_comments_mcs10_nn20_ms15_seed2025_55498a3c7ac3225a,paper2_test,article_passage,articles_comments,fit,97774,10,20,15,2025,511,355,178.49587297067046,49.937611225888276,23771,48887,48184,703,98.56198989506413,354
articles_comments_mcs10_nn20_ms15_seed2025_55498a3c7ac3225a,paper2_test,comment,articles_comments,fit,97774,10,20,15,2025,511,355,178.49587297067046,25.538486714259413,36159,48887,48644,243,99.50293534068362,346
articles_comments_mcs10_nn20_ms15_seed2026_c62671b4e7eeb5a3,paper2_test,article_passage,articles_comments,fit,97774,10,20,15,2026,503,376,178.45212530717254,50.69650418311616,23535,48887,48319,568,98.83813692801768,375
articles_comments_mcs10_nn20_ms15_seed2026_c62671b4e7eeb5a3,paper2_test,comment,articles_comments,fit,97774,10,20,15,2026,503,376,178.45212530717254,26.88444780821077,35555,48887,48698,189,99.61339415386503,366
articles_comments_mcs10_nn20_ms15_seed2027_8774a054b5fc25a5,paper2_test,article_passage,articles_comments,fit,97774,10,20,15,2027,479,411,177.07742944732308,51.04629042485732,23454,48887,48409,478,99.02223494998671,409
articles_comments_mcs10_nn20_ms15_seed2027_8774a054b5fc25a5,paper2_test,comment,articles_comments,fit,97774,10,20,15,2027,479,411,177.07742944732308,29.36158897048295,34373,48887,48727,160,99.67271462761062,403
articles_comments_mcs15_nn5_ms1_seed2025_326a041ecaa9758d,paper2_test,article_passage,articles_comments,fit,97774,15,5,1,2025,1554,696,128.22182851284742,67.26941722748379,15846,48887,48732,155,99.68294229549778,693
articles_comments_mcs15_nn5_ms1_seed2025_326a041ecaa9758d,paper2_test,comment,articles_comments,fit,97774,15,5,1,2025,1554,696,128.22182851284742,54.5441528422689,22152,48887,48817,70,99.85681264957964,669
articles_comments_mcs15_nn5_ms1_seed2026_db5bf34d3ff4222b,paper2_test,article_passage,articles_comments,fit,97774,15,5,1,2026,1543,1026,133.46885954216123,66.63530181847935,16214,48887,48790,97,99.80158324298894,1019
articles_comments_mcs15_nn5_ms1_seed2026_db5bf34d3ff4222b,paper2_test,comment,articles_comments,fit,97774,15,5,1,2026,1543,1026,133.46885954216123,53.39047190459632,22741,48887,48842,45,99.90795098901548,985
articles_comments_mcs15_nn5_ms1_seed2027_cd32775d6fa07673,paper2_test,article_passage,articles_comments,fit,97774,15,5,1,2027,1524,705,128.31040870398283,66.1464192934727,16394,48887,48731,156,99.68089676192035,701
articles_comments_mcs15_nn5_ms1_seed2027_cd32775d6fa07673,paper2_test,comment,articles_comments,fit,97774,15,5,1,2027,1524,705,128.31040870398283,54.18209339906315,22342,48887,48830,57,99.88340458608627,681
articles_comments_mcs15_nn5_ms3_seed2025_32204e3876a43dbe,paper2_test,article_passage,articles_comments,fit,97774,15,5,3,2025,1297,536,123.73959089443088,63.45858817272485,17609,48887,48632,255,99.47838893775442,532
articles_comments_mcs15_nn5_ms3_seed2025_32204e3876a43dbe,paper2_test,comment,articles_comments,fit,97774,15,5,3,2025,1297,536,123.73959089443088,46.58907275962935,26009,48887,48785,102,99.79135557510178,521
articles_comments_mcs15_nn5_ms3_seed2026_f8343220e1807243,paper2_test,article_passage,articles_comments,fit,97774,15,5,3,2026,1332,532,125.2388381101191,62.5319614621474,18057,48887,48627,260,99.46816126986725,532
articles_comments_mcs15_nn5_ms3_seed2026_f8343220e1807243,paper2_test,comment,articles_comments,fit,97774,15,5,3,2026,1332,532,125.2388381101191,44.43921696974656,27040,48887,48765,122,99.75044490355309,521
articles_comments_mcs15_nn5_ms3_seed2027_cd29c522575ffda5,paper2_test,article_passage,articles_comments,fit,97774,15,5,3,2027,1305,816,125.16200579702854,61.75261316914518,18541,48887,48730,157,99.67885122834291,811
articles_comments_mcs15_nn5_ms3_seed2027_cd29c522575ffda5,paper2_test,comment,articles_comments,fit,97774,15,5,3,2027,1305,816,125.16200579702854,45.3106142737333,26671,48887,48822,65,99.86704031746682,792
articles_comments_mcs15_nn5_ms5_seed2025_5ff3f080adce9bc0,paper2_test,article_passage,articles_comments,fit,97774,15,5,5,2025,1195,695,125.42305840924382,59.33479248061857,19688,48887,48695,192,99.60725755313274,691
articles_comments_mcs15_nn5_ms5_seed2025_5ff3f080adce9bc0,paper2_test,comment,articles_comments,fit,97774,15,5,5,2025,1195,695,125.42305840924382,40.6999815901978,28909,48887,48806,81,99.83431178022786,669
articles_comments_mcs15_nn5_ms5_seed2026_432b127b9e2bfa6a,paper2_test,article_passage,articles_comments,fit,97774,15,5,5,2026,1174,985,125.5510686263442,60.08959437069159,19378,48887,48754,133,99.72794403420131,982
articles_comments_mcs15_nn5_ms5_seed2026_432b127b9e2bfa6a,paper2_test,comment,articles_comments,fit,97774,15,5,5,2026,1174,985,125.5510686263442,39.78562808108495,29381,48887,48831,56,99.88545011966372,949
articles_comments_mcs15_nn5_ms5_seed2027_f65c22946a53c461,paper2_test,article_passage,articles_comments,fit,97774,15,5,5,2027,1143,620,123.54916715249419,58.70067707161412,19978,48887,48675,212,99.56634688158405,617
articles_comments_mcs15_nn5_ms5_seed2027_f65c22946a53c461,paper2_test,comment,articles_comments,fit,97774,15,5,5,2027,1143,620,123.54916715249419,41.530468222635875,28498,48887,48801,86,99.8240841123407,605
articles_comments_mcs15_nn5_ms10_seed2025_9d64f4488c6b3c61,paper2_test,article_passage,articles_comments,fit,97774,15,5,10,2025,991,489,119.37788608670235,55.36236627324238,21488,48887,48553,334,99.31679178513716,486
articles_comments_mcs15_nn5_ms10_seed2025_9d64f4488c6b3c61,paper2_test,comment,articles_comments,fit,97774,15,5,10,2025,991,489,119.37788608670235,37.61327142185039,30356,48887,48744,143,99.70748869842699,473
articles_comments_mcs15_nn5_ms10_seed2026_468acc24a2683185,paper2_test,article_passage,articles_comments,fit,97774,15,5,10,2026,939,790,121.76139017939568,55.27031726225786,21703,48887,48723,164,99.66453249330087,786
articles_comments_mcs15_nn5_ms10_seed2026_468acc24a2683185,paper2_test,comment,articles_comments,fit,97774,15,5,10,2026,939,790,121.76139017939568,36.040256100803894,31195,48887,48814,73,99.85067604884735,760
articles_comments_mcs15_nn5_ms10_seed2027_67c700a06849792a,paper2_test,article_passage,articles_comments,fit,97774,15,5,10,2027,944,594,121.14734486117959,54.996215762881754,21714,48887,48600,287,99.41293186327653,591
articles_comments_mcs15_nn5_ms10_seed2027_67c700a06849792a,paper2_test,comment,articles_comments,fit,97774,15,5,10,2027,944,594,121.14734486117959,38.68103994927077,29879,48887,48789,98,99.7995377094115,580
articles_comments_mcs15_nn5_ms15_seed2025_0844dac062288b65,paper2_test,article_passage,articles_comments,fit,97774,15,5,15,2025,809,530,124.41106486693025,51.43289627099229,23390,48887,48534,353,99.27792664716591,528
articles_comments_mcs15_nn5_ms15_seed2025_0844dac062288b65,paper2_test,comment,articles_comments,fit,97774,15,5,15,2025,809,530,124.41106486693025,35.60251191523309,31353,48887,48758,129,99.73612616851105,516
articles_comments_mcs15_nn5_ms15_seed2026_98d829dd7b87049f,paper2_test,article_passage,articles_comments,fit,97774,15,5,15,2026,769,485,120.43129039555788,52.766584163479045,22771,48887,48567,320,99.34542925522123,483
articles_comments_mcs15_nn5_ms15_seed2026_98d829dd7b87049f,paper2_test,comment,articles_comments,fit,97774,15,5,15,2026,769,485,120.43129039555788,35.98298116063575,31173,48887,48764,123,99.74839936997566,477
articles_comments_mcs15_nn5_ms15_seed2027_6df14d6ca643c339,paper2_test,article_passage,articles_comments,fit,97774,15,5,15,2027,786,468,120.33027666807175,49.956021028085175,24064,48887,48486,401,99.1797410354491,466
articles_comments_mcs15_nn5_ms15_seed2027_6df14d6ca643c339,paper2_test,comment,articles_comments,fit,97774,15,5,15,2027,786,468,120.33027666807175,37.76873197373535,30302,48887,48766,121,99.75249043713052,456
articles_comments_mcs15_nn10_ms1_seed2025_c4bfa88fe65850ab,paper2_test,article_passage,articles_comments,fit,97774,15,10,1,2025,1330,1098,191.72244871407747,63.14153046822264,17876,48887,48744,143,99.70748869842699,1085
articles_comments_mcs15_nn10_ms1_seed2025_c4bfa88fe65850ab,paper2_test,comment,articles_comments,fit,97774,15,10,1,2025,1330,1098,191.72244871407747,45.824043201669156,26442,48887,48844,43,99.91204205617035,1066
articles_comments_mcs15_nn10_ms1_seed2026_9610082c86512df1,paper2_test,article_passage,articles_comments,fit,97774,15,10,1,2026,1297,630,179.16100926324725,64.10906785034877,17291,48887,48632,255,99.47838893775442,626
articles_comments_mcs15_nn10_ms1_seed2026_9610082c86512df1,paper2_test,comment,articles_comments,fit,97774,15,10,1,2026,1297,630,179.16100926324725,45.70131118702314,26442,48887,48784,103,99.78931004152433,610
articles_comments_mcs15_nn10_ms1_seed2027_f80c89f85ecfa5e8,paper2_test,article_passage,articles_comments,fit,97774,15,10,1,2027,1261,883,179.308907892555,64.53658436803241,17174,48887,48724,163,99.66657802687831,877
articles_comments_mcs15_nn10_ms1_seed2027_f80c89f85ecfa5e8,paper2_test,comment,articles_comments,fit,97774,15,10,1,2027,1261,883,179.308907892555,46.69953157281076,25993,48887,48823,64,99.86908585104425,848
articles_comments_mcs15_nn10_ms3_seed2025_0c8a2b1678a28a19,paper2_test,article_passage,articles_comments,fit,97774,15,10,3,2025,1028,775,193.4204444885254,58.60658252705219,20029,48887,48680,207,99.57657454947123,769
articles_comments_mcs15_nn10_ms3_seed2025_0c8a2b1678a28a19,paper2_test,comment,articles_comments,fit,97774,15,10,3,2025,1028,775,193.4204444885254,36.41663427905169,30985,48887,48788,99,99.79749217583407,749
articles_comments_mcs15_nn10_ms3_seed2026_4171795c879d7113,paper2_test,article_passage,articles_comments,fit,97774,15,10,3,2026,1029,471,180.59029790386558,59.17114979442387,19538,48887,48465,422,99.136784830323,468
articles_comments_mcs15_nn10_ms3_seed2026_4171795c879d7113,paper2_test,comment,articles_comments,fit,97774,15,10,3,2026,1029,471,180.59029790386558,36.83392312884816,30710,48887,48717,170,99.65225929183627,460
articles_comments_mcs15_nn10_ms3_seed2027_749b64fd617a5fd1,paper2_test,article_passage,articles_comments,fit,97774,15,10,3,2027,1010,744,190.40022812783718,60.31051199705443,19218,48887,48702,185,99.62157628817478,738
articles_comments_mcs15_nn10_ms3_seed2027_749b64fd617a5fd1,paper2_test,comment,articles_comments,fit,97774,15,10,3,2027,1010,744,190.40022812783718,36.76437498721541,30820,48887,48793,94,99.80771984372123,717
articles_comments_mcs15_nn10_ms5_seed2025_55e46b713ee65ac0,paper2_test,article_passage,articles_comments,fit,97774,15,10,5,2025,880,745,183.57868710532784,56.18057970421585,21221,48887,48686,201,99.58884775093583,737
articles_comments_mcs15_nn10_ms5_seed2025_55e46b713ee65ac0,paper2_test,comment,articles_comments,fit,97774,15,10,5,2025,880,745,183.57868710532784,32.45443573956266,32942,48887,48808,79,99.83840284738274,722
articles_comments_mcs15_nn10_ms5_seed2026_fa28255efae74a0c,paper2_test,article_passage,articles_comments,fit,97774,15,10,5,2026,849,698,197.27832309901714,58.62294679567165,20015,48887,48674,213,99.56430134800662,689
articles_comments_mcs15_nn10_ms5_seed2026_fa28255efae74a0c,paper2_test,comment,articles_comments,fit,97774,15,10,5,2026,849,698,197.27832309901714,34.44473991040563,31978,48887,48817,70,99.85681264957964,674
articles_comments_mcs15_nn10_ms5_seed2027_bafd09e1e2f7e0a4,paper2_test,article_passage,articles_comments,fit,97774,15,10,5,2027,862,719,185.5713534243405,58.60249145989731,20039,48887,48688,199,99.5929388180907,713
articles_comments_mcs15_nn10_ms5_seed2027_bafd09e1e2f7e0a4,paper2_test,comment,articles_comments,fit,97774,15,10,5,2027,862,719,185.5713534243405,33.556978337799414,32403,48887,48808,79,99.83840284738274,693
articles_comments_mcs15_nn10_ms10_seed2025_80d88874935cf798,paper2_test,article_passage,articles_comments,fit,97774,15,10,10,2025,696,404,178.54575061798096,54.116636324585265,21839,48887,48295,592,98.78904412215927,402
articles_comments_mcs15_nn10_ms10_seed2025_80d88874935cf798,paper2_test,comment,articles_comments,fit,97774,15,10,10,2025,696,404,178.54575061798096,32.04532902407593,33000,48887,48666,221,99.54793707938717,396
articles_comments_mcs15_nn10_ms10_seed2026_ef30a59ca809abff,paper2_test,article_passage,articles_comments,fit,97774,15,10,10,2026,711,478,194.56073968857527,54.05731585083969,22022,48887,48449,438,99.10405629308406,473
articles_comments_mcs15_nn10_ms10_seed2026_ef30a59ca809abff,paper2_test,comment,articles_comments,fit,97774,15,10,10,2026,711,478,194.56073968857527,31.10233804487901,33530,48887,48735,152,99.68907889623007,460
articles_comments_mcs15_nn10_ms10_seed2027_9e91e4478298b7ab,paper2_test,article_passage,articles_comments,fit,97774,15,10,10,2027,685,411,179.45174621790648,54.07777118661403,21906,48887,48343,544,98.88722973387608,408
articles_comments_mcs15_nn10_ms10_seed2027_9e91e4478298b7ab,paper2_test,comment,articles_comments,fit,97774,15,10,10,2027,685,411,179.45174621790648,34.83134575654059,31651,48887,48679,208,99.5745290158938,402
articles_comments_mcs15_nn10_ms15_seed2025_eb7a25cbe59c76f1,paper2_test,article_passage,articles_comments,fit,97774,15,10,15,2025,579,444,181.54258980229497,51.15265817088388,23427,48887,48434,453,99.07337328942255,440
articles_comments_mcs15_nn10_ms15_seed2025_eb7a25cbe59c76f1,paper2_test,comment,articles_comments,fit,97774,15,10,15,2025,579,444,181.54258980229497,31.48894389101397,33340,48887,48734,153,99.68703336265264,435
articles_comments_mcs15_nn10_ms15_seed2026_3a95f6f6cc156aa0,paper2_test,article_passage,articles_comments,fit,97774,15,10,15,2026,557,306,167.47610092535615,52.95477325260294,22175,48887,48063,824,98.31448033219465,304
articles_comments_mcs15_nn10_ms15_seed2026_3a95f6f6cc156aa0,paper2_test,comment,articles_comments,fit,97774,15,10,15,2026,557,306,167.47610092535615,31.118702313498474,33420,48887,48633,254,99.48043447133185,300
articles_comments_mcs15_nn10_ms15_seed2027_661c7f49359be3ab,paper2_test,article_passage,articles_comments,fit,97774,15,10,15,2027,522,360,171.9454068467021,54.95939615848794,21383,48887,48251,636,98.69904064475217,357
articles_comments_mcs15_nn10_ms15_seed2027_661c7f49359be3ab,paper2_test,comment,articles_comments,fit,97774,15,10,15,2027,522,360,171.9454068467021,34.348599832266245,31885,48887,48677,210,99.57043794873893,353
articles_comments_mcs15_nn15_ms1_seed2025_a9ddf4e8502b48c6,paper2_test,article_passage,articles_comments,fit,97774,15,15,1,2025,1219,578,206.79741870611906,61.62169902018941,18462,48887,48587,300,99.38633992676989,573
articles_comments_mcs15_nn15_ms1_seed2025_a9ddf4e8502b48c6,paper2_test,comment,articles_comments,fit,97774,15,15,1,2025,1219,578,206.79741870611906,41.651154703704464,28380,48887,48742,145,99.70339763127211,567
articles_comments_mcs15_nn15_ms1_seed2026_7288d7ef881c1fb1,paper2_test,article_passage,articles_comments,fit,97774,15,15,1,2026,1216,957,194.55722308158875,62.1003538773089,18386,48887,48745,142,99.70953423200442,947
articles_comments_mcs15_nn15_ms1_seed2026_7288d7ef881c1fb1,paper2_test,comment,articles_comments,fit,97774,15,15,1,2026,1216,957,194.55722308158875,41.88025446437703,28346,48887,48820,67,99.86294925031194,924
articles_comments_mcs15_nn15_ms1_seed2027_1e512a82e0082160,paper2_test,article_passage,articles_comments,fit,97774,15,15,1,2027,1223,492,204.29273114725947,61.49896700554339,18457,48887,48522,365,99.25338024423671,490
articles_comments_mcs15_nn15_ms1_seed2027_1e512a82e0082160,paper2_test,comment,articles_comments,fit,97774,15,15,1,2027,1223,492,204.29273114725947,42.115490825781905,28154,48887,48743,144,99.70544316484956,484
articles_comments_mcs15_nn15_ms3_seed2025_8bb9b34b5b285f49,paper2_test,article_passage,articles_comments,fit,97774,15,15,3,2025,888,767,193.78760497272015,61.42737333033321,18664,48887,48694,193,99.6052120195553,757
articles_comments_mcs15_nn15_ms3_seed2025_8bb9b34b5b285f49,paper2_test,comment,articles_comments,fit,97774,15,15,3,2025,888,767,193.78760497272015,35.38977642317999,31506,48887,48807,80,99.83635731380531,742
articles_comments_mcs15_nn15_ms3_seed2026_1e7e158a9fb6fab8,paper2_test,article_passage,articles_comments,fit,97774,15,15,3,2026,913,730,180.8825685940683,58.316116759056605,20158,48887,48667,220,99.5499826129646,724
articles_comments_mcs15_nn15_ms3_seed2026_1e7e158a9fb6fab8,paper2_test,comment,articles_comments,fit,97774,15,15,3,2026,913,730,180.8825685940683,33.91903778100517,32202,48887,48784,103,99.78931004152433,706
articles_comments_mcs15_nn15_ms3_seed2027_9e0728e5a94228f4,paper2_test,article_passage,articles_comments,fit,97774,15,15,3,2027,925,756,190.68892013654113,57.8967823756827,20366,48887,48670,217,99.55611921369689,748
articles_comments_mcs15_nn15_ms3_seed2027_9e0728e5a94228f4,paper2_test,comment,articles_comments,fit,97774,15,15,3,2027,925,756,190.68892013654113,33.35651604721092,32510,48887,48817,70,99.85681264957964,728
articles_comments_mcs15_nn15_ms5_seed2025_80e042fa5ba9b3bd,paper2_test,article_passage,articles_comments,fit,97774,15,15,5,2025,786,614,189.44229937717319,55.75715425368707,21361,48887,48619,268,99.45179700124778,604
articles_comments_mcs15_nn15_ms5_seed2025_80e042fa5ba9b3bd,paper2_test,comment,articles_comments,fit,97774,15,15,5,2025,786,614,189.44229937717319,32.12510483359584,33072,48887,48777,110,99.77499130648229,595
articles_comments_mcs15_nn15_ms5_seed2026_e19d368e02e0c8f0,paper2_test,article_passage,articles_comments,fit,97774,15,15,5,2026,760,643,172.54896953329444,57.485630126618524,20525,48887,48628,259,99.47020680344468,638
articles_comments_mcs15_nn15_ms5_seed2026_e19d368e02e0c8f0,paper2_test,comment,articles_comments,fit,97774,15,15,5,2026,760,643,172.54896953329444,30.71982326589891,33765,48887,48783,104,99.78726450794689,622
articles_comments_mcs15_nn15_ms5_seed2027_024f0e5b356a605c,paper2_test,article_passage,articles_comments,fit,97774,15,15,5,2027,748,626,178.1218232885003,56.344222390410536,21078,48887,48623,264,99.4599791355575,621
articles_comments_mcs15_nn15_ms5_seed2027_024f0e5b356a605c,paper2_test,comment,articles_comments,fit,97774,15,15,5,2027,748,626,178.1218232885003,31.139157649272814,33572,48887,48795,92,99.81181091087609,604
articles_comments_mcs15_nn15_ms10_seed2025_bf687702bb7ad0d6,paper2_test,article_passage,articles_comments,fit,97774,15,15,10,2025,575,410,189.53879887983203,54.3130075480189,21836,48887,48388,499,98.9792787448606,407
articles_comments_mcs15_nn15_ms10_seed2025_bf687702bb7ad0d6,paper2_test,comment,articles_comments,fit,97774,15,15,10,2025,575,410,189.53879887983203,31.40916808149406,33365,48887,48720,167,99.65839589256858,399
articles_comments_mcs15_nn15_ms10_seed2026_2ba54c1f88d94e39,paper2_test,article_passage,articles_comments,fit,97774,15,15,10,2026,613,528,173.6599096953869,54.697567860576434,21817,48887,48557,330,99.32497391944689,523
articles_comments_mcs15_nn15_ms10_seed2026_2ba54c1f88d94e39,paper2_test,comment,articles_comments,fit,97774,15,15,10,2026,613,528,173.6599096953869,28.222226767852394,34967,48887,48764,123,99.74839936997566,516
articles_comments_mcs15_nn15_ms10_seed2027_274a06a4a1b87499,paper2_test,article_passage,articles_comments,fit,97774,15,15,10,2027,580,395,177.88477086648345,54.82439094237732,21513,48887,48315,572,98.82995479370794,394
articles_comments_mcs15_nn15_ms10_seed2027_274a06a4a1b87499,paper2_test,comment,articles_comments,fit,97774,15,15,10,2027,580,395,177.88477086648345,29.60500746619756,34193,48887,48666,221,99.54793707938717,384
articles_comments_mcs15_nn15_ms15_seed2025_6c4cfc140518d849,paper2_test,article_passage,articles_comments,fit,97774,15,15,15,2025,480,296,195.91458210349083,54.12277292531756,21664,48887,48123,764,98.43721234684068,294
articles_comments_mcs15_nn15_ms15_seed2025_6c4cfc140518d849,paper2_test,comment,articles_comments,fit,97774,15,15,15,2025,480,296,195.91458210349083,29.96297584224845,33987,48887,48635,252,99.48452553848671,291
articles_comments_mcs15_nn15_ms15_seed2026_17d2fc8dcdc6339b,paper2_test,article_passage,articles_comments,fit,97774,15,15,15,2026,491,405,180.45931081846356,50.258759997545354,23868,48887,48438,449,99.08155542373228,403
articles_comments_mcs15_nn15_ms15_seed2026_17d2fc8dcdc6339b,paper2_test,comment,articles_comments,fit,97774,15,15,15,2026,491,405,180.45931081846356,27.90312352977274,35078,48887,48719,168,99.65635035899115,396
articles_comments_mcs15_nn15_ms15_seed2027_0fee98d9e3e6c376,paper2_test,article_passage,articles_comments,fit,97774,15,15,15,2027,477,318,180.66556663438678,53.90390083253217,21866,48887,48218,669,98.63153803669688,318
articles_comments_mcs15_nn15_ms15_seed2027_0fee98d9e3e6c376,paper2_test,comment,articles_comments,fit,97774,15,15,15,2027,477,318,180.66556663438678,32.421707202323724,32776,48887,48626,261,99.46611573628981,313
articles_comments_mcs15_nn20_ms1_seed2025_679a63a05992804d,paper2_test,article_passage,articles_comments,fit,97774,15,20,1,2025,1118,383,185.01104616373777,62.38877411172704,17840,48887,48340,547,98.88109313314378,382
articles_comments_mcs15_nn20_ms1_seed2025_679a63a05992804d,paper2_test,comment,articles_comments,fit,97774,15,20,1,2025,1118,383,185.01104616373777,40.933172418025244,28641,48887,48652,235,99.51929960930309,370
articles_comments_mcs15_nn20_ms1_seed2026_8b0d2c07bc4e2edf,paper2_test,article_passage,articles_comments,fit,97774,15,20,1,2026,1097,898,185.85148907452822,62.42354818254342,18202,48887,48719,168,99.65635035899115,888
articles_comments_mcs15_nn20_ms1_seed2026_8b0d2c07bc4e2edf,paper2_test,comment,articles_comments,fit,97774,15,20,1,2026,1097,898,185.85148907452822,41.00885716039029,28773,48887,48821,66,99.86499478388939,870
articles_comments_mcs15_nn20_ms1_seed2027_c3226a8bfd6f7733,paper2_test,article_passage,articles_comments,fit,97774,15,20,1,2027,1201,1008,186.07925685867667,60.19187104956328,19289,48887,48715,172,99.64816822468141,995
articles_comments_mcs15_nn20_ms1_seed2027_c3226a8bfd6f7733,paper2_test,comment,articles_comments,fit,97774,15,20,1,2027,1201,1008,186.07925685867667,39.80403788328186,29357,48887,48816,71,99.85476711600221,976
articles_comments_mcs15_nn20_ms3_seed2025_d8c892b83b2f5224,paper2_test,article_passage,articles_comments,fit,97774,15,20,3,2025,848,708,192.97501313313842,56.83515044899462,20867,48887,48652,235,99.51929960930309,700
articles_comments_mcs15_nn20_ms3_seed2025_d8c892b83b2f5224,paper2_test,comment,articles_comments,fit,97774,15,20,3,2025,848,708,192.97501313313842,30.846646347699796,33707,48887,48787,100,99.79544664225664,681
articles_comments_mcs15_nn20_ms3_seed2026_5ea1f301fb703ba0,paper2_test,article_passage,articles_comments,fit,97774,15,20,3,2026,800,668,192.85141577199101,57.812915499007914,20388,48887,48651,236,99.51725407572566,658
articles_comments_mcs15_nn20_ms3_seed2026_5ea1f301fb703ba0,paper2_test,comment,articles_comments,fit,97774,15,20,3,2026,800,668,192.85141577199101,32.10874056497637,33094,48887,48791,96,99.80362877656637,638
articles_comments_mcs15_nn20_ms3_seed2027_196e417b270bd8fa,paper2_test,article_passage,articles_comments,fit,97774,15,20,3,2027,818,493,188.5960511751473,57.943829647963675,20182,48887,48509,378,99.22678830773008,490
articles_comments_mcs15_nn20_ms3_seed2027_196e417b270bd8fa,paper2_test,comment,articles_comments,fit,97774,15,20,3,2027,818,493,188.5960511751473,30.417084296438723,33826,48887,48696,191,99.60930308671017,484
articles_comments_mcs15_nn20_ms5_seed2025_abe2ca1ab80657ae,paper2_test,article_passage,articles_comments,fit,97774,15,20,5,2025,701,591,192.2355467043817,55.97602634647247,21238,48887,48603,284,99.41906846400884,583
articles_comments_mcs15_nn20_ms5_seed2025_abe2ca1ab80657ae,paper2_test,comment,articles_comments,fit,97774,15,20,5,2025,701,591,192.2355467043817,28.700881624971874,34742,48887,48773,114,99.76680917217257,571
articles_comments_mcs15_nn20_ms5_seed2026_8e5c91c0a13a85f6,paper2_test,article_passage,articles_comments,fit,97774,15,20,5,2026,657,245,191.628406137228,55.35622967251007,20773,48887,47835,1052,97.84809867653978,244
articles_comments_mcs15_nn20_ms5_seed2026_8e5c91c0a13a85f6,paper2_test,comment,articles_comments,fit,97774,15,20,5,2026,657,245,191.628406137228,28.304048110949743,34614,48887,48451,436,99.10814736023892,240
articles_comments_mcs15_nn20_ms5_seed2027_66aec6b0414645be,paper2_test,article_passage,articles_comments,fit,97774,15,20,5,2027,690,578,192.1478949971497,56.387178595536646,21034,48887,48600,287,99.41293186327653,574
articles_comments_mcs15_nn20_ms5_seed2027_66aec6b0414645be,paper2_test,comment,articles_comments,fit,97774,15,20,5,2027,690,578,192.1478949971497,28.635424550493997,34776,48887,48775,112,99.77090023932743,563
articles_comments_mcs15_nn20_ms10_seed2025_eb1af86570b01ead,paper2_test,article_passage,articles_comments,fit,97774,15,20,10,2025,549,417,178.06128633394837,52.81772250291489,22584,48887,48405,482,99.01405281567696,415
articles_comments_mcs15_nn20_ms10_seed2025_eb1af86570b01ead,paper2_test,comment,articles_comments,fit,97774,15,20,10,2025,549,417,178.06128633394837,27.142185038967416,35421,48887,48690,197,99.59702988524558,403
articles_comments_mcs15_nn20_ms10_seed2026_f3b33fbf8c3f2a45,paper2_test,article_passage,articles_comments,fit,97774,15,20,10,2026,538,258,177.54750805348158,53.61343506453659,21687,48887,47897,990,97.97492175834066,258
articles_comments_mcs15_nn20_ms10_seed2026_f3b33fbf8c3f2a45,paper2_test,comment,articles_comments,fit,97774,15,20,10,2026,538,258,177.54750805348158,29.90774643565774,33941,48887,48562,325,99.33520158733405,251
articles_comments_mcs15_nn20_ms10_seed2027_38afd9ea8765de1e,paper2_test,article_passage,articles_comments,fit,97774,15,20,10,2027,545,461,178.96689282730222,53.202282815472415,22485,48887,48494,393,99.19610530406857,456
articles_comments_mcs15_nn20_ms10_seed2027_38afd9ea8765de1e,paper2_test,comment,articles_comments,fit,97774,15,20,10,2027,545,461,178.96689282730222,27.404013336878926,35360,48887,48757,130,99.73408063493362,450
articles_comments_mcs15_nn20_ms15_seed2025_c89921d622930fa5,paper2_test,article_passage,articles_comments,fit,97774,15,20,15,2025,446,293,177.55660144239664,50.3221715384458,23500,48887,48101,786,98.39221060813713,292
articles_comments_mcs15_nn20_ms15_seed2025_c89921d622930fa5,paper2_test,comment,articles_comments,fit,97774,15,20,15,2025,446,293,177.55660144239664,26.002822836336858,35895,48887,48607,280,99.42725059831858,284
articles_comments_mcs15_nn20_ms15_seed2026_92d3b7c79c1af2d7,paper2_test,article_passage,articles_comments,fit,97774,15,20,15,2026,444,246,186.5908070243895,51.856321721521056,22530,48887,47881,1006,97.94219322110173,246
articles_comments_mcs15_nn20_ms15_seed2026_92d3b7c79c1af2d7,paper2_test,comment,articles_comments,fit,97774,15,20,15,2026,444,246,186.5908070243895,26.8742201403236,35392,48887,48530,357,99.26974451285618,242
articles_comments_mcs15_nn20_ms15_seed2027_54e526c82da69b26,paper2_test,article_passage,articles_comments,fit,97774,15,20,15,2027,417,245,177.34575654938817,53.216601550514454,21946,48887,47962,925,98.10788144087385,245
articles_comments_mcs15_nn20_ms15_seed2027_54e526c82da69b26,paper2_test,comment,articles_comments,fit,97774,15,20,15,2027,417,245,177.34575654938817,30.768916071757317,33478,48887,48520,367,99.24928917708185,240
