term,efron,exact,difference_exact_minus_efron,absolute_difference,sign_agreement,material_sign_flip
log_words,0.552897786877143,0.592348330255204,0.0394505433780605,0.0394505433780605,TRUE,FALSE
sentiment_positive,0.158749340316889,0.155319787036638,-0.00342955328025038,0.00342955328025038,TRUE,FALSE
sentiment_negative,0.164975502385828,0.167044419020893,0.00206891663506473,0.00206891663506473,TRUE,FALSE
toxicity_probability,-0.0212320040049574,-0.0322270942202206,-0.0109950902152632,0.0109950902152632,TRUE,FALSE
lexdiv_length_adjusted,0.0238639128887079,0.03277119663793,0.00890728374922206,0.00890728374922206,TRUE,FALSE
url_present,-0.425371975259898,-0.446093733860396,-0.0207217586004972,0.0207217586004972,TRUE,FALSE
article_similarity_top3,0.0476874032109029,0.0291162716878107,-0.0185711315230921,0.0185711315230921,TRUE,FALSE
log_hours_since_article,-1.26588286363445,-1.32231625598251,-0.0564333923480684,0.0564333923480684,TRUE,FALSE
prior_reply_composition,-0.284317652225738,-0.291793479671398,-0.0074758274456595,0.0074758274456595,TRUE,FALSE
discussion_pace,-0.257110376964312,-0.271843993906166,-0.0147336169418538,0.0147336169418538,TRUE,FALSE
log_author_prior_30d_comments,-0.119237521719373,-0.128534765903134,-0.00929724418376125,0.00929724418376125,TRUE,FALSE
author_prior_30d_upvote_reception,0.269543293343183,0.276078898029539,0.00653560468635606,0.00653560468635606,TRUE,FALSE
aqua_relevance_expected,0.0343575009103256,0.0267128644989095,-0.00764463641141616,0.00764463641141616,TRUE,FALSE
aqua_fact_expected,-0.0611450219699461,-0.0467872166178131,0.014357805352133,0.014357805352133,TRUE,FALSE
aqua_justification_expected,0.0393100170532197,0.0203092052238113,-0.0190008118294085,0.0190008118294085,TRUE,FALSE
aqua_respect_expected,0.2038268003494,0.222995002495101,0.019168202145701,0.019168202145701,TRUE,FALSE
novelty_prior_all_model,-0.15483522451613,-0.175840320088372,-0.0210050955722428,0.0210050955722428,TRUE,FALSE
is_reply,-2.67662507002289,-2.71563223021106,-0.0390071601881714,0.0390071601881714,TRUE,FALSE
reply_depth_centered,-1.08064375007939,-1.07827897341193,0.00236477666745194,0.00236477666745194,TRUE,FALSE
log_words:curator,-0.0138200867038696,-0.0259601278035214,-0.0121400410996518,0.0121400410996518,TRUE,FALSE
sentiment_positive:curator,-0.00464804388076146,0.00161698579139519,0.00626502967215666,0.00626502967215666,FALSE,FALSE
sentiment_negative:curator,-0.25708946397153,-0.272047725131213,-0.0149582611596835,0.0149582611596835,TRUE,FALSE
toxicity_probability:curator,-0.152027241976745,-0.159482534372024,-0.00745529239527915,0.00745529239527915,TRUE,FALSE
lexdiv_length_adjusted:curator,-0.00212506615195354,-0.00711903549737722,-0.00499396934542368,0.00499396934542368,TRUE,FALSE
url_present:curator,1.33744754733376,1.45022977460217,0.112782227268409,0.112782227268409,TRUE,FALSE
article_similarity_top3:curator,0.155700539007156,0.159395684543335,0.00369514553617931,0.00369514553617931,TRUE,FALSE
log_hours_since_article:curator,-0.024648659842704,-0.0545595373866647,-0.0299108775439607,0.0299108775439607,TRUE,FALSE
prior_reply_composition:curator,0.104534685344618,0.13115298095077,0.0266182956061513,0.0266182956061513,TRUE,FALSE
discussion_pace:curator,0.277655595922257,0.265562500929938,-0.0120930949923191,0.0120930949923191,TRUE,FALSE
log_author_prior_30d_comments:curator,0.00911150750958499,0.0187110719247114,0.00959956441512639,0.00959956441512639,TRUE,FALSE
author_prior_30d_upvote_reception:curator,-0.039036540112848,-0.0360488777610439,0.00298766235180403,0.00298766235180403,TRUE,FALSE
aqua_relevance_expected:curator,0.147018618858102,0.152735794207705,0.00571717534960278,0.00571717534960278,TRUE,FALSE
aqua_fact_expected:curator,-0.162302117503154,-0.171537791334644,-0.00923567383149052,0.00923567383149052,TRUE,FALSE
aqua_justification_expected:curator,0.393791420527934,0.44738995824175,0.0535985377138161,0.0535985377138161,TRUE,FALSE
aqua_respect_expected:curator,-0.0423559299467975,-0.0385931722094433,0.00376275773735427,0.00376275773735427,TRUE,FALSE
novelty_prior_all_model:curator,0.0267920953751373,0.0248604809935041,-0.00193161438163313,0.00193161438163313,TRUE,FALSE
is_reply:curator,-1.25907892709606,-1.27866372934074,-0.0195848022446781,0.0195848022446781,TRUE,FALSE
reply_depth_centered:curator,0.639243657912482,0.629312743489173,-0.00993091442330907,0.00993091442330907,TRUE,FALSE
